match_id,over,phase,batsman,batsman_style,batsman_class,bowler,bowler_type,bowler_quality,pitch_type,venue_avg_score,balls_faced_before_over,score_before_over,wkts_down_before_over,runs_in_over,wicket_in_over,boundaries_in_over
1,1,powerplay,KL Rahul,RHB,solid,H Patel,pace,avg,slow_turner,153,0,0,0,0,0,0
1,2,powerplay,KL Rahul,RHB,solid,Y Chahal,spin,good,slow_turner,153,6,0,0,0,1,0
1,3,powerplay,R Parag,RHB,avg,M Shami,pace,good,slow_turner,153,0,0,1,0,1,0
1,4,powerplay,V Kohli,RHB,top,R Jadeja,spin,good,slow_turner,153,0,0,2,6,0,0
1,5,powerplay,V Kohli,RHB,top,A Rashid,spin,elite,slow_turner,153,6,6,2,0,1,0
1,6,powerplay,N Pooran,LHB,top,J Bumrah,pace,elite,slow_turner,153,0,6,3,2,0,0
1,7,middle,N Pooran,LHB,top,H Patel,pace,avg,slow_turner,153,6,8,3,11,1,1
1,8,middle,H Pandya,RHB,solid,Y Chahal,spin,good,slow_turner,153,0,19,4,7,1,1
1,9,middle,S Yadav,RHB,top,M Shami,pace,good,slow_turner,153,0,26,5,2,0,0
1,10,middle,S Yadav,RHB,top,R Jadeja,spin,good,slow_turner,153,6,28,5,4,0,0
1,11,middle,S Yadav,RHB,top,A Rashid,spin,elite,slow_turner,153,12,32,5,3,0,0
1,12,middle,S Yadav,RHB,top,J Bumrah,pace,elite,slow_turner,153,18,35,5,9,1,0
2,1,powerplay,R Sharma,RHB,top,A Rashid,spin,elite,seaming_track,175,0,0,0,2,1,0
2,2,powerplay,N Pooran,LHB,top,K Ahmed,pace,avg,seaming_track,175,0,2,1,9,0,0
2,3,powerplay,N Pooran,LHB,top,J Bumrah,pace,elite,seaming_track,175,6,11,1,4,1,0
2,4,powerplay,H Pandya,RHB,solid,Y Chahal,spin,good,seaming_track,175,0,15,2,2,0,0
2,5,powerplay,H Pandya,RHB,solid,R Jadeja,spin,good,seaming_track,175,6,17,2,5,1,0
2,6,powerplay,S Yadav,RHB,top,M Shami,pace,good,seaming_track,175,0,22,3,8,0,0
2,7,middle,S Yadav,RHB,top,A Rashid,spin,elite,seaming_track,175,6,30,3,1,1,0
2,8,middle,R Parag,RHB,avg,K Ahmed,pace,avg,seaming_track,175,0,31,4,4,0,0
2,9,middle,R Parag,RHB,avg,J Bumrah,pace,elite,seaming_track,175,6,35,4,3,1,0
2,10,middle,S Gill,RHB,solid,Y Chahal,spin,good,seaming_track,175,0,38,5,5,0,0
2,11,middle,S Gill,RHB,solid,R Jadeja,spin,good,seaming_track,175,6,43,5,7,1,0
3,1,powerplay,N Pooran,LHB,top,M Shami,pace,good,balanced,168,0,0,0,7,0,0
3,2,powerplay,N Pooran,LHB,top,K Ahmed,pace,avg,balanced,168,6,7,0,7,0,1
3,3,powerplay,N Pooran,LHB,top,H Patel,pace,avg,balanced,168,12,14,0,15,1,1
3,4,powerplay,R Sharma,RHB,top,J Bumrah,pace,elite,balanced,168,0,29,1,3,1,0
3,5,powerplay,D Padikkal,LHB,avg,T Boult,pace,good,balanced,168,0,32,2,5,0,0
3,6,powerplay,D Padikkal,LHB,avg,A Rashid,spin,elite,balanced,168,6,37,2,7,0,0
3,7,middle,D Padikkal,LHB,avg,M Shami,pace,good,balanced,168,12,44,2,10,0,0
3,8,middle,D Padikkal,LHB,avg,K Ahmed,pace,avg,balanced,168,18,54,2,3,1,0
3,9,middle,R Parag,RHB,avg,H Patel,pace,avg,balanced,168,0,57,3,7,0,0
3,10,middle,R Parag,RHB,avg,J Bumrah,pace,elite,balanced,168,6,64,3,1,0,0
3,11,middle,R Parag,RHB,avg,T Boult,pace,good,balanced,168,12,65,3,3,1,0
3,12,middle,KL Rahul,RHB,solid,A Rashid,spin,elite,balanced,168,0,68,4,2,1,0
3,13,middle,V Kohli,RHB,top,M Shami,pace,good,balanced,168,0,70,5,7,0,0
3,14,middle,V Kohli,RHB,top,K Ahmed,pace,avg,balanced,168,6,77,5,4,0,0
3,15,middle,V Kohli,RHB,top,H Patel,pace,avg,balanced,168,12,81,5,14,0,1
3,16,death,V Kohli,RHB,top,J Bumrah,pace,elite,balanced,168,18,95,5,7,0,0
3,17,death,V Kohli,RHB,top,T Boult,pace,good,balanced,168,24,102,5,17,0,2
3,18,death,V Kohli,RHB,top,A Rashid,spin,elite,balanced,168,30,119,5,11,0,1
3,19,death,V Kohli,RHB,top,M Shami,pace,good,balanced,168,36,130,5,14,0,1
3,20,death,V Kohli,RHB,top,K Ahmed,pace,avg,balanced,168,42,144,5,14,0,1
4,1,powerplay,S Gill,RHB,solid,R Jadeja,spin,good,balanced,140,0,0,0,9,0,0
4,2,powerplay,S Gill,RHB,solid,A Rashid,spin,elite,balanced,140,6,9,0,6,0,0
4,3,powerplay,S Gill,RHB,solid,K Ahmed,pace,avg,balanced,140,12,15,0,7,0,1
4,4,powerplay,S Gill,RHB,solid,Y Chahal,spin,good,balanced,140,18,22,0,9,0,0
4,5,powerplay,S Gill,RHB,solid,J Bumrah,pace,elite,balanced,140,24,31,0,6,0,0
4,6,powerplay,S Gill,RHB,solid,H Patel,pace,avg,balanced,140,30,37,0,6,0,0
4,7,middle,S Gill,RHB,solid,R Jadeja,spin,good,balanced,140,36,43,0,8,1,0
4,8,middle,R Parag,RHB,avg,A Rashid,spin,elite,balanced,140,0,51,1,4,1,0
4,9,middle,KL Rahul,RHB,solid,K Ahmed,pace,avg,balanced,140,0,55,2,5,0,0
4,10,middle,KL Rahul,RHB,solid,Y Chahal,spin,good,balanced,140,6,60,2,7,0,0
4,11,middle,KL Rahul,RHB,solid,J Bumrah,pace,elite,balanced,140,12,67,2,3,1,0
4,12,middle,H Pandya,RHB,solid,H Patel,pace,avg,balanced,140,0,70,3,5,1,0
4,13,middle,N Pooran,LHB,top,R Jadeja,spin,good,balanced,140,0,75,4,11,1,0
4,14,middle,R Pant,LHB,top,A Rashid,spin,elite,balanced,140,0,86,5,5,1,0
5,1,powerplay,D Padikkal,LHB,avg,Y Chahal,spin,good,seaming_track,169,0,0,0,2,0,0
5,2,powerplay,D Padikkal,LHB,avg,A Rashid,spin,elite,seaming_track,169,6,2,0,0,1,0
5,3,powerplay,R Sharma,RHB,top,K Ahmed,pace,avg,seaming_track,169,0,2,1,8,0,0
5,4,powerplay,R Sharma,RHB,top,R Jadeja,spin,good,seaming_track,169,6,10,1,2,1,0
5,5,powerplay,KL Rahul,RHB,solid,J Bumrah,pace,elite,seaming_track,169,0,12,2,4,0,0
5,6,powerplay,KL Rahul,RHB,solid,H Patel,pace,avg,seaming_track,169,6,16,2,7,0,0
5,7,middle,KL Rahul,RHB,solid,Y Chahal,spin,good,seaming_track,169,12,23,2,6,0,0
5,8,middle,KL Rahul,RHB,solid,A Rashid,spin,elite,seaming_track,169,18,29,2,8,0,0
5,9,middle,KL Rahul,RHB,solid,K Ahmed,pace,avg,seaming_track,169,24,37,2,7,0,0
5,10,middle,KL Rahul,RHB,solid,R Jadeja,spin,good,seaming_track,169,30,44,2,3,0,0
5,11,middle,KL Rahul,RHB,solid,J Bumrah,pace,elite,seaming_track,169,36,47,2,6,1,0
5,12,middle,V Kohli,RHB,top,H Patel,pace,avg,seaming_track,169,0,53,3,7,0,0
5,13,middle,V Kohli,RHB,top,Y Chahal,spin,good,seaming_track,169,6,60,3,3,0,0
5,14,middle,V Kohli,RHB,top,A Rashid,spin,elite,seaming_track,169,12,63,3,7,1,0
5,15,middle,S Gill,RHB,solid,K Ahmed,pace,avg,seaming_track,169,0,70,4,5,1,0
5,16,death,N Pooran,LHB,top,R Jadeja,spin,good,seaming_track,169,0,75,5,2,1,0
6,1,powerplay,V Kohli,RHB,top,Y Chahal,spin,good,seaming_track,155,0,0,0,6,0,0
6,2,powerplay,V Kohli,RHB,top,K Ahmed,pace,avg,seaming_track,155,6,6,0,7,0,0
6,3,powerplay,V Kohli,RHB,top,M Shami,pace,good,seaming_track,155,12,13,0,9,0,1
6,4,powerplay,V Kohli,RHB,top,T Boult,pace,good,seaming_track,155,18,22,0,8,0,0
6,5,powerplay,V Kohli,RHB,top,H Patel,pace,avg,seaming_track,155,24,30,0,14,1,1
6,6,powerplay,R Pant,LHB,top,R Jadeja,spin,good,seaming_track,155,0,44,1,10,0,0
6,7,middle,R Pant,LHB,top,Y Chahal,spin,good,seaming_track,155,6,54,1,4,0,0
6,8,middle,R Pant,LHB,top,K Ahmed,pace,avg,seaming_track,155,12,58,1,8,0,0
6,9,middle,R Pant,LHB,top,M Shami,pace,good,seaming_track,155,18,66,1,13,0,1
6,10,middle,R Pant,LHB,top,T Boult,pace,good,seaming_track,155,24,79,1,7,0,0
6,11,middle,R Pant,LHB,top,H Patel,pace,avg,seaming_track,155,30,86,1,13,0,2
6,12,middle,R Pant,LHB,top,R Jadeja,spin,good,seaming_track,155,36,99,1,7,0,0
6,13,middle,R Pant,LHB,top,Y Chahal,spin,good,seaming_track,155,42,106,1,5,1,0
6,14,middle,N Pooran,LHB,top,K Ahmed,pace,avg,seaming_track,155,0,111,2,11,1,0
6,15,middle,R Parag,RHB,avg,M Shami,pace,good,seaming_track,155,0,122,3,3,0,0
6,16,death,R Parag,RHB,avg,T Boult,pace,good,seaming_track,155,6,125,3,4,0,0
6,17,death,R Parag,RHB,avg,H Patel,pace,avg,seaming_track,155,12,129,3,4,1,0
6,18,death,D Padikkal,LHB,avg,R Jadeja,spin,good,seaming_track,155,0,133,4,4,0,0
6,19,death,D Padikkal,LHB,avg,Y Chahal,spin,good,seaming_track,155,6,137,4,4,1,0
6,20,death,S Yadav,RHB,top,K Ahmed,pace,avg,seaming_track,155,0,141,5,10,0,0
7,1,powerplay,N Pooran,LHB,top,Y Chahal,spin,good,slow_turner,192,0,0,0,2,0,0
7,2,powerplay,N Pooran,LHB,top,R Jadeja,spin,good,slow_turner,192,6,2,0,0,1,0
7,3,powerplay,D Padikkal,LHB,avg,K Ahmed,pace,avg,slow_turner,192,0,2,1,12,0,1
7,4,powerplay,D Padikkal,LHB,avg,A Rashid,spin,elite,slow_turner,192,6,14,1,1,1,0
7,5,powerplay,R Pant,LHB,top,M Shami,pace,good,slow_turner,192,0,15,2,7,0,0
7,6,powerplay,R Pant,LHB,top,J Bumrah,pace,elite,slow_turner,192,6,22,2,7,0,0
7,7,middle,R Pant,LHB,top,Y Chahal,spin,good,slow_turner,192,12,29,2,3,1,0
7,8,middle,R Parag,RHB,avg,R Jadeja,spin,good,slow_turner,192,0,32,3,3,0,0
7,9,middle,R Parag,RHB,avg,K Ahmed,pace,avg,slow_turner,192,6,35,3,4,0,0
7,10,middle,R Parag,RHB,avg,A Rashid,spin,elite,slow_turner,192,12,39,3,0,1,0
7,11,middle,KL Rahul,RHB,solid,M Shami,pace,good,slow_turner,192,0,39,4,6,0,0
7,12,middle,KL Rahul,RHB,solid,J Bumrah,pace,elite,slow_turner,192,6,45,4,2,0,0
7,13,middle,KL Rahul,RHB,solid,Y Chahal,spin,good,slow_turner,192,12,47,4,5,0,0
7,14,middle,KL Rahul,RHB,solid,R Jadeja,spin,good,slow_turner,192,18,52,4,3,0,0
7,15,middle,KL Rahul,RHB,solid,K Ahmed,pace,avg,slow_turner,192,24,55,4,5,1,0
7,16,death,S Yadav,RHB,top,A Rashid,spin,elite,slow_turner,192,0,60,5,2,1,0
8,1,powerplay,H Pandya,RHB,solid,R Jadeja,spin,good,balanced,111,0,0,0,6,1,1
8,2,powerplay,R Sharma,RHB,top,T Boult,pace,good,balanced,111,0,6,1,8,0,1
8,3,powerplay,R Sharma,RHB,top,M Shami,pace,good,balanced,111,6,14,1,6,1,0
8,4,powerplay,S Gill,RHB,solid,Y Chahal,spin,good,balanced,111,0,20,2,10,0,1
8,5,powerplay,S Gill,RHB,solid,K Ahmed,pace,avg,balanced,111,6,30,2,0,1,1
8,6,powerplay,N Pooran,LHB,top,A Rashid,spin,elite,balanced,111,0,30,3,10,1,0
8,7,middle,V Kohli,RHB,top,R Jadeja,spin,good,balanced,111,0,40,4,6,1,0
8,8,middle,D Padikkal,LHB,avg,T Boult,pace,good,balanced,111,0,46,5,3,0,0
8,9,middle,D Padikkal,LHB,avg,M Shami,pace,good,balanced,111,6,49,5,5,0,0
8,10,middle,D Padikkal,LHB,avg,Y Chahal,spin,good,balanced,111,12,54,5,2,1,0
9,1,powerplay,R Sharma,RHB,top,H Patel,pace,avg,batting_paradise,193,0,0,0,10,0,0
9,2,powerplay,R Sharma,RHB,top,T Boult,pace,good,batting_paradise,193,6,10,0,7,0,0
9,3,powerplay,R Sharma,RHB,top,M Shami,pace,good,batting_paradise,193,12,17,0,17,0,1
9,4,powerplay,R Sharma,RHB,top,R Jadeja,spin,good,batting_paradise,193,18,34,0,10,0,0
9,5,powerplay,R Sharma,RHB,top,Y Chahal,spin,good,batting_paradise,193,24,44,0,13,0,2
9,6,powerplay,R Sharma,RHB,top,A Rashid,spin,elite,batting_paradise,193,30,57,0,6,0,0
9,7,middle,R Sharma,RHB,top,H Patel,pace,avg,batting_paradise,193,36,63,0,10,1,1
9,8,middle,D Padikkal,LHB,avg,T Boult,pace,good,batting_paradise,193,0,73,1,5,0,0
9,9,middle,D Padikkal,LHB,avg,M Shami,pace,good,batting_paradise,193,6,78,1,7,0,0
9,10,middle,D Padikkal,LHB,avg,R Jadeja,spin,good,batting_paradise,193,12,85,1,4,0,1
9,11,middle,D Padikkal,LHB,avg,Y Chahal,spin,good,batting_paradise,193,18,89,1,5,0,0
9,12,middle,D Padikkal,LHB,avg,A Rashid,spin,elite,batting_paradise,193,24,94,1,8,1,0
9,13,middle,R Parag,RHB,avg,H Patel,pace,avg,batting_paradise,193,0,102,2,4,0,1
9,14,middle,R Parag,RHB,avg,T Boult,pace,good,batting_paradise,193,6,106,2,8,0,0
9,15,middle,R Parag,RHB,avg,M Shami,pace,good,batting_paradise,193,12,114,2,3,1,0
9,16,death,KL Rahul,RHB,solid,R Jadeja,spin,good,batting_paradise,193,0,117,3,5,1,0
9,17,death,R Pant,LHB,top,Y Chahal,spin,good,batting_paradise,193,0,122,4,12,1,1
9,18,death,H Pandya,RHB,solid,A Rashid,spin,elite,batting_paradise,193,0,134,5,4,1,1
10,1,powerplay,D Padikkal,LHB,avg,A Rashid,spin,elite,balanced,153,0,0,0,5,0,0
10,2,powerplay,D Padikkal,LHB,avg,T Boult,pace,good,balanced,153,6,5,0,3,0,0
10,3,powerplay,D Padikkal,LHB,avg,M Shami,pace,good,balanced,153,12,8,0,5,0,0
10,4,powerplay,D Padikkal,LHB,avg,H Patel,pace,avg,balanced,153,18,13,0,13,1,1
10,5,powerplay,S Gill,RHB,solid,Y Chahal,spin,good,balanced,153,0,26,1,2,0,0
10,6,powerplay,S Gill,RHB,solid,R Jadeja,spin,good,balanced,153,6,28,1,8,0,1
10,7,middle,S Gill,RHB,solid,A Rashid,spin,elite,balanced,153,12,36,1,1,1,0
10,8,middle,R Pant,LHB,top,T Boult,pace,good,balanced,153,0,37,2,10,0,0
10,9,middle,R Pant,LHB,top,M Shami,pace,good,balanced,153,6,47,2,11,0,0
10,10,middle,R Pant,LHB,top,H Patel,pace,avg,balanced,153,12,58,2,10,0,0
10,11,middle,R Pant,LHB,top,Y Chahal,spin,good,balanced,153,18,68,2,8,0,1
10,12,middle,R Pant,LHB,top,R Jadeja,spin,good,balanced,153,24,76,2,5,0,0
10,13,middle,R Pant,LHB,top,A Rashid,spin,elite,balanced,153,30,81,2,9,0,0
10,14,middle,R Pant,LHB,top,T Boult,pace,good,balanced,153,36,90,2,10,0,0
10,15,middle,R Pant,LHB,top,M Shami,pace,good,balanced,153,42,100,2,14,0,1
10,16,death,R Pant,LHB,top,H Patel,pace,avg,balanced,153,48,114,2,14,0,1
10,17,death,R Pant,LHB,top,Y Chahal,spin,good,balanced,153,54,128,2,7,1,0
10,18,death,R Sharma,RHB,top,R Jadeja,spin,good,balanced,153,0,135,3,4,0,1
10,19,death,R Sharma,RHB,top,A Rashid,spin,elite,balanced,153,6,139,3,2,1,1
10,20,death,S Yadav,RHB,top,T Boult,pace,good,balanced,153,0,141,4,11,1,0
11,1,powerplay,R Pant,LHB,top,H Patel,pace,avg,seaming_track,181,0,0,0,8,0,0
11,2,powerplay,R Pant,LHB,top,T Boult,pace,good,seaming_track,181,6,8,0,11,0,0
11,3,powerplay,R Pant,LHB,top,R Jadeja,spin,good,seaming_track,181,12,19,0,6,1,0
11,4,powerplay,H Pandya,RHB,solid,K Ahmed,pace,avg,seaming_track,181,0,25,1,10,0,0
11,5,powerplay,H Pandya,RHB,solid,Y Chahal,spin,good,seaming_track,181,6,35,1,9,0,0
11,6,powerplay,H Pandya,RHB,solid,M Shami,pace,good,seaming_track,181,12,44,1,4,0,0
11,7,middle,H Pandya,RHB,solid,H Patel,pace,avg,seaming_track,181,18,48,1,10,0,0
11,8,middle,H Pandya,RHB,solid,T Boult,pace,good,seaming_track,181,24,58,1,6,0,0
11,9,middle,H Pandya,RHB,solid,R Jadeja,spin,good,seaming_track,181,30,64,1,2,0,0
11,10,middle,H Pandya,RHB,solid,K Ahmed,pace,avg,seaming_track,181,36,66,1,12,1,1
11,11,middle,S Yadav,RHB,top,Y Chahal,spin,good,seaming_track,181,0,78,2,2,1,0
11,12,middle,KL Rahul,RHB,solid,M Shami,pace,good,seaming_track,181,0,80,3,1,1,0
11,13,middle,R Parag,RHB,avg,H Patel,pace,avg,seaming_track,181,0,81,4,5,1,0
11,14,middle,S Gill,RHB,solid,T Boult,pace,good,seaming_track,181,0,86,5,4,1,0
12,1,powerplay,V Kohli,RHB,top,Y Chahal,spin,good,batting_paradise,140,0,0,0,8,0,0
12,2,powerplay,V Kohli,RHB,top,K Ahmed,pace,avg,batting_paradise,140,6,8,0,11,0,0
12,3,powerplay,V Kohli,RHB,top,A Rashid,spin,elite,batting_paradise,140,12,19,0,13,0,2
12,4,powerplay,V Kohli,RHB,top,H Patel,pace,avg,batting_paradise,140,18,32,0,17,0,1
12,5,powerplay,V Kohli,RHB,top,T Boult,pace,good,batting_paradise,140,24,49,0,11,0,0
12,6,powerplay,V Kohli,RHB,top,J Bumrah,pace,elite,batting_paradise,140,30,60,0,9,0,0
12,7,middle,V Kohli,RHB,top,Y Chahal,spin,good,batting_paradise,140,36,69,0,15,0,1
12,8,middle,V Kohli,RHB,top,K Ahmed,pace,avg,batting_paradise,140,42,84,0,19,0,2
12,9,middle,V Kohli,RHB,top,A Rashid,spin,elite,batting_paradise,140,48,103,0,11,0,1
12,10,middle,V Kohli,RHB,top,H Patel,pace,avg,batting_paradise,140,54,114,0,14,0,1
12,11,middle,V Kohli,RHB,top,T Boult,pace,good,batting_paradise,140,60,128,0,12,1,1
12,12,middle,S Gill,RHB,solid,J Bumrah,pace,elite,batting_paradise,140,0,140,1,1,1,0
12,13,middle,H Pandya,RHB,solid,Y Chahal,spin,good,batting_paradise,140,0,141,2,5,1,0
12,14,middle,D Padikkal,LHB,avg,K Ahmed,pace,avg,batting_paradise,140,0,146,3,3,1,0
12,15,middle,R Parag,RHB,avg,A Rashid,spin,elite,batting_paradise,140,0,149,4,2,0,1
12,16,death,R Parag,RHB,avg,H Patel,pace,avg,batting_paradise,140,6,151,4,9,1,0
12,17,death,N Pooran,LHB,top,T Boult,pace,good,batting_paradise,140,0,160,5,9,0,1
12,18,death,N Pooran,LHB,top,J Bumrah,pace,elite,batting_paradise,140,6,169,5,11,1,0
13,1,powerplay,H Pandya,RHB,solid,J Bumrah,pace,elite,batting_paradise,173,0,0,0,6,0,0
13,2,powerplay,H Pandya,RHB,solid,K Ahmed,pace,avg,batting_paradise,173,6,6,0,14,0,1
13,3,powerplay,H Pandya,RHB,solid,A Rashid,spin,elite,batting_paradise,173,12,20,0,6,0,0
13,4,powerplay,H Pandya,RHB,solid,Y Chahal,spin,good,batting_paradise,173,18,26,0,5,0,0
13,5,powerplay,H Pandya,RHB,solid,R Jadeja,spin,good,batting_paradise,173,24,31,0,4,1,1
13,6,powerplay,N Pooran,LHB,top,M Shami,pace,good,batting_paradise,173,0,35,1,7,0,0
13,7,middle,N Pooran,LHB,top,J Bumrah,pace,elite,batting_paradise,173,6,42,1,7,0,0
13,8,middle,N Pooran,LHB,top,K Ahmed,pace,avg,batting_paradise,173,12,49,1,5,0,0
13,9,middle,N Pooran,LHB,top,A Rashid,spin,elite,batting_paradise,173,18,54,1,8,0,0
13,10,middle,N Pooran,LHB,top,Y Chahal,spin,good,batting_paradise,173,24,62,1,9,0,0
13,11,middle,N Pooran,LHB,top,R Jadeja,spin,good,batting_paradise,173,30,71,1,12,0,1
13,12,middle,N Pooran,LHB,top,M Shami,pace,good,batting_paradise,173,36,83,1,10,1,0
13,13,middle,D Padikkal,LHB,avg,J Bumrah,pace,elite,batting_paradise,173,0,93,2,1,1,0
13,14,middle,S Yadav,RHB,top,K Ahmed,pace,avg,batting_paradise,173,0,94,3,8,0,1
13,15,middle,S Yadav,RHB,top,A Rashid,spin,elite,batting_paradise,173,6,102,3,4,0,1
13,16,death,S Yadav,RHB,top,Y Chahal,spin,good,batting_paradise,173,12,106,3,14,0,2
13,17,death,S Yadav,RHB,top,R Jadeja,spin,good,batting_paradise,173,18,120,3,11,0,0
13,18,death,S Yadav,RHB,top,M Shami,pace,good,batting_paradise,173,24,131,3,16,0,2
13,19,death,S Yadav,RHB,top,J Bumrah,pace,elite,batting_paradise,173,30,147,3,18,0,1
13,20,death,S Yadav,RHB,top,K Ahmed,pace,avg,batting_paradise,173,36,165,3,29,0,2
14,1,powerplay,S Gill,RHB,solid,J Bumrah,pace,elite,batting_paradise,186,0,0,0,4,1,0
14,2,powerplay,R Parag,RHB,avg,H Patel,pace,avg,batting_paradise,186,0,4,1,6,0,0
14,3,powerplay,R Parag,RHB,avg,Y Chahal,spin,good,batting_paradise,186,6,10,1,7,1,0
14,4,powerplay,D Padikkal,LHB,avg,M Shami,pace,good,batting_paradise,186,0,17,2,5,0,0
14,5,powerplay,D Padikkal,LHB,avg,R Jadeja,spin,good,batting_paradise,186,6,22,2,4,1,0
14,6,powerplay,N Pooran,LHB,top,A Rashid,spin,elite,batting_paradise,186,0,26,3,8,0,0
14,7,middle,N Pooran,LHB,top,J Bumrah,pace,elite,batting_paradise,186,6,34,3,6,0,1
14,8,middle,N Pooran,LHB,top,H Patel,pace,avg,batting_paradise,186,12,40,3,18,0,1
14,9,middle,N Pooran,LHB,top,Y Chahal,spin,good,batting_paradise,186,18,58,3,8,1,1
14,10,middle,H Pandya,RHB,solid,M Shami,pace,good,batting_paradise,186,0,66,4,0,1,0
14,11,middle,S Yadav,RHB,top,R Jadeja,spin,good,batting_paradise,186,0,66,5,6,0,1
14,12,middle,S Yadav,RHB,top,A Rashid,spin,elite,batting_paradise,186,6,72,5,3,1,0
15,1,powerplay,R Parag,RHB,avg,J Bumrah,pace,elite,slow_turner,167,0,0,0,2,1,1
15,2,powerplay,S Gill,RHB,solid,K Ahmed,pace,avg,slow_turner,167,0,2,1,2,1,0
15,3,powerplay,R Pant,LHB,top,Y Chahal,spin,good,slow_turner,167,0,4,2,8,0,0
15,4,powerplay,R Pant,LHB,top,A Rashid,spin,elite,slow_turner,167,6,12,2,3,0,0
15,5,powerplay,R Pant,LHB,top,M Shami,pace,good,slow_turner,167,12,15,2,9,1,1
15,6,powerplay,KL Rahul,RHB,solid,T Boult,pace,good,slow_turner,167,0,24,3,5,1,0
15,7,middle,S Yadav,RHB,top,J Bumrah,pace,elite,slow_turner,167,0,29,4,5,1,1
15,8,middle,R Sharma,RHB,top,K Ahmed,pace,avg,slow_turner,167,0,34,5,10,0,0
15,9,middle,R Sharma,RHB,top,Y Chahal,spin,good,slow_turner,167,6,44,5,2,1,0
16,1,powerplay,R Parag,RHB,avg,Y Chahal,spin,good,seaming_track,142,0,0,0,5,0,0
16,2,powerplay,R Parag,RHB,avg,H Patel,pace,avg,seaming_track,142,6,5,0,0,1,0
16,3,powerplay,R Sharma,RHB,top,K Ahmed,pace,avg,seaming_track,142,0,5,1,12,0,2
16,4,powerplay,R Sharma,RHB,top,R Jadeja,spin,good,seaming_track,142,6,17,1,0,1,0
16,5,powerplay,V Kohli,RHB,top,J Bumrah,pace,elite,seaming_track,142,0,17,2,7,0,0
16,6,powerplay,V Kohli,RHB,top,M Shami,pace,good,seaming_track,142,6,24,2,1,0,0
16,7,middle,V Kohli,RHB,top,Y Chahal,spin,good,seaming_track,142,12,25,2,3,1,0
16,8,middle,N Pooran,LHB,top,H Patel,pace,avg,seaming_track,142,0,28,3,8,0,0
16,9,middle,N Pooran,LHB,top,K Ahmed,pace,avg,seaming_track,142,6,36,3,8,0,0
16,10,middle,N Pooran,LHB,top,R Jadeja,spin,good,seaming_track,142,12,44,3,8,0,0
16,11,middle,N Pooran,LHB,top,J Bumrah,pace,elite,seaming_track,142,18,52,3,4,1,0
16,12,middle,S Yadav,RHB,top,M Shami,pace,good,seaming_track,142,0,56,4,6,0,1
16,13,middle,S Yadav,RHB,top,Y Chahal,spin,good,seaming_track,142,6,62,4,8,0,0
16,14,middle,S Yadav,RHB,top,H Patel,pace,avg,seaming_track,142,12,70,4,12,0,1
16,15,middle,S Yadav,RHB,top,K Ahmed,pace,avg,seaming_track,142,18,82,4,11,1,1
16,16,death,D Padikkal,LHB,avg,R Jadeja,spin,good,seaming_track,142,0,93,5,7,0,0
16,17,death,D Padikkal,LHB,avg,J Bumrah,pace,elite,seaming_track,142,6,100,5,6,1,1
17,1,powerplay,KL Rahul,RHB,solid,H Patel,pace,avg,seaming_track,167,0,0,0,8,0,0
17,2,powerplay,KL Rahul,RHB,solid,R Jadeja,spin,good,seaming_track,167,6,8,0,4,1,1
17,3,powerplay,S Yadav,RHB,top,K Ahmed,pace,avg,seaming_track,167,0,12,1,10,1,0
17,4,powerplay,R Pant,LHB,top,T Boult,pace,good,seaming_track,167,0,22,2,10,0,0
17,5,powerplay,R Pant,LHB,top,M Shami,pace,good,seaming_track,167,6,32,2,6,0,0
17,6,powerplay,R Pant,LHB,top,J Bumrah,pace,elite,seaming_track,167,12,38,2,8,1,1
17,7,middle,R Sharma,RHB,top,H Patel,pace,avg,seaming_track,167,0,46,3,4,1,0
17,8,middle,S Gill,RHB,solid,R Jadeja,spin,good,seaming_track,167,0,50,4,2,0,0
17,9,middle,S Gill,RHB,solid,K Ahmed,pace,avg,seaming_track,167,6,52,4,4,0,0
17,10,middle,S Gill,RHB,solid,T Boult,pace,good,seaming_track,167,12,56,4,5,0,0
17,11,middle,S Gill,RHB,solid,M Shami,pace,good,seaming_track,167,18,61,4,3,0,0
17,12,middle,S Gill,RHB,solid,J Bumrah,pace,elite,seaming_track,167,24,64,4,5,0,1
17,13,middle,S Gill,RHB,solid,H Patel,pace,avg,seaming_track,167,30,69,4,4,0,0
17,14,middle,S Gill,RHB,solid,R Jadeja,spin,good,seaming_track,167,36,73,4,5,1,0
17,15,middle,H Pandya,RHB,solid,K Ahmed,pace,avg,seaming_track,167,0,78,5,1,1,0
18,1,powerplay,S Gill,RHB,solid,H Patel,pace,avg,slow_turner,176,0,0,0,9,0,0
18,2,powerplay,S Gill,RHB,solid,A Rashid,spin,elite,slow_turner,176,6,9,0,4,1,0
18,3,powerplay,KL Rahul,RHB,solid,T Boult,pace,good,slow_turner,176,0,13,1,4,0,0
18,4,powerplay,KL Rahul,RHB,solid,K Ahmed,pace,avg,slow_turner,176,6,17,1,8,1,0
18,5,powerplay,N Pooran,LHB,top,Y Chahal,spin,good,slow_turner,176,0,25,2,8,1,0
18,6,powerplay,V Kohli,RHB,top,J Bumrah,pace,elite,slow_turner,176,0,33,3,1,1,0
18,7,middle,R Parag,RHB,avg,H Patel,pace,avg,slow_turner,176,0,34,4,3,0,0
18,8,middle,R Parag,RHB,avg,A Rashid,spin,elite,slow_turner,176,6,37,4,5,0,0
18,9,middle,R Parag,RHB,avg,T Boult,pace,good,slow_turner,176,12,42,4,3,0,0
18,10,middle,R Parag,RHB,avg,K Ahmed,pace,avg,slow_turner,176,18,45,4,8,0,0
18,11,middle,R Parag,RHB,avg,Y Chahal,spin,good,slow_turner,176,24,53,4,4,0,0
18,12,middle,R Parag,RHB,avg,J Bumrah,pace,elite,slow_turner,176,30,57,4,2,0,0
18,13,middle,R Parag,RHB,avg,H Patel,pace,avg,slow_turner,176,36,59,4,3,0,0
18,14,middle,R Parag,RHB,avg,A Rashid,spin,elite,slow_turner,176,42,62,4,7,0,0
18,15,middle,R Parag,RHB,avg,T Boult,pace,good,slow_turner,176,48,69,4,0,1,0
18,16,death,D Padikkal,LHB,avg,K Ahmed,pace,avg,slow_turner,176,0,69,5,2,0,0
18,17,death,D Padikkal,LHB,avg,Y Chahal,spin,good,slow_turner,176,6,71,5,4,0,0
18,18,death,D Padikkal,LHB,avg,J Bumrah,pace,elite,slow_turner,176,12,75,5,3,1,0
19,1,powerplay,H Pandya,RHB,solid,T Boult,pace,good,batting_paradise,168,0,0,0,7,0,0
19,2,powerplay,H Pandya,RHB,solid,Y Chahal,spin,good,batting_paradise,168,6,7,0,7,1,0
19,3,powerplay,KL Rahul,RHB,solid,R Jadeja,spin,good,batting_paradise,168,0,14,1,4,1,0
19,4,powerplay,R Sharma,RHB,top,M Shami,pace,good,batting_paradise,168,0,18,2,13,0,2
19,5,powerplay,R Sharma,RHB,top,A Rashid,spin,elite,batting_paradise,168,6,31,2,3,1,0
19,6,powerplay,D Padikkal,LHB,avg,K Ahmed,pace,avg,batting_paradise,168,0,34,3,4,0,1
19,7,middle,D Padikkal,LHB,avg,T Boult,pace,good,batting_paradise,168,6,38,3,5,1,0
19,8,middle,V Kohli,RHB,top,Y Chahal,spin,good,batting_paradise,168,0,43,4,10,0,0
19,9,middle,V Kohli,RHB,top,R Jadeja,spin,good,batting_paradise,168,6,53,4,6,1,0
19,10,middle,S Gill,RHB,solid,M Shami,pace,good,batting_paradise,168,0,59,5,4,0,0
19,11,middle,S Gill,RHB,solid,A Rashid,spin,elite,batting_paradise,168,6,63,5,1,0,0
19,12,middle,S Gill,RHB,solid,K Ahmed,pace,avg,batting_paradise,168,12,64,5,10,0,0
19,13,middle,S Gill,RHB,solid,T Boult,pace,good,batting_paradise,168,18,74,5,10,0,0
19,14,middle,S Gill,RHB,solid,Y Chahal,spin,good,batting_paradise,168,24,84,5,5,0,0
19,15,middle,S Gill,RHB,solid,R Jadeja,spin,good,batting_paradise,168,30,89,5,5,0,0
19,16,death,S Gill,RHB,solid,M Shami,pace,good,batting_paradise,168,36,94,5,16,0,1
19,17,death,S Gill,RHB,solid,A Rashid,spin,elite,batting_paradise,168,42,110,5,2,1,0
20,1,powerplay,H Pandya,RHB,solid,M Shami,pace,good,seaming_track,189,0,0,0,5,0,0
20,2,powerplay,H Pandya,RHB,solid,T Boult,pace,good,seaming_track,189,6,5,0,3,1,0
20,3,powerplay,R Parag,RHB,avg,R Jadeja,spin,good,seaming_track,189,0,8,1,4,1,0
20,4,powerplay,S Yadav,RHB,top,J Bumrah,pace,elite,seaming_track,189,0,12,2,4,0,0
20,5,powerplay,S Yadav,RHB,top,A Rashid,spin,elite,seaming_track,189,6,16,2,0,1,0
20,6,powerplay,S Gill,RHB,solid,H Patel,pace,avg,seaming_track,189,0,16,3,6,0,0
20,7,middle,S Gill,RHB,solid,M Shami,pace,good,seaming_track,189,6,22,3,5,1,1
20,8,middle,N Pooran,LHB,top,T Boult,pace,good,seaming_track,189,0,27,4,10,1,0
20,9,middle,R Pant,LHB,top,R Jadeja,spin,good,seaming_track,189,0,37,5,10,0,0
20,10,middle,R Pant,LHB,top,J Bumrah,pace,elite,seaming_track,189,6,47,5,6,0,0
20,11,middle,R Pant,LHB,top,A Rashid,spin,elite,seaming_track,189,12,53,5,5,1,0
21,1,powerplay,S Yadav,RHB,top,K Ahmed,pace,avg,balanced,189,0,0,0,8,0,0
21,2,powerplay,S Yadav,RHB,top,J Bumrah,pace,elite,balanced,189,6,8,0,8,1,0
21,3,powerplay,N Pooran,LHB,top,R Jadeja,spin,good,balanced,189,0,16,1,4,0,0
21,4,powerplay,N Pooran,LHB,top,T Boult,pace,good,balanced,189,6,20,1,10,1,0
21,5,powerplay,H Pandya,RHB,solid,M Shami,pace,good,balanced,189,0,30,2,5,1,0
21,6,powerplay,R Pant,LHB,top,A Rashid,spin,elite,balanced,189,0,35,3,1,0,1
21,7,middle,R Pant,LHB,top,K Ahmed,pace,avg,balanced,189,6,36,3,15,0,1
21,8,middle,R Pant,LHB,top,J Bumrah,pace,elite,balanced,189,12,51,3,7,0,0
21,9,middle,R Pant,LHB,top,R Jadeja,spin,good,balanced,189,18,58,3,11,0,0
21,10,middle,R Pant,LHB,top,T Boult,pace,good,balanced,189,24,69,3,8,1,0
21,11,middle,D Padikkal,LHB,avg,M Shami,pace,good,balanced,189,0,77,4,2,0,0
21,12,middle,D Padikkal,LHB,avg,A Rashid,spin,elite,balanced,189,6,79,4,1,1,0
21,13,middle,S Gill,RHB,solid,K Ahmed,pace,avg,balanced,189,0,80,5,2,0,1
21,14,middle,S Gill,RHB,solid,J Bumrah,pace,elite,balanced,189,6,82,5,6,0,0
21,15,middle,S Gill,RHB,solid,R Jadeja,spin,good,balanced,189,12,88,5,7,0,0
21,16,death,S Gill,RHB,solid,T Boult,pace,good,balanced,189,18,95,5,10,0,0
21,17,death,S Gill,RHB,solid,M Shami,pace,good,balanced,189,24,105,5,8,0,0
21,18,death,S Gill,RHB,solid,A Rashid,spin,elite,balanced,189,30,113,5,5,1,1
22,1,powerplay,R Pant,LHB,top,J Bumrah,pace,elite,seaming_track,126,0,0,0,5,1,0
22,2,powerplay,V Kohli,RHB,top,A Rashid,spin,elite,seaming_track,126,0,5,1,3,0,0
22,3,powerplay,V Kohli,RHB,top,T Boult,pace,good,seaming_track,126,6,8,1,8,0,0
22,4,powerplay,V Kohli,RHB,top,M Shami,pace,good,seaming_track,126,12,16,1,9,1,1
22,5,powerplay,R Sharma,RHB,top,R Jadeja,spin,good,seaming_track,126,0,25,2,6,0,0
22,6,powerplay,R Sharma,RHB,top,H Patel,pace,avg,seaming_track,126,6,31,2,5,0,0
22,7,middle,R Sharma,RHB,top,J Bumrah,pace,elite,seaming_track,126,12,36,2,5,0,0
22,8,middle,R Sharma,RHB,top,A Rashid,spin,elite,seaming_track,126,18,41,2,6,0,0
22,9,middle,R Sharma,RHB,top,T Boult,pace,good,seaming_track,126,24,47,2,7,1,0
22,10,middle,KL Rahul,RHB,solid,M Shami,pace,good,seaming_track,126,0,54,3,4,0,0
22,11,middle,KL Rahul,RHB,solid,R Jadeja,spin,good,seaming_track,126,6,58,3,5,0,0
22,12,middle,KL Rahul,RHB,solid,H Patel,pace,avg,seaming_track,126,12,63,3,8,0,1
22,13,middle,KL Rahul,RHB,solid,J Bumrah,pace,elite,seaming_track,126,18,71,3,5,0,0
22,14,middle,KL Rahul,RHB,solid,A Rashid,spin,elite,seaming_track,126,24,76,3,7,0,0
22,15,middle,KL Rahul,RHB,solid,T Boult,pace,good,seaming_track,126,30,83,3,3,0,0
22,16,death,KL Rahul,RHB,solid,M Shami,pace,good,seaming_track,126,36,86,3,11,0,0
22,17,death,KL Rahul,RHB,solid,R Jadeja,spin,good,seaming_track,126,42,97,3,7,1,1
22,18,death,S Yadav,RHB,top,H Patel,pace,avg,seaming_track,126,0,104,4,6,0,0
22,19,death,S Yadav,RHB,top,J Bumrah,pace,elite,seaming_track,126,6,110,4,10,0,0
22,20,death,S Yadav,RHB,top,A Rashid,spin,elite,seaming_track,126,12,120,4,2,0,0
23,1,powerplay,R Pant,LHB,top,H Patel,pace,avg,balanced,172,0,0,0,14,0,1
23,2,powerplay,R Pant,LHB,top,R Jadeja,spin,good,balanced,172,6,14,0,6,0,0
23,3,powerplay,R Pant,LHB,top,K Ahmed,pace,avg,balanced,172,12,20,0,6,0,0
23,4,powerplay,R Pant,LHB,top,A Rashid,spin,elite,balanced,172,18,26,0,8,0,0
23,5,powerplay,R Pant,LHB,top,T Boult,pace,good,balanced,172,24,34,0,10,0,1
23,6,powerplay,R Pant,LHB,top,J Bumrah,pace,elite,balanced,172,30,44,0,8,0,1
23,7,middle,R Pant,LHB,top,H Patel,pace,avg,balanced,172,36,52,0,5,1,0
23,8,middle,R Parag,RHB,avg,R Jadeja,spin,good,balanced,172,0,57,1,3,0,0
23,9,middle,R Parag,RHB,avg,K Ahmed,pace,avg,balanced,172,6,60,1,5,0,1
23,10,middle,R Parag,RHB,avg,A Rashid,spin,elite,balanced,172,12,65,1,2,1,0
23,11,middle,S Gill,RHB,solid,T Boult,pace,good,balanced,172,0,67,2,9,1,0
23,12,middle,N Pooran,LHB,top,J Bumrah,pace,elite,balanced,172,0,76,3,7,0,0
23,13,middle,N Pooran,LHB,top,H Patel,pace,avg,balanced,172,6,83,3,12,0,1
23,14,middle,N Pooran,LHB,top,R Jadeja,spin,good,balanced,172,12,95,3,11,0,0
23,15,middle,N Pooran,LHB,top,K Ahmed,pace,avg,balanced,172,18,106,3,14,0,1
23,16,death,N Pooran,LHB,top,A Rashid,spin,elite,balanced,172,24,120,3,8,0,1
23,17,death,N Pooran,LHB,top,T Boult,pace,good,balanced,172,30,128,3,14,1,1
23,18,death,KL Rahul,RHB,solid,J Bumrah,pace,elite,balanced,172,0,142,4,7,0,0
23,19,death,KL Rahul,RHB,solid,H Patel,pace,avg,balanced,172,6,149,4,6,1,0
23,20,death,D Padikkal,LHB,avg,R Jadeja,spin,good,balanced,172,0,155,5,0,1,0
24,1,powerplay,R Parag,RHB,avg,A Rashid,spin,elite,balanced,128,0,0,0,6,0,0
24,2,powerplay,R Parag,RHB,avg,J Bumrah,pace,elite,balanced,128,6,6,0,6,0,0
24,3,powerplay,R Parag,RHB,avg,T Boult,pace,good,balanced,128,12,12,0,6,0,0
24,4,powerplay,R Parag,RHB,avg,M Shami,pace,good,balanced,128,18,18,0,6,0,0
24,5,powerplay,R Parag,RHB,avg,H Patel,pace,avg,balanced,128,24,24,0,10,0,0
24,6,powerplay,R Parag,RHB,avg,Y Chahal,spin,good,balanced,128,30,34,0,4,1,0
24,7,middle,R Pant,LHB,top,A Rashid,spin,elite,balanced,128,0,38,1,11,1,1
24,8,middle,D Padikkal,LHB,avg,J Bumrah,pace,elite,balanced,128,0,49,2,2,1,0
24,9,middle,H Pandya,RHB,solid,T Boult,pace,good,balanced,128,0,51,3,7,0,0
24,10,middle,H Pandya,RHB,solid,M Shami,pace,good,balanced,128,6,58,3,2,1,0
24,11,middle,N Pooran,LHB,top,H Patel,pace,avg,balanced,128,0,60,4,7,1,0
24,12,middle,S Yadav,RHB,top,Y Chahal,spin,good,balanced,128,0,67,5,6,0,0
24,13,middle,S Yadav,RHB,top,A Rashid,spin,elite,balanced,128,6,73,5,3,1,0
25,1,powerplay,S Yadav,RHB,top,A Rashid,spin,elite,slow_turner,164,0,0,0,5,0,0
25,2,powerplay,S Yadav,RHB,top,K Ahmed,pace,avg,slow_turner,164,6,5,0,8,0,0
25,3,powerplay,S Yadav,RHB,top,H Patel,pace,avg,slow_turner,164,12,13,0,8,1,1
25,4,powerplay,KL Rahul,RHB,solid,R Jadeja,spin,good,slow_turner,164,0,21,1,4,0,0
25,5,powerplay,KL Rahul,RHB,solid,M Shami,pace,good,slow_turner,164,6,25,1,7,0,0
25,6,powerplay,KL Rahul,RHB,solid,T Boult,pace,good,slow_turner,164,12,32,1,5,1,0
25,7,middle,R Parag,RHB,avg,A Rashid,spin,elite,slow_turner,164,0,37,2,2,0,0
25,8,middle,R Parag,RHB,avg,K Ahmed,pace,avg,slow_turner,164,6,39,2,3,1,0
25,9,middle,H Pandya,RHB,solid,H Patel,pace,avg,slow_turner,164,0,42,3,6,0,0
25,10,middle,H Pandya,RHB,solid,R Jadeja,spin,good,slow_turner,164,6,48,3,8,0,0
25,11,middle,H Pandya,RHB,solid,M Shami,pace,good,slow_turner,164,12,56,3,6,0,0
25,12,middle,H Pandya,RHB,solid,T Boult,pace,good,slow_turner,164,18,62,3,9,0,0
25,13,middle,H Pandya,RHB,solid,A Rashid,spin,elite,slow_turner,164,24,71,3,3,0,0
25,14,middle,H Pandya,RHB,solid,K Ahmed,pace,avg,slow_turner,164,30,74,3,10,0,0
25,15,middle,H Pandya,RHB,solid,H Patel,pace,avg,slow_turner,164,36,84,3,6,0,0
25,16,death,H Pandya,RHB,solid,R Jadeja,spin,good,slow_turner,164,42,90,3,7,1,0
25,17,death,N Pooran,LHB,top,M Shami,pace,good,slow_turner,164,0,97,4,4,1,0
25,18,death,V Kohli,RHB,top,T Boult,pace,good,slow_turner,164,0,101,5,5,1,0
26,1,powerplay,D Padikkal,LHB,avg,A Rashid,spin,elite,seaming_track,168,0,0,0,5,1,0
26,2,powerplay,KL Rahul,RHB,solid,M Shami,pace,good,seaming_track,168,0,5,1,5,0,1
26,3,powerplay,KL Rahul,RHB,solid,H Patel,pace,avg,seaming_track,168,6,10,1,4,1,0
26,4,powerplay,V Kohli,RHB,top,R Jadeja,spin,good,seaming_track,168,0,14,2,7,0,0
26,5,powerplay,V Kohli,RHB,top,J Bumrah,pace,elite,seaming_track,168,6,21,2,3,0,0
26,6,powerplay,V Kohli,RHB,top,K Ahmed,pace,avg,seaming_track,168,12,24,2,4,0,0
26,7,middle,V Kohli,RHB,top,A Rashid,spin,elite,seaming_track,168,18,28,2,5,0,0
26,8,middle,V Kohli,RHB,top,M Shami,pace,good,seaming_track,168,24,33,2,6,0,0
26,9,middle,V Kohli,RHB,top,H Patel,pace,avg,seaming_track,168,30,39,2,12,1,1
26,10,middle,H Pandya,RHB,solid,R Jadeja,spin,good,seaming_track,168,0,51,3,3,0,0
26,11,middle,H Pandya,RHB,solid,J Bumrah,pace,elite,seaming_track,168,6,54,3,3,0,0
26,12,middle,H Pandya,RHB,solid,K Ahmed,pace,avg,seaming_track,168,12,57,3,11,0,0
26,13,middle,H Pandya,RHB,solid,A Rashid,spin,elite,seaming_track,168,18,68,3,3,0,1
26,14,middle,H Pandya,RHB,solid,M Shami,pace,good,seaming_track,168,24,71,3,7,0,0
26,15,middle,H Pandya,RHB,solid,H Patel,pace,avg,seaming_track,168,30,78,3,2,1,1
26,16,death,R Sharma,RHB,top,R Jadeja,spin,good,seaming_track,168,0,80,4,11,0,0
26,17,death,R Sharma,RHB,top,J Bumrah,pace,elite,seaming_track,168,6,91,4,11,0,0
26,18,death,R Sharma,RHB,top,K Ahmed,pace,avg,seaming_track,168,12,102,4,14,0,1
26,19,death,R Sharma,RHB,top,A Rashid,spin,elite,seaming_track,168,18,116,4,2,0,1
26,20,death,R Sharma,RHB,top,M Shami,pace,good,seaming_track,168,24,118,4,9,1,1
27,1,powerplay,H Pandya,RHB,solid,Y Chahal,spin,good,slow_turner,162,0,0,0,4,1,0
27,2,powerplay,N Pooran,LHB,top,R Jadeja,spin,good,slow_turner,162,0,4,1,4,1,0
27,3,powerplay,R Pant,LHB,top,H Patel,pace,avg,slow_turner,162,0,8,2,5,1,0
27,4,powerplay,R Sharma,RHB,top,T Boult,pace,good,slow_turner,162,0,13,3,4,1,0
27,5,powerplay,S Gill,RHB,solid,M Shami,pace,good,slow_turner,162,0,17,4,7,0,0
27,6,powerplay,S Gill,RHB,solid,A Rashid,spin,elite,slow_turner,162,6,24,4,4,0,0
27,7,middle,S Gill,RHB,solid,Y Chahal,spin,good,slow_turner,162,12,28,4,3,1,0
27,8,middle,R Parag,RHB,avg,R Jadeja,spin,good,slow_turner,162,0,31,5,6,1,0
28,1,powerplay,S Yadav,RHB,top,M Shami,pace,good,seaming_track,176,0,0,0,5,1,0
28,2,powerplay,V Kohli,RHB,top,H Patel,pace,avg,seaming_track,176,0,5,1,3,0,0
28,3,powerplay,V Kohli,RHB,top,T Boult,pace,good,seaming_track,176,6,8,1,3,0,0
28,4,powerplay,V Kohli,RHB,top,R Jadeja,spin,good,seaming_track,176,12,11,1,8,0,0
28,5,powerplay,V Kohli,RHB,top,K Ahmed,pace,avg,seaming_track,176,18,19,1,12,0,1
28,6,powerplay,V Kohli,RHB,top,J Bumrah,pace,elite,seaming_track,176,24,31,1,5,1,1
28,7,middle,S Gill,RHB,solid,M Shami,pace,good,seaming_track,176,0,36,2,3,1,0
28,8,middle,R Pant,LHB,top,H Patel,pace,avg,seaming_track,176,0,39,3,3,1,0
28,9,middle,R Sharma,RHB,top,T Boult,pace,good,seaming_track,176,0,42,4,6,1,0
28,10,middle,R Parag,RHB,avg,R Jadeja,spin,good,seaming_track,176,0,48,5,3,0,0
28,11,middle,R Parag,RHB,avg,K Ahmed,pace,avg,seaming_track,176,6,51,5,1,0,0
28,12,middle,R Parag,RHB,avg,J Bumrah,pace,elite,seaming_track,176,12,52,5,8,0,0
28,13,middle,R Parag,RHB,avg,M Shami,pace,good,seaming_track,176,18,60,5,1,0,0
28,14,middle,R Parag,RHB,avg,H Patel,pace,avg,seaming_track,176,24,61,5,11,0,0
28,15,middle,R Parag,RHB,avg,T Boult,pace,good,seaming_track,176,30,72,5,3,1,0
29,1,powerplay,S Yadav,RHB,top,H Patel,pace,avg,balanced,177,0,0,0,8,0,0
29,2,powerplay,S Yadav,RHB,top,K Ahmed,pace,avg,balanced,177,6,8,0,8,1,0
29,3,powerplay,S Gill,RHB,solid,T Boult,pace,good,balanced,177,0,16,1,7,0,0
29,4,powerplay,S Gill,RHB,solid,A Rashid,spin,elite,balanced,177,6,23,1,0,1,1
29,5,powerplay,R Sharma,RHB,top,R Jadeja,spin,good,balanced,177,0,23,2,2,0,0
29,6,powerplay,R Sharma,RHB,top,J Bumrah,pace,elite,balanced,177,6,25,2,6,1,0
29,7,middle,R Pant,LHB,top,H Patel,pace,avg,balanced,177,0,31,3,8,0,1
29,8,middle,R Pant,LHB,top,K Ahmed,pace,avg,balanced,177,6,39,3,5,1,1
29,9,middle,V Kohli,RHB,top,T Boult,pace,good,balanced,177,0,44,4,3,0,0
29,10,middle,V Kohli,RHB,top,A Rashid,spin,elite,balanced,177,6,47,4,4,1,0
29,11,middle,KL Rahul,RHB,solid,R Jadeja,spin,good,balanced,177,0,51,5,3,1,1
30,1,powerplay,R Sharma,RHB,top,K Ahmed,pace,avg,batting_paradise,170,0,0,0,15,0,1
30,2,powerplay,R Sharma,RHB,top,J Bumrah,pace,elite,batting_paradise,170,6,15,0,4,0,0
30,3,powerplay,R Sharma,RHB,top,H Patel,pace,avg,batting_paradise,170,12,19,0,20,0,1
30,4,powerplay,R Sharma,RHB,top,Y Chahal,spin,good,batting_paradise,170,18,39,0,9,0,0
30,5,powerplay,R Sharma,RHB,top,T Boult,pace,good,batting_paradise,170,24,48,0,8,0,0
30,6,powerplay,R Sharma,RHB,top,R Jadeja,spin,good,batting_paradise,170,30,56,0,3,1,0
30,7,middle,R Pant,LHB,top,K Ahmed,pace,avg,batting_paradise,170,0,59,1,13,1,1
30,8,middle,D Padikkal,LHB,avg,J Bumrah,pace,elite,batting_paradise,170,0,72,2,3,0,0
30,9,middle,D Padikkal,LHB,avg,H Patel,pace,avg,batting_paradise,170,6,75,2,6,0,1
30,10,middle,D Padikkal,LHB,avg,Y Chahal,spin,good,batting_paradise,170,12,81,2,7,0,0
30,11,middle,D Padikkal,LHB,avg,T Boult,pace,good,batting_paradise,170,18,88,2,5,0,0
30,12,middle,D Padikkal,LHB,avg,R Jadeja,spin,good,batting_paradise,170,24,93,2,4,0,0
30,13,middle,D Padikkal,LHB,avg,K Ahmed,pace,avg,batting_paradise,170,30,97,2,3,0,0
30,14,middle,D Padikkal,LHB,avg,J Bumrah,pace,elite,batting_paradise,170,36,100,2,5,1,0
30,15,middle,S Yadav,RHB,top,H Patel,pace,avg,batting_paradise,170,0,105,3,13,0,1
30,16,death,S Yadav,RHB,top,Y Chahal,spin,good,batting_paradise,170,6,118,3,20,0,1
30,17,death,S Yadav,RHB,top,T Boult,pace,good,batting_paradise,170,12,138,3,15,1,2
30,18,death,S Gill,RHB,solid,R Jadeja,spin,good,batting_paradise,170,0,153,4,7,0,0
30,19,death,S Gill,RHB,solid,K Ahmed,pace,avg,batting_paradise,170,6,160,4,13,0,2
30,20,death,S Gill,RHB,solid,J Bumrah,pace,elite,batting_paradise,170,12,173,4,5,0,0
31,1,powerplay,KL Rahul,RHB,solid,A Rashid,spin,elite,slow_turner,168,0,0,0,2,1,0
31,2,powerplay,S Yadav,RHB,top,T Boult,pace,good,slow_turner,168,0,2,1,6,0,0
31,3,powerplay,S Yadav,RHB,top,M Shami,pace,good,slow_turner,168,6,8,1,4,0,0
31,4,powerplay,S Yadav,RHB,top,K Ahmed,pace,avg,slow_turner,168,12,12,1,12,1,1
31,5,powerplay,R Parag,RHB,avg,Y Chahal,spin,good,slow_turner,168,0,24,2,4,1,0
31,6,powerplay,V Kohli,RHB,top,H Patel,pace,avg,slow_turner,168,0,28,3,7,0,0
31,7,middle,V Kohli,RHB,top,A Rashid,spin,elite,slow_turner,168,6,35,3,4,1,0
31,8,middle,R Sharma,RHB,top,T Boult,pace,good,slow_turner,168,0,39,4,7,0,0
31,9,middle,R Sharma,RHB,top,M Shami,pace,good,slow_turner,168,6,46,4,4,1,0
31,10,middle,H Pandya,RHB,solid,K Ahmed,pace,avg,slow_turner,168,0,50,5,4,0,0
31,11,middle,H Pandya,RHB,solid,Y Chahal,spin,good,slow_turner,168,6,54,5,2,1,0
32,1,powerplay,R Pant,LHB,top,M Shami,pace,good,slow_turner,185,0,0,0,5,0,0
32,2,powerplay,R Pant,LHB,top,A Rashid,spin,elite,slow_turner,185,6,5,0,3,1,1
32,3,powerplay,V Kohli,RHB,top,T Boult,pace,good,slow_turner,185,0,8,1,4,0,0
32,4,powerplay,V Kohli,RHB,top,K Ahmed,pace,avg,slow_turner,185,6,12,1,8,0,1
32,5,powerplay,V Kohli,RHB,top,H Patel,pace,avg,slow_turner,185,12,20,1,8,0,0
32,6,powerplay,V Kohli,RHB,top,Y Chahal,spin,good,slow_turner,185,18,28,1,4,0,0
32,7,middle,V Kohli,RHB,top,M Shami,pace,good,slow_turner,185,24,32,1,2,1,0
32,8,middle,H Pandya,RHB,solid,A Rashid,spin,elite,slow_turner,185,0,34,2,4,0,0
32,9,middle,H Pandya,RHB,solid,T Boult,pace,good,slow_turner,185,6,38,2,1,1,0
32,10,middle,N Pooran,LHB,top,K Ahmed,pace,avg,slow_turner,185,0,39,3,5,1,0
32,11,middle,KL Rahul,RHB,solid,H Patel,pace,avg,slow_turner,185,0,44,4,1,1,0
32,12,middle,R Parag,RHB,avg,Y Chahal,spin,good,slow_turner,185,0,45,5,4,0,0
32,13,middle,R Parag,RHB,avg,M Shami,pace,good,slow_turner,185,6,49,5,2,1,0
33,1,powerplay,R Pant,LHB,top,M Shami,pace,good,seaming_track,160,0,0,0,5,1,0
33,2,powerplay,KL Rahul,RHB,solid,K Ahmed,pace,avg,seaming_track,160,0,5,1,2,1,0
33,3,powerplay,R Sharma,RHB,top,R Jadeja,spin,good,seaming_track,160,0,7,2,8,0,0
33,4,powerplay,R Sharma,RHB,top,J Bumrah,pace,elite,seaming_track,160,6,15,2,6,0,0
33,5,powerplay,R Sharma,RHB,top,T Boult,pace,good,seaming_track,160,12,21,2,9,1,0
33,6,powerplay,S Gill,RHB,solid,Y Chahal,spin,good,seaming_track,160,0,30,3,4,0,0
33,7,middle,S Gill,RHB,solid,M Shami,pace,good,seaming_track,160,6,34,3,2,0,0
33,8,middle,S Gill,RHB,solid,K Ahmed,pace,avg,seaming_track,160,12,36,3,9,0,0
33,9,middle,S Gill,RHB,solid,R Jadeja,spin,good,seaming_track,160,18,45,3,3,1,0
33,10,middle,V Kohli,RHB,top,J Bumrah,pace,elite,seaming_track,160,0,48,4,4,1,0
33,11,middle,H Pandya,RHB,solid,T Boult,pace,good,seaming_track,160,0,52,5,6,0,0
33,12,middle,H Pandya,RHB,solid,Y Chahal,spin,good,seaming_track,160,6,58,5,4,1,0
34,1,powerplay,D Padikkal,LHB,avg,Y Chahal,spin,good,batting_paradise,179,0,0,0,5,0,0
34,2,powerplay,D Padikkal,LHB,avg,J Bumrah,pace,elite,batting_paradise,179,6,5,0,4,0,0
34,3,powerplay,D Padikkal,LHB,avg,K Ahmed,pace,avg,batting_paradise,179,12,9,0,9,0,0
34,4,powerplay,D Padikkal,LHB,avg,T Boult,pace,good,batting_paradise,179,18,18,0,11,0,0
34,5,powerplay,D Padikkal,LHB,avg,R Jadeja,spin,good,batting_paradise,179,24,29,0,5,0,0
34,6,powerplay,D Padikkal,LHB,avg,A Rashid,spin,elite,batting_paradise,179,30,34,0,6,0,0
34,7,middle,D Padikkal,LHB,avg,Y Chahal,spin,good,batting_paradise,179,36,40,0,11,0,0
34,8,middle,D Padikkal,LHB,avg,J Bumrah,pace,elite,batting_paradise,179,42,51,0,5,0,0
34,9,middle,D Padikkal,LHB,avg,K Ahmed,pace,avg,batting_paradise,179,48,56,0,7,0,1
34,10,middle,D Padikkal,LHB,avg,T Boult,pace,good,batting_paradise,179,54,63,0,11,0,0
34,11,middle,D Padikkal,LHB,avg,R Jadeja,spin,good,batting_paradise,179,60,74,0,9,0,0
34,12,middle,D Padikkal,LHB,avg,A Rashid,spin,elite,batting_paradise,179,66,83,0,15,0,2
34,13,middle,D Padikkal,LHB,avg,Y Chahal,spin,good,batting_paradise,179,72,98,0,14,0,1
34,14,middle,D Padikkal,LHB,avg,J Bumrah,pace,elite,batting_paradise,179,78,112,0,5,0,0
34,15,middle,D Padikkal,LHB,avg,K Ahmed,pace,avg,batting_paradise,179,84,117,0,7,0,0
34,16,death,D Padikkal,LHB,avg,T Boult,pace,good,batting_paradise,179,90,124,0,9,1,0
34,17,death,H Pandya,RHB,solid,R Jadeja,spin,good,batting_paradise,179,0,133,1,8,1,0
34,18,death,R Pant,LHB,top,A Rashid,spin,elite,batting_paradise,179,0,141,2,15,0,1
34,19,death,R Pant,LHB,top,Y Chahal,spin,good,batting_paradise,179,6,156,2,9,0,0
34,20,death,R Pant,LHB,top,J Bumrah,pace,elite,batting_paradise,179,12,165,2,17,1,2
35,1,powerplay,V Kohli,RHB,top,M Shami,pace,good,slow_turner,182,0,0,0,5,0,0
35,2,powerplay,V Kohli,RHB,top,H Patel,pace,avg,slow_turner,182,6,5,0,1,1,0
35,3,powerplay,H Pandya,RHB,solid,K Ahmed,pace,avg,slow_turner,182,0,6,1,5,1,0
35,4,powerplay,N Pooran,LHB,top,J Bumrah,pace,elite,slow_turner,182,0,11,2,0,1,0
35,5,powerplay,R Sharma,RHB,top,R Jadeja,spin,good,slow_turner,182,0,11,3,7,0,0
35,6,powerplay,R Sharma,RHB,top,T Boult,pace,good,slow_turner,182,6,18,3,8,0,0
35,7,middle,R Sharma,RHB,top,M Shami,pace,good,slow_turner,182,12,26,3,8,1,0
35,8,middle,R Pant,LHB,top,H Patel,pace,avg,slow_turner,182,0,34,4,8,0,0
35,9,middle,R Pant,LHB,top,K Ahmed,pace,avg,slow_turner,182,6,42,4,5,0,0
35,10,middle,R Pant,LHB,top,J Bumrah,pace,elite,slow_turner,182,12,47,4,5,0,0
35,11,middle,R Pant,LHB,top,R Jadeja,spin,good,slow_turner,182,18,52,4,0,1,0
35,12,middle,D Padikkal,LHB,avg,T Boult,pace,good,slow_turner,182,0,52,5,2,0,0
35,13,middle,D Padikkal,LHB,avg,M Shami,pace,good,slow_turner,182,6,54,5,3,0,0
35,14,middle,D Padikkal,LHB,avg,H Patel,pace,avg,slow_turner,182,12,57,5,3,0,0
35,15,middle,D Padikkal,LHB,avg,K Ahmed,pace,avg,slow_turner,182,18,60,5,3,0,0
35,16,death,D Padikkal,LHB,avg,J Bumrah,pace,elite,slow_turner,182,24,63,5,3,1,0
36,1,powerplay,R Pant,LHB,top,K Ahmed,pace,avg,balanced,178,0,0,0,17,1,1
36,2,powerplay,S Gill,RHB,solid,A Rashid,spin,elite,balanced,178,0,17,1,4,1,0
36,3,powerplay,S Yadav,RHB,top,T Boult,pace,good,balanced,178,0,21,2,10,1,0
36,4,powerplay,V Kohli,RHB,top,R Jadeja,spin,good,balanced,178,0,31,3,6,1,0
36,5,powerplay,H Pandya,RHB,solid,Y Chahal,spin,good,balanced,178,0,37,4,3,0,0
36,6,powerplay,H Pandya,RHB,solid,H Patel,pace,avg,balanced,178,6,40,4,5,0,0
36,7,middle,H Pandya,RHB,solid,K Ahmed,pace,avg,balanced,178,12,45,4,9,0,1
36,8,middle,H Pandya,RHB,solid,A Rashid,spin,elite,balanced,178,18,54,4,10,0,0
36,9,middle,H Pandya,RHB,solid,T Boult,pace,good,balanced,178,24,64,4,5,1,1
36,10,middle,D Padikkal,LHB,avg,R Jadeja,spin,good,balanced,178,0,69,5,6,0,0
36,11,middle,D Padikkal,LHB,avg,Y Chahal,spin,good,balanced,178,6,75,5,2,1,0
37,1,powerplay,KL Rahul,RHB,solid,T Boult,pace,good,balanced,189,0,0,0,4,1,0
37,2,powerplay,V Kohli,RHB,top,R Jadeja,spin,good,balanced,189,0,4,1,5,0,0
37,3,powerplay,V Kohli,RHB,top,A Rashid,spin,elite,balanced,189,6,9,1,4,0,0
37,4,powerplay,V Kohli,RHB,top,K Ahmed,pace,avg,balanced,189,12,13,1,14,0,2
37,5,powerplay,V Kohli,RHB,top,M Shami,pace,good,balanced,189,18,27,1,9,0,1
37,6,powerplay,V Kohli,RHB,top,Y Chahal,spin,good,balanced,189,24,36,1,7,1,0
37,7,middle,H Pandya,RHB,solid,T Boult,pace,good,balanced,189,0,43,2,0,1,1
37,8,middle,D Padikkal,LHB,avg,R Jadeja,spin,good,balanced,189,0,43,3,5,0,1
37,9,middle,D Padikkal,LHB,avg,A Rashid,spin,elite,balanced,189,6,48,3,1,0,0
37,10,middle,D Padikkal,LHB,avg,K Ahmed,pace,avg,balanced,189,12,49,3,2,0,0
37,11,middle,D Padikkal,LHB,avg,M Shami,pace,good,balanced,189,18,51,3,3,0,0
37,12,middle,D Padikkal,LHB,avg,Y Chahal,spin,good,balanced,189,24,54,3,10,1,0
37,13,middle,R Parag,RHB,avg,T Boult,pace,good,balanced,189,0,64,4,8,0,0
37,14,middle,R Parag,RHB,avg,R Jadeja,spin,good,balanced,189,6,72,4,0,1,0
37,15,middle,R Sharma,RHB,top,A Rashid,spin,elite,balanced,189,0,72,5,5,0,1
37,16,death,R Sharma,RHB,top,K Ahmed,pace,avg,balanced,189,6,77,5,7,0,0
37,17,death,R Sharma,RHB,top,M Shami,pace,good,balanced,189,12,84,5,12,0,2
37,18,death,R Sharma,RHB,top,Y Chahal,spin,good,balanced,189,18,96,5,8,0,0
37,19,death,R Sharma,RHB,top,T Boult,pace,good,balanced,189,24,104,5,18,0,1
37,20,death,R Sharma,RHB,top,R Jadeja,spin,good,balanced,189,30,122,5,11,0,1
38,1,powerplay,KL Rahul,RHB,solid,M Shami,pace,good,seaming_track,155,0,0,0,2,1,0
38,2,powerplay,R Parag,RHB,avg,T Boult,pace,good,seaming_track,155,0,2,1,5,0,0
38,3,powerplay,R Parag,RHB,avg,H Patel,pace,avg,seaming_track,155,6,7,1,2,1,0
38,4,powerplay,S Gill,RHB,solid,A Rashid,spin,elite,seaming_track,155,0,9,2,4,0,0
38,5,powerplay,S Gill,RHB,solid,K Ahmed,pace,avg,seaming_track,155,6,13,2,2,1,0
38,6,powerplay,R Pant,LHB,top,R Jadeja,spin,good,seaming_track,155,0,15,3,2,1,0
38,7,middle,N Pooran,LHB,top,M Shami,pace,good,seaming_track,155,0,17,4,5,0,0
38,8,middle,N Pooran,LHB,top,T Boult,pace,good,seaming_track,155,6,22,4,2,0,0
38,9,middle,N Pooran,LHB,top,H Patel,pace,avg,seaming_track,155,12,24,4,9,0,0
38,10,middle,N Pooran,LHB,top,A Rashid,spin,elite,seaming_track,155,18,33,4,6,0,0
38,11,middle,N Pooran,LHB,top,K Ahmed,pace,avg,seaming_track,155,24,39,4,10,0,0
38,12,middle,N Pooran,LHB,top,R Jadeja,spin,good,seaming_track,155,30,49,4,5,0,0
38,13,middle,N Pooran,LHB,top,M Shami,pace,good,seaming_track,155,36,54,4,9,0,1
38,14,middle,N Pooran,LHB,top,T Boult,pace,good,seaming_track,155,42,63,4,7,0,0
38,15,middle,N Pooran,LHB,top,H Patel,pace,avg,seaming_track,155,48,70,4,9,1,0
38,16,death,D Padikkal,LHB,avg,A Rashid,spin,elite,seaming_track,155,0,79,5,1,1,1
39,1,powerplay,S Gill,RHB,solid,K Ahmed,pace,avg,slow_turner,124,0,0,0,7,0,0
39,2,powerplay,S Gill,RHB,solid,R Jadeja,spin,good,slow_turner,124,6,7,0,3,0,0
39,3,powerplay,S Gill,RHB,solid,Y Chahal,spin,good,slow_turner,124,12,10,0,2,0,0
39,4,powerplay,S Gill,RHB,solid,M Shami,pace,good,slow_turner,124,18,12,0,4,1,0
39,5,powerplay,H Pandya,RHB,solid,A Rashid,spin,elite,slow_turner,124,0,16,1,4,1,0
39,6,powerplay,R Parag,RHB,avg,J Bumrah,pace,elite,slow_turner,124,0,20,2,1,1,0
39,7,middle,S Yadav,RHB,top,K Ahmed,pace,avg,slow_turner,124,0,21,3,3,1,0
39,8,middle,R Pant,LHB,top,R Jadeja,spin,good,slow_turner,124,0,24,4,6,0,0
39,9,middle,R Pant,LHB,top,Y Chahal,spin,good,slow_turner,124,6,30,4,4,0,0
39,10,middle,R Pant,LHB,top,M Shami,pace,good,slow_turner,124,12,34,4,7,0,0
39,11,middle,R Pant,LHB,top,A Rashid,spin,elite,slow_turner,124,18,41,4,4,0,0
39,12,middle,R Pant,LHB,top,J Bumrah,pace,elite,slow_turner,124,24,45,4,7,0,1
39,13,middle,R Pant,LHB,top,K Ahmed,pace,avg,slow_turner,124,30,52,4,8,0,0
39,14,middle,R Pant,LHB,top,R Jadeja,spin,good,slow_turner,124,36,60,4,8,0,0
39,15,middle,R Pant,LHB,top,Y Chahal,spin,good,slow_turner,124,42,68,4,3,0,1
39,16,death,R Pant,LHB,top,M Shami,pace,good,slow_turner,124,48,71,4,12,1,1
39,17,death,V Kohli,RHB,top,A Rashid,spin,elite,slow_turner,124,0,83,5,11,0,0
39,18,death,V Kohli,RHB,top,J Bumrah,pace,elite,slow_turner,124,6,94,5,5,0,0
39,19,death,V Kohli,RHB,top,K Ahmed,pace,avg,slow_turner,124,12,99,5,14,0,1
39,20,death,V Kohli,RHB,top,R Jadeja,spin,good,slow_turner,124,18,113,5,2,0,0
40,1,powerplay,S Yadav,RHB,top,J Bumrah,pace,elite,slow_turner,165,0,0,0,7,1,0
40,2,powerplay,N Pooran,LHB,top,A Rashid,spin,elite,slow_turner,165,0,7,1,6,0,0
40,3,powerplay,N Pooran,LHB,top,R Jadeja,spin,good,slow_turner,165,6,13,1,5,1,0
40,4,powerplay,R Parag,RHB,avg,Y Chahal,spin,good,slow_turner,165,0,18,2,0,1,0
40,5,powerplay,V Kohli,RHB,top,T Boult,pace,good,slow_turner,165,0,18,3,2,0,0
40,6,powerplay,V Kohli,RHB,top,K Ahmed,pace,avg,slow_turner,165,6,20,3,7,0,1
40,7,middle,V Kohli,RHB,top,J Bumrah,pace,elite,slow_turner,165,12,27,3,11,0,1
40,8,middle,V Kohli,RHB,top,A Rashid,spin,elite,slow_turner,165,18,38,3,8,0,0
40,9,middle,V Kohli,RHB,top,R Jadeja,spin,good,slow_turner,165,24,46,3,6,0,0
40,10,middle,V Kohli,RHB,top,Y Chahal,spin,good,slow_turner,165,30,52,3,7,1,1
40,11,middle,R Sharma,RHB,top,T Boult,pace,good,slow_turner,165,0,59,4,1,0,0
40,12,middle,R Sharma,RHB,top,K Ahmed,pace,avg,slow_turner,165,6,60,4,8,0,0
40,13,middle,R Sharma,RHB,top,J Bumrah,pace,elite,slow_turner,165,12,68,4,4,0,0
40,14,middle,R Sharma,RHB,top,A Rashid,spin,elite,slow_turner,165,18,72,4,3,1,0
40,15,middle,R Pant,LHB,top,R Jadeja,spin,good,slow_turner,165,0,75,5,8,0,0
40,16,death,R Pant,LHB,top,Y Chahal,spin,good,slow_turner,165,6,83,5,10,0,0
40,17,death,R Pant,LHB,top,T Boult,pace,good,slow_turner,165,12,93,5,8,1,0
41,1,powerplay,N Pooran,LHB,top,J Bumrah,pace,elite,batting_paradise,150,0,0,0,5,0,0
41,2,powerplay,N Pooran,LHB,top,M Shami,pace,good,batting_paradise,150,6,5,0,12,0,1
41,3,powerplay,N Pooran,LHB,top,Y Chahal,spin,good,batting_paradise,150,12,17,0,11,0,1
41,4,powerplay,N Pooran,LHB,top,A Rashid,spin,elite,batting_paradise,150,18,28,0,13,0,1
41,5,powerplay,N Pooran,LHB,top,H Patel,pace,avg,batting_paradise,150,24,41,0,18,0,1
41,6,powerplay,N Pooran,LHB,top,K Ahmed,pace,avg,batting_paradise,150,30,59,0,12,0,2
41,7,middle,N Pooran,LHB,top,J Bumrah,pace,elite,batting_paradise,150,36,71,0,6,1,1
41,8,middle,R Pant,LHB,top,M Shami,pace,good,batting_paradise,150,0,77,1,10,0,0
41,9,middle,R Pant,LHB,top,Y Chahal,spin,good,batting_paradise,150,6,87,1,9,1,0
41,10,middle,H Pandya,RHB,solid,A Rashid,spin,elite,batting_paradise,150,0,96,2,4,0,0
41,11,middle,H Pandya,RHB,solid,H Patel,pace,avg,batting_paradise,150,6,100,2,6,0,0
41,12,middle,H Pandya,RHB,solid,K Ahmed,pace,avg,batting_paradise,150,12,106,2,15,0,1
41,13,middle,H Pandya,RHB,solid,J Bumrah,pace,elite,batting_paradise,150,18,121,2,10,1,1
41,14,middle,KL Rahul,RHB,solid,M Shami,pace,good,batting_paradise,150,0,131,3,7,1,0
41,15,middle,S Yadav,RHB,top,Y Chahal,spin,good,batting_paradise,150,0,138,4,4,0,0
41,16,death,S Yadav,RHB,top,A Rashid,spin,elite,batting_paradise,150,6,142,4,10,0,0
41,17,death,S Yadav,RHB,top,H Patel,pace,avg,batting_paradise,150,12,152,4,19,1,1
41,18,death,R Parag,RHB,avg,K Ahmed,pace,avg,batting_paradise,150,0,171,5,3,0,1
41,19,death,R Parag,RHB,avg,J Bumrah,pace,elite,batting_paradise,150,6,174,5,4,0,1
41,20,death,R Parag,RHB,avg,M Shami,pace,good,batting_paradise,150,12,178,5,7,1,0
42,1,powerplay,R Sharma,RHB,top,R Jadeja,spin,good,balanced,151,0,0,0,9,0,0
42,2,powerplay,R Sharma,RHB,top,Y Chahal,spin,good,balanced,151,6,9,0,6,1,0
42,3,powerplay,S Yadav,RHB,top,M Shami,pace,good,balanced,151,0,15,1,4,1,0
42,4,powerplay,KL Rahul,RHB,solid,K Ahmed,pace,avg,balanced,151,0,19,2,5,0,0
42,5,powerplay,KL Rahul,RHB,solid,T Boult,pace,good,balanced,151,6,24,2,5,0,0
42,6,powerplay,KL Rahul,RHB,solid,A Rashid,spin,elite,balanced,151,12,29,2,6,1,0
42,7,middle,N Pooran,LHB,top,R Jadeja,spin,good,balanced,151,0,35,3,3,0,0
42,8,middle,N Pooran,LHB,top,Y Chahal,spin,good,balanced,151,6,38,3,2,1,1
42,9,middle,S Gill,RHB,solid,M Shami,pace,good,balanced,151,0,40,4,5,0,0
42,10,middle,S Gill,RHB,solid,K Ahmed,pace,avg,balanced,151,6,45,4,0,1,0
42,11,middle,V Kohli,RHB,top,T Boult,pace,good,balanced,151,0,45,5,7,1,0
43,1,powerplay,R Sharma,RHB,top,J Bumrah,pace,elite,slow_turner,175,0,0,0,5,1,0
43,2,powerplay,S Gill,RHB,solid,K Ahmed,pace,avg,slow_turner,175,0,5,1,4,0,0
43,3,powerplay,S Gill,RHB,solid,Y Chahal,spin,good,slow_turner,175,6,9,1,3,1,0
43,4,powerplay,V Kohli,RHB,top,R Jadeja,spin,good,slow_turner,175,0,12,2,3,0,0
43,5,powerplay,V Kohli,RHB,top,H Patel,pace,avg,slow_turner,175,6,15,2,7,0,0
43,6,powerplay,V Kohli,RHB,top,A Rashid,spin,elite,slow_turner,175,12,22,2,5,1,1
43,7,middle,N Pooran,LHB,top,J Bumrah,pace,elite,slow_turner,175,0,27,3,4,0,0
43,8,middle,N Pooran,LHB,top,K Ahmed,pace,avg,slow_turner,175,6,31,3,5,1,0
43,9,middle,R Parag,RHB,avg,Y Chahal,spin,good,slow_turner,175,0,36,4,3,1,0
43,10,middle,KL Rahul,RHB,solid,R Jadeja,spin,good,slow_turner,175,0,39,5,2,1,0
44,1,powerplay,D Padikkal,LHB,avg,K Ahmed,pace,avg,seaming_track,145,0,0,0,5,1,0
44,2,powerplay,R Parag,RHB,avg,Y Chahal,spin,good,seaming_track,145,0,5,1,3,0,0
44,3,powerplay,R Parag,RHB,avg,A Rashid,spin,elite,seaming_track,145,6,8,1,9,0,0
44,4,powerplay,R Parag,RHB,avg,M Shami,pace,good,seaming_track,145,12,17,1,0,1,1
44,5,powerplay,H Pandya,RHB,solid,H Patel,pace,avg,seaming_track,145,0,17,2,8,0,0
44,6,powerplay,H Pandya,RHB,solid,R Jadeja,spin,good,seaming_track,145,6,25,2,3,1,0
44,7,middle,KL Rahul,RHB,solid,K Ahmed,pace,avg,seaming_track,145,0,28,3,7,1,0
44,8,middle,S Gill,RHB,solid,Y Chahal,spin,good,seaming_track,145,0,35,4,3,1,0
44,9,middle,N Pooran,LHB,top,A Rashid,spin,elite,seaming_track,145,0,38,5,3,1,0
45,1,powerplay,V Kohli,RHB,top,Y Chahal,spin,good,seaming_track,171,0,0,0,6,0,0
45,2,powerplay,V Kohli,RHB,top,H Patel,pace,avg,seaming_track,171,6,6,0,4,1,0
45,3,powerplay,R Sharma,RHB,top,A Rashid,spin,elite,seaming_track,171,0,10,1,7,0,0
45,4,powerplay,R Sharma,RHB,top,M Shami,pace,good,seaming_track,171,6,17,1,8,0,0
45,5,powerplay,R Sharma,RHB,top,J Bumrah,pace,elite,seaming_track,171,12,25,1,10,0,0
45,6,powerplay,R Sharma,RHB,top,K Ahmed,pace,avg,seaming_track,171,18,35,1,11,0,0
45,7,middle,R Sharma,RHB,top,Y Chahal,spin,good,seaming_track,171,24,46,1,4,0,1
45,8,middle,R Sharma,RHB,top,H Patel,pace,avg,seaming_track,171,30,50,1,13,0,1
45,9,middle,R Sharma,RHB,top,A Rashid,spin,elite,seaming_track,171,36,63,1,4,0,0
45,10,middle,R Sharma,RHB,top,M Shami,pace,good,seaming_track,171,42,67,1,8,0,1
45,11,middle,R Sharma,RHB,top,J Bumrah,pace,elite,seaming_track,171,48,75,1,6,1,0
45,12,middle,D Padikkal,LHB,avg,K Ahmed,pace,avg,seaming_track,171,0,81,2,5,1,1
45,13,middle,R Parag,RHB,avg,Y Chahal,spin,good,seaming_track,171,0,86,3,7,0,0
45,14,middle,R Parag,RHB,avg,H Patel,pace,avg,seaming_track,171,6,93,3,7,0,0
45,15,middle,R Parag,RHB,avg,A Rashid,spin,elite,seaming_track,171,12,100,3,1,1,0
45,16,death,N Pooran,LHB,top,M Shami,pace,good,seaming_track,171,0,101,4,6,1,0
45,17,death,H Pandya,RHB,solid,J Bumrah,pace,elite,seaming_track,171,0,107,5,6,0,0
45,18,death,H Pandya,RHB,solid,K Ahmed,pace,avg,seaming_track,171,6,113,5,5,0,0
45,19,death,H Pandya,RHB,solid,Y Chahal,spin,good,seaming_track,171,12,118,5,12,0,1
45,20,death,H Pandya,RHB,solid,H Patel,pace,avg,seaming_track,171,18,130,5,6,1,0
46,1,powerplay,H Pandya,RHB,solid,K Ahmed,pace,avg,balanced,169,0,0,0,6,0,0
46,2,powerplay,H Pandya,RHB,solid,T Boult,pace,good,balanced,169,6,6,0,3,1,0
46,3,powerplay,S Gill,RHB,solid,R Jadeja,spin,good,balanced,169,0,9,1,4,0,0
46,4,powerplay,S Gill,RHB,solid,H Patel,pace,avg,balanced,169,6,13,1,7,0,0
46,5,powerplay,S Gill,RHB,solid,J Bumrah,pace,elite,balanced,169,12,20,1,6,1,0
46,6,powerplay,R Parag,RHB,avg,M Shami,pace,good,balanced,169,0,26,2,4,0,0
46,7,middle,R Parag,RHB,avg,K Ahmed,pace,avg,balanced,169,6,30,2,6,0,1
46,8,middle,R Parag,RHB,avg,T Boult,pace,good,balanced,169,12,36,2,3,1,0
46,9,middle,R Pant,LHB,top,R Jadeja,spin,good,balanced,169,0,39,3,6,1,0
46,10,middle,V Kohli,RHB,top,H Patel,pace,avg,balanced,169,0,45,4,9,0,0
46,11,middle,V Kohli,RHB,top,J Bumrah,pace,elite,balanced,169,6,54,4,9,0,0
46,12,middle,V Kohli,RHB,top,M Shami,pace,good,balanced,169,12,63,4,6,0,0
46,13,middle,V Kohli,RHB,top,K Ahmed,pace,avg,balanced,169,18,69,4,9,0,1
46,14,middle,V Kohli,RHB,top,T Boult,pace,good,balanced,169,24,78,4,7,1,0
46,15,middle,N Pooran,LHB,top,R Jadeja,spin,good,balanced,169,0,85,5,6,0,0
46,16,death,N Pooran,LHB,top,H Patel,pace,avg,balanced,169,6,91,5,11,0,0
46,17,death,N Pooran,LHB,top,J Bumrah,pace,elite,balanced,169,12,102,5,8,1,0
47,1,powerplay,D Padikkal,LHB,avg,T Boult,pace,good,slow_turner,189,0,0,0,3,0,0
47,2,powerplay,D Padikkal,LHB,avg,R Jadeja,spin,good,slow_turner,189,6,3,0,3,1,0
47,3,powerplay,R Pant,LHB,top,Y Chahal,spin,good,slow_turner,189,0,6,1,6,0,0
47,4,powerplay,R Pant,LHB,top,K Ahmed,pace,avg,slow_turner,189,6,12,1,2,0,0
47,5,powerplay,R Pant,LHB,top,H Patel,pace,avg,slow_turner,189,12,14,1,16,0,1
47,6,powerplay,R Pant,LHB,top,M Shami,pace,good,slow_turner,189,18,30,1,6,0,0
47,7,middle,R Pant,LHB,top,T Boult,pace,good,slow_turner,189,24,36,1,8,0,0
47,8,middle,R Pant,LHB,top,R Jadeja,spin,good,slow_turner,189,30,44,1,4,0,0
47,9,middle,R Pant,LHB,top,Y Chahal,spin,good,slow_turner,189,36,48,1,11,1,0
47,10,middle,N Pooran,LHB,top,K Ahmed,pace,avg,slow_turner,189,0,59,2,4,1,0
47,11,middle,S Gill,RHB,solid,H Patel,pace,avg,slow_turner,189,0,63,3,5,1,0
47,12,middle,S Yadav,RHB,top,M Shami,pace,good,slow_turner,189,0,68,4,7,0,1
47,13,middle,S Yadav,RHB,top,T Boult,pace,good,slow_turner,189,6,75,4,5,0,0
47,14,middle,S Yadav,RHB,top,R Jadeja,spin,good,slow_turner,189,12,80,4,8,1,0
47,15,middle,KL Rahul,RHB,solid,Y Chahal,spin,good,slow_turner,189,0,88,5,5,0,0
47,16,death,KL Rahul,RHB,solid,K Ahmed,pace,avg,slow_turner,189,6,93,5,9,1,0
48,1,powerplay,R Parag,RHB,avg,R Jadeja,spin,good,balanced,133,0,0,0,2,1,0
48,2,powerplay,S Gill,RHB,solid,H Patel,pace,avg,balanced,133,0,2,1,2,0,0
48,3,powerplay,S Gill,RHB,solid,J Bumrah,pace,elite,balanced,133,6,4,1,5,1,0
48,4,powerplay,H Pandya,RHB,solid,T Boult,pace,good,balanced,133,0,9,2,3,0,0
48,5,powerplay,H Pandya,RHB,solid,M Shami,pace,good,balanced,133,6,12,2,5,0,0
48,6,powerplay,H Pandya,RHB,solid,Y Chahal,spin,good,balanced,133,12,17,2,5,1,1
48,7,middle,D Padikkal,LHB,avg,R Jadeja,spin,good,balanced,133,0,22,3,6,0,0
48,8,middle,D Padikkal,LHB,avg,H Patel,pace,avg,balanced,133,6,28,3,2,0,0
48,9,middle,D Padikkal,LHB,avg,J Bumrah,pace,elite,balanced,133,12,30,3,4,1,0
48,10,middle,V Kohli,RHB,top,T Boult,pace,good,balanced,133,0,34,4,3,0,0
48,11,middle,V Kohli,RHB,top,M Shami,pace,good,balanced,133,6,37,4,3,0,0
48,12,middle,V Kohli,RHB,top,Y Chahal,spin,good,balanced,133,12,40,4,10,1,0
48,13,middle,S Yadav,RHB,top,R Jadeja,spin,good,balanced,133,0,50,5,6,0,0
48,14,middle,S Yadav,RHB,top,H Patel,pace,avg,balanced,133,6,56,5,8,1,0
49,1,powerplay,R Sharma,RHB,top,Y Chahal,spin,good,batting_paradise,201,0,0,0,6,0,0
49,2,powerplay,R Sharma,RHB,top,H Patel,pace,avg,batting_paradise,201,6,6,0,6,0,0
49,3,powerplay,R Sharma,RHB,top,A Rashid,spin,elite,batting_paradise,201,12,12,0,10,0,0
49,4,powerplay,R Sharma,RHB,top,K Ahmed,pace,avg,batting_paradise,201,18,22,0,15,0,1
49,5,powerplay,R Sharma,RHB,top,R Jadeja,spin,good,batting_paradise,201,24,37,0,10,0,1
49,6,powerplay,R Sharma,RHB,top,M Shami,pace,good,batting_paradise,201,30,47,0,13,1,1
49,7,middle,R Pant,LHB,top,Y Chahal,spin,good,batting_paradise,201,0,60,1,6,0,0
49,8,middle,R Pant,LHB,top,H Patel,pace,avg,batting_paradise,201,6,66,1,10,0,0
49,9,middle,R Pant,LHB,top,A Rashid,spin,elite,batting_paradise,201,12,76,1,3,0,0
49,10,middle,R Pant,LHB,top,K Ahmed,pace,avg,batting_paradise,201,18,79,1,16,0,1
49,11,middle,R Pant,LHB,top,R Jadeja,spin,good,batting_paradise,201,24,95,1,11,1,0
49,12,middle,KL Rahul,RHB,solid,M Shami,pace,good,batting_paradise,201,0,106,2,2,1,0
49,13,middle,R Parag,RHB,avg,Y Chahal,spin,good,batting_paradise,201,0,108,3,8,0,0
49,14,middle,R Parag,RHB,avg,H Patel,pace,avg,batting_paradise,201,6,116,3,7,0,0
49,15,middle,R Parag,RHB,avg,A Rashid,spin,elite,batting_paradise,201,12,123,3,2,1,0
49,16,death,H Pandya,RHB,solid,K Ahmed,pace,avg,batting_paradise,201,0,125,4,13,0,1
49,17,death,H Pandya,RHB,solid,R Jadeja,spin,good,batting_paradise,201,6,138,4,7,0,0
49,18,death,H Pandya,RHB,solid,M Shami,pace,good,batting_paradise,201,12,145,4,17,0,1
49,19,death,H Pandya,RHB,solid,Y Chahal,spin,good,batting_paradise,201,18,162,4,19,0,1
49,20,death,H Pandya,RHB,solid,H Patel,pace,avg,batting_paradise,201,24,181,4,24,0,1
50,1,powerplay,R Sharma,RHB,top,J Bumrah,pace,elite,batting_paradise,157,0,0,0,9,0,0
50,2,powerplay,R Sharma,RHB,top,H Patel,pace,avg,batting_paradise,157,6,9,0,10,0,0
50,3,powerplay,R Sharma,RHB,top,R Jadeja,spin,good,batting_paradise,157,12,19,0,10,1,0
50,4,powerplay,R Parag,RHB,avg,T Boult,pace,good,batting_paradise,157,0,29,1,6,0,1
50,5,powerplay,R Parag,RHB,avg,K Ahmed,pace,avg,batting_paradise,157,6,35,1,4,1,0
50,6,powerplay,H Pandya,RHB,solid,Y Chahal,spin,good,batting_paradise,157,0,39,2,6,1,1
50,7,middle,D Padikkal,LHB,avg,J Bumrah,pace,elite,batting_paradise,157,0,45,3,3,0,1
50,8,middle,D Padikkal,LHB,avg,H Patel,pace,avg,batting_paradise,157,6,48,3,4,0,0
50,9,middle,D Padikkal,LHB,avg,R Jadeja,spin,good,batting_paradise,157,12,52,3,9,0,0
50,10,middle,D Padikkal,LHB,avg,T Boult,pace,good,batting_paradise,157,18,61,3,7,0,0
50,11,middle,D Padikkal,LHB,avg,K Ahmed,pace,avg,batting_paradise,157,24,68,3,5,0,0
50,12,middle,D Padikkal,LHB,avg,Y Chahal,spin,good,batting_paradise,157,30,73,3,0,0,0
50,13,middle,D Padikkal,LHB,avg,J Bumrah,pace,elite,batting_paradise,157,36,73,3,3,1,0
50,14,middle,N Pooran,LHB,top,H Patel,pace,avg,batting_paradise,157,0,76,4,12,0,2
50,15,middle,N Pooran,LHB,top,R Jadeja,spin,good,batting_paradise,157,6,88,4,9,0,1
50,16,death,N Pooran,LHB,top,T Boult,pace,good,batting_paradise,157,12,97,4,16,0,1
50,17,death,N Pooran,LHB,top,K Ahmed,pace,avg,batting_paradise,157,18,113,4,26,0,1
50,18,death,N Pooran,LHB,top,Y Chahal,spin,good,batting_paradise,157,24,139,4,19,1,2
50,19,death,S Yadav,RHB,top,J Bumrah,pace,elite,batting_paradise,157,0,158,5,15,0,1
50,20,death,S Yadav,RHB,top,H Patel,pace,avg,batting_paradise,157,6,173,5,25,1,1
51,1,powerplay,R Sharma,RHB,top,Y Chahal,spin,good,seaming_track,150,0,0,0,4,1,1
51,2,powerplay,S Yadav,RHB,top,R Jadeja,spin,good,seaming_track,150,0,4,1,4,1,0
51,3,powerplay,R Pant,LHB,top,J Bumrah,pace,elite,seaming_track,150,0,8,2,5,0,0
51,4,powerplay,R Pant,LHB,top,M Shami,pace,good,seaming_track,150,6,13,2,9,1,0
51,5,powerplay,D Padikkal,LHB,avg,H Patel,pace,avg,seaming_track,150,0,22,3,3,1,0
51,6,powerplay,R Parag,RHB,avg,K Ahmed,pace,avg,seaming_track,150,0,25,4,3,0,0
51,7,middle,R Parag,RHB,avg,Y Chahal,spin,good,seaming_track,150,6,28,4,2,0,0
51,8,middle,R Parag,RHB,avg,R Jadeja,spin,good,seaming_track,150,12,30,4,2,0,0
51,9,middle,R Parag,RHB,avg,J Bumrah,pace,elite,seaming_track,150,18,32,4,0,1,0
51,10,middle,V Kohli,RHB,top,M Shami,pace,good,seaming_track,150,0,32,5,6,0,0
51,11,middle,V Kohli,RHB,top,H Patel,pace,avg,seaming_track,150,6,38,5,4,0,0
51,12,middle,V Kohli,RHB,top,K Ahmed,pace,avg,seaming_track,150,12,42,5,9,0,0
51,13,middle,V Kohli,RHB,top,Y Chahal,spin,good,seaming_track,150,18,51,5,5,0,0
51,14,middle,V Kohli,RHB,top,R Jadeja,spin,good,seaming_track,150,24,56,5,4,0,0
51,15,middle,V Kohli,RHB,top,J Bumrah,pace,elite,seaming_track,150,30,60,5,10,1,0
52,1,powerplay,R Parag,RHB,avg,A Rashid,spin,elite,batting_paradise,204,0,0,0,3,0,0
52,2,powerplay,R Parag,RHB,avg,T Boult,pace,good,batting_paradise,204,6,3,0,3,0,0
52,3,powerplay,R Parag,RHB,avg,K Ahmed,pace,avg,batting_paradise,204,12,6,0,10,0,0
52,4,powerplay,R Parag,RHB,avg,H Patel,pace,avg,batting_paradise,204,18,16,0,8,1,0
52,5,powerplay,R Sharma,RHB,top,R Jadeja,spin,good,batting_paradise,204,0,24,1,9,0,0
52,6,powerplay,R Sharma,RHB,top,M Shami,pace,good,batting_paradise,204,6,33,1,15,0,1
52,7,middle,R Sharma,RHB,top,A Rashid,spin,elite,batting_paradise,204,12,48,1,8,0,0
52,8,middle,R Sharma,RHB,top,T Boult,pace,good,batting_paradise,204,18,56,1,12,0,1
52,9,middle,R Sharma,RHB,top,K Ahmed,pace,avg,batting_paradise,204,24,68,1,21,0,2
52,10,middle,R Sharma,RHB,top,H Patel,pace,avg,batting_paradise,204,30,89,1,16,0,2
52,11,middle,R Sharma,RHB,top,R Jadeja,spin,good,batting_paradise,204,36,105,1,7,0,0
52,12,middle,R Sharma,RHB,top,M Shami,pace,good,batting_paradise,204,42,112,1,20,0,1
52,13,middle,R Sharma,RHB,top,A Rashid,spin,elite,batting_paradise,204,48,132,1,12,0,1
52,14,middle,R Sharma,RHB,top,T Boult,pace,good,batting_paradise,204,54,144,1,16,0,2
52,15,middle,R Sharma,RHB,top,K Ahmed,pace,avg,batting_paradise,204,60,160,1,13,0,1
52,16,death,R Sharma,RHB,top,H Patel,pace,avg,batting_paradise,204,66,173,1,28,0,1
52,17,death,R Sharma,RHB,top,R Jadeja,spin,good,batting_paradise,204,72,201,1,14,0,2
52,18,death,R Sharma,RHB,top,M Shami,pace,good,batting_paradise,204,78,215,1,17,0,1
52,19,death,R Sharma,RHB,top,A Rashid,spin,elite,batting_paradise,204,84,232,1,6,1,0
52,20,death,S Gill,RHB,solid,T Boult,pace,good,batting_paradise,204,0,238,2,12,0,1
53,1,powerplay,S Yadav,RHB,top,J Bumrah,pace,elite,balanced,162,0,0,0,7,0,0
53,2,powerplay,S Yadav,RHB,top,A Rashid,spin,elite,balanced,162,6,7,0,5,0,0
53,3,powerplay,S Yadav,RHB,top,H Patel,pace,avg,balanced,162,12,12,0,20,0,1
53,4,powerplay,S Yadav,RHB,top,T Boult,pace,good,balanced,162,18,32,0,16,0,1
53,5,powerplay,S Yadav,RHB,top,R Jadeja,spin,good,balanced,162,24,48,0,11,0,1
53,6,powerplay,S Yadav,RHB,top,Y Chahal,spin,good,balanced,162,30,59,0,15,0,1
53,7,middle,S Yadav,RHB,top,J Bumrah,pace,elite,balanced,162,36,74,0,5,0,0
53,8,middle,S Yadav,RHB,top,A Rashid,spin,elite,balanced,162,42,79,0,4,1,1
53,9,middle,R Sharma,RHB,top,H Patel,pace,avg,balanced,162,0,83,1,5,1,0
53,10,middle,R Parag,RHB,avg,T Boult,pace,good,balanced,162,0,88,2,5,0,0
53,11,middle,R Parag,RHB,avg,R Jadeja,spin,good,balanced,162,6,93,2,5,0,1
53,12,middle,R Parag,RHB,avg,Y Chahal,spin,good,balanced,162,12,98,2,3,0,0
53,13,middle,R Parag,RHB,avg,J Bumrah,pace,elite,balanced,162,18,101,2,9,1,0
53,14,middle,D Padikkal,LHB,avg,A Rashid,spin,elite,balanced,162,0,110,3,5,0,0
53,15,middle,D Padikkal,LHB,avg,H Patel,pace,avg,balanced,162,6,115,3,4,0,0
53,16,death,D Padikkal,LHB,avg,T Boult,pace,good,balanced,162,12,119,3,5,0,0
53,17,death,D Padikkal,LHB,avg,R Jadeja,spin,good,balanced,162,18,124,3,3,1,1
53,18,death,KL Rahul,RHB,solid,Y Chahal,spin,good,balanced,162,0,127,4,5,1,0
53,19,death,N Pooran,LHB,top,J Bumrah,pace,elite,balanced,162,0,132,5,5,1,0
54,1,powerplay,H Pandya,RHB,solid,J Bumrah,pace,elite,balanced,156,0,0,0,4,1,0
54,2,powerplay,R Parag,RHB,avg,M Shami,pace,good,balanced,156,0,4,1,4,0,0
54,3,powerplay,R Parag,RHB,avg,K Ahmed,pace,avg,balanced,156,6,8,1,5,1,0
54,4,powerplay,R Sharma,RHB,top,A Rashid,spin,elite,balanced,156,0,13,2,6,0,0
54,5,powerplay,R Sharma,RHB,top,T Boult,pace,good,balanced,156,6,19,2,4,0,0
54,6,powerplay,R Sharma,RHB,top,Y Chahal,spin,good,balanced,156,12,23,2,9,0,0
54,7,middle,R Sharma,RHB,top,J Bumrah,pace,elite,balanced,156,18,32,2,8,0,0
54,8,middle,R Sharma,RHB,top,M Shami,pace,good,balanced,156,24,40,2,13,0,1
54,9,middle,R Sharma,RHB,top,K Ahmed,pace,avg,balanced,156,30,53,2,10,0,0
54,10,middle,R Sharma,RHB,top,A Rashid,spin,elite,balanced,156,36,63,2,10,0,1
54,11,middle,R Sharma,RHB,top,T Boult,pace,good,balanced,156,42,73,2,3,1,0
54,12,middle,KL Rahul,RHB,solid,Y Chahal,spin,good,balanced,156,0,76,3,4,0,0
54,13,middle,KL Rahul,RHB,solid,J Bumrah,pace,elite,balanced,156,6,80,3,4,1,1
54,14,middle,S Yadav,RHB,top,M Shami,pace,good,balanced,156,0,84,4,11,0,0
54,15,middle,S Yadav,RHB,top,K Ahmed,pace,avg,balanced,156,6,95,4,9,0,0
54,16,death,S Yadav,RHB,top,A Rashid,spin,elite,balanced,156,12,104,4,9,1,0
54,17,death,R Pant,LHB,top,T Boult,pace,good,balanced,156,0,113,5,12,1,2
55,1,powerplay,S Gill,RHB,solid,H Patel,pace,avg,slow_turner,160,0,0,0,5,0,0
55,2,powerplay,S Gill,RHB,solid,A Rashid,spin,elite,slow_turner,160,6,5,0,6,1,0
55,3,powerplay,D Padikkal,LHB,avg,R Jadeja,spin,good,slow_turner,160,0,11,1,0,0,0
55,4,powerplay,D Padikkal,LHB,avg,Y Chahal,spin,good,slow_turner,160,6,11,1,2,0,0
55,5,powerplay,D Padikkal,LHB,avg,K Ahmed,pace,avg,slow_turner,160,12,13,1,6,0,0
55,6,powerplay,D Padikkal,LHB,avg,T Boult,pace,good,slow_turner,160,18,19,1,4,0,0
55,7,middle,D Padikkal,LHB,avg,H Patel,pace,avg,slow_turner,160,24,23,1,6,0,0
55,8,middle,D Padikkal,LHB,avg,A Rashid,spin,elite,slow_turner,160,30,29,1,3,1,0
55,9,middle,S Yadav,RHB,top,R Jadeja,spin,good,slow_turner,160,0,32,2,7,0,0
55,10,middle,S Yadav,RHB,top,Y Chahal,spin,good,slow_turner,160,6,39,2,1,1,0
55,11,middle,R Pant,LHB,top,K Ahmed,pace,avg,slow_turner,160,0,40,3,4,1,1
55,12,middle,R Parag,RHB,avg,T Boult,pace,good,slow_turner,160,0,44,4,1,0,0
55,13,middle,R Parag,RHB,avg,H Patel,pace,avg,slow_turner,160,6,45,4,3,0,0
55,14,middle,R Parag,RHB,avg,A Rashid,spin,elite,slow_turner,160,12,48,4,5,0,0
55,15,middle,R Parag,RHB,avg,R Jadeja,spin,good,slow_turner,160,18,53,4,3,1,0
55,16,death,H Pandya,RHB,solid,Y Chahal,spin,good,slow_turner,160,0,56,5,5,1,0
56,1,powerplay,S Yadav,RHB,top,H Patel,pace,avg,slow_turner,136,0,0,0,6,1,0
56,2,powerplay,S Gill,RHB,solid,J Bumrah,pace,elite,slow_turner,136,0,6,1,3,0,0
56,3,powerplay,S Gill,RHB,solid,Y Chahal,spin,good,slow_turner,136,6,9,1,6,1,1
56,4,powerplay,V Kohli,RHB,top,T Boult,pace,good,slow_turner,136,0,15,2,1,0,0
56,5,powerplay,V Kohli,RHB,top,R Jadeja,spin,good,slow_turner,136,6,16,2,5,1,0
56,6,powerplay,D Padikkal,LHB,avg,M Shami,pace,good,slow_turner,136,0,21,3,0,1,0
56,7,middle,R Pant,LHB,top,H Patel,pace,avg,slow_turner,136,0,21,4,5,1,0
56,8,middle,H Pandya,RHB,solid,J Bumrah,pace,elite,slow_turner,136,0,26,5,0,1,0
57,1,powerplay,S Yadav,RHB,top,Y Chahal,spin,good,seaming_track,157,0,0,0,2,0,0
57,2,powerplay,S Yadav,RHB,top,R Jadeja,spin,good,seaming_track,157,6,2,0,4,1,0
57,3,powerplay,KL Rahul,RHB,solid,T Boult,pace,good,seaming_track,157,0,6,1,3,1,0
57,4,powerplay,V Kohli,RHB,top,M Shami,pace,good,seaming_track,157,0,9,2,6,0,0
57,5,powerplay,V Kohli,RHB,top,K Ahmed,pace,avg,seaming_track,157,6,15,2,5,0,0
57,6,powerplay,V Kohli,RHB,top,A Rashid,spin,elite,seaming_track,157,12,20,2,6,0,0
57,7,middle,V Kohli,RHB,top,Y Chahal,spin,good,seaming_track,157,18,26,2,4,0,0
57,8,middle,V Kohli,RHB,top,R Jadeja,spin,good,seaming_track,157,24,30,2,6,0,0
57,9,middle,V Kohli,RHB,top,T Boult,pace,good,seaming_track,157,30,36,2,8,0,1
57,10,middle,V Kohli,RHB,top,M Shami,pace,good,seaming_track,157,36,44,2,3,0,0
57,11,middle,V Kohli,RHB,top,K Ahmed,pace,avg,seaming_track,157,42,47,2,4,0,1
57,12,middle,V Kohli,RHB,top,A Rashid,spin,elite,seaming_track,157,48,51,2,3,1,0
57,13,middle,H Pandya,RHB,solid,Y Chahal,spin,good,seaming_track,157,0,54,3,9,1,0
57,14,middle,D Padikkal,LHB,avg,R Jadeja,spin,good,seaming_track,157,0,63,4,2,0,0
57,15,middle,D Padikkal,LHB,avg,T Boult,pace,good,seaming_track,157,6,65,4,5,0,0
57,16,death,D Padikkal,LHB,avg,M Shami,pace,good,seaming_track,157,12,70,4,9,1,1
57,17,death,S Gill,RHB,solid,K Ahmed,pace,avg,seaming_track,157,0,79,5,9,1,0
58,1,powerplay,H Pandya,RHB,solid,K Ahmed,pace,avg,balanced,139,0,0,0,7,0,0
58,2,powerplay,H Pandya,RHB,solid,T Boult,pace,good,balanced,139,6,7,0,5,0,0
58,3,powerplay,H Pandya,RHB,solid,M Shami,pace,good,balanced,139,12,12,0,6,1,1
58,4,powerplay,S Yadav,RHB,top,H Patel,pace,avg,balanced,139,0,18,1,11,0,0
58,5,powerplay,S Yadav,RHB,top,Y Chahal,spin,good,balanced,139,6,29,1,2,1,0
58,6,powerplay,R Sharma,RHB,top,R Jadeja,spin,good,balanced,139,0,31,2,10,0,0
58,7,middle,R Sharma,RHB,top,K Ahmed,pace,avg,balanced,139,6,41,2,5,0,0
58,8,middle,R Sharma,RHB,top,T Boult,pace,good,balanced,139,12,46,2,7,0,0
58,9,middle,R Sharma,RHB,top,M Shami,pace,good,balanced,139,18,53,2,10,1,1
58,10,middle,D Padikkal,LHB,avg,H Patel,pace,avg,balanced,139,0,63,3,7,0,0
58,11,middle,D Padikkal,LHB,avg,Y Chahal,spin,good,balanced,139,6,70,3,0,1,0
58,12,middle,R Pant,LHB,top,R Jadeja,spin,good,balanced,139,0,70,4,8,0,0
58,13,middle,R Pant,LHB,top,K Ahmed,pace,avg,balanced,139,6,78,4,3,0,0
58,14,middle,R Pant,LHB,top,T Boult,pace,good,balanced,139,12,81,4,8,0,0
58,15,middle,R Pant,LHB,top,M Shami,pace,good,balanced,139,18,89,4,13,0,1
58,16,death,R Pant,LHB,top,H Patel,pace,avg,balanced,139,24,102,4,11,1,0
58,17,death,KL Rahul,RHB,solid,Y Chahal,spin,good,balanced,139,0,113,5,4,0,0
58,18,death,KL Rahul,RHB,solid,R Jadeja,spin,good,balanced,139,6,117,5,3,1,1
59,1,powerplay,R Parag,RHB,avg,M Shami,pace,good,balanced,169,0,0,0,0,1,0
59,2,powerplay,V Kohli,RHB,top,T Boult,pace,good,balanced,169,0,0,1,11,0,0
59,3,powerplay,V Kohli,RHB,top,J Bumrah,pace,elite,balanced,169,6,11,1,1,1,0
59,4,powerplay,R Sharma,RHB,top,H Patel,pace,avg,balanced,169,0,12,2,3,1,0
59,5,powerplay,D Padikkal,LHB,avg,K Ahmed,pace,avg,balanced,169,0,15,3,3,0,1
59,6,powerplay,D Padikkal,LHB,avg,A Rashid,spin,elite,balanced,169,6,18,3,6,0,0
59,7,middle,D Padikkal,LHB,avg,M Shami,pace,good,balanced,169,12,24,3,4,0,0
59,8,middle,D Padikkal,LHB,avg,T Boult,pace,good,balanced,169,18,28,3,7,1,0
59,9,middle,S Gill,RHB,solid,J Bumrah,pace,elite,balanced,169,0,35,4,8,0,0
59,10,middle,S Gill,RHB,solid,H Patel,pace,avg,balanced,169,6,43,4,13,0,2
59,11,middle,S Gill,RHB,solid,K Ahmed,pace,avg,balanced,169,12,56,4,14,0,2
59,12,middle,S Gill,RHB,solid,A Rashid,spin,elite,balanced,169,18,70,4,2,0,0
59,13,middle,S Gill,RHB,solid,M Shami,pace,good,balanced,169,24,72,4,2,1,0
59,14,middle,KL Rahul,RHB,solid,T Boult,pace,good,balanced,169,0,74,5,3,0,0
59,15,middle,KL Rahul,RHB,solid,J Bumrah,pace,elite,balanced,169,6,77,5,3,1,0
60,1,powerplay,H Pandya,RHB,solid,J Bumrah,pace,elite,balanced,184,0,0,0,6,0,0
60,2,powerplay,H Pandya,RHB,solid,H Patel,pace,avg,balanced,184,6,6,0,13,0,2
60,3,powerplay,H Pandya,RHB,solid,R Jadeja,spin,good,balanced,184,12,19,0,3,1,1
60,4,powerplay,N Pooran,LHB,top,A Rashid,spin,elite,balanced,184,0,22,1,4,1,0
60,5,powerplay,R Pant,LHB,top,Y Chahal,spin,good,balanced,184,0,26,2,2,1,0
60,6,powerplay,D Padikkal,LHB,avg,K Ahmed,pace,avg,balanced,184,0,28,3,6,0,0
60,7,middle,D Padikkal,LHB,avg,J Bumrah,pace,elite,balanced,184,6,34,3,1,1,0
60,8,middle,R Parag,RHB,avg,H Patel,pace,avg,balanced,184,0,35,4,3,1,0
60,9,middle,S Yadav,RHB,top,R Jadeja,spin,good,balanced,184,0,38,5,6,0,0
60,10,middle,S Yadav,RHB,top,A Rashid,spin,elite,balanced,184,6,44,5,1,1,0
61,1,powerplay,S Yadav,RHB,top,K Ahmed,pace,avg,seaming_track,170,0,0,0,7,0,0
61,2,powerplay,S Yadav,RHB,top,M Shami,pace,good,seaming_track,170,6,7,0,7,1,0
61,3,powerplay,R Parag,RHB,avg,H Patel,pace,avg,seaming_track,170,0,14,1,5,0,0
61,4,powerplay,R Parag,RHB,avg,A Rashid,spin,elite,seaming_track,170,6,19,1,5,1,0
61,5,powerplay,R Pant,LHB,top,Y Chahal,spin,good,seaming_track,170,0,24,2,6,1,0
61,6,powerplay,V Kohli,RHB,top,J Bumrah,pace,elite,seaming_track,170,0,30,3,5,1,0
61,7,middle,D Padikkal,LHB,avg,K Ahmed,pace,avg,seaming_track,170,0,35,4,2,0,0
61,8,middle,D Padikkal,LHB,avg,M Shami,pace,good,seaming_track,170,6,37,4,4,0,0
61,9,middle,D Padikkal,LHB,avg,H Patel,pace,avg,seaming_track,170,12,41,4,3,0,0
61,10,middle,D Padikkal,LHB,avg,A Rashid,spin,elite,seaming_track,170,18,44,4,0,1,0
61,11,middle,S Gill,RHB,solid,Y Chahal,spin,good,seaming_track,170,0,44,5,0,1,0
62,1,powerplay,N Pooran,LHB,top,M Shami,pace,good,seaming_track,163,0,0,0,13,0,1
62,2,powerplay,N Pooran,LHB,top,H Patel,pace,avg,seaming_track,163,6,13,0,7,0,0
62,3,powerplay,N Pooran,LHB,top,T Boult,pace,good,seaming_track,163,12,20,0,5,0,0
62,4,powerplay,N Pooran,LHB,top,R Jadeja,spin,good,seaming_track,163,18,25,0,6,0,1
62,5,powerplay,N Pooran,LHB,top,J Bumrah,pace,elite,seaming_track,163,24,31,0,8,0,0
62,6,powerplay,N Pooran,LHB,top,Y Chahal,spin,good,seaming_track,163,30,39,0,8,0,0
62,7,middle,N Pooran,LHB,top,M Shami,pace,good,seaming_track,163,36,47,0,7,0,0
62,8,middle,N Pooran,LHB,top,H Patel,pace,avg,seaming_track,163,42,54,0,9,0,0
62,9,middle,N Pooran,LHB,top,T Boult,pace,good,seaming_track,163,48,63,0,9,0,0
62,10,middle,N Pooran,LHB,top,R Jadeja,spin,good,seaming_track,163,54,72,0,6,0,1
62,11,middle,N Pooran,LHB,top,J Bumrah,pace,elite,seaming_track,163,60,78,0,9,0,0
62,12,middle,N Pooran,LHB,top,Y Chahal,spin,good,seaming_track,163,66,87,0,3,0,0
62,13,middle,N Pooran,LHB,top,M Shami,pace,good,seaming_track,163,72,90,0,10,0,0
62,14,middle,N Pooran,LHB,top,H Patel,pace,avg,seaming_track,163,78,100,0,9,0,0
62,15,middle,N Pooran,LHB,top,T Boult,pace,good,seaming_track,163,84,109,0,7,0,0
62,16,death,N Pooran,LHB,top,R Jadeja,spin,good,seaming_track,163,90,116,0,10,1,1
62,17,death,R Pant,LHB,top,J Bumrah,pace,elite,seaming_track,163,0,126,1,8,1,0
62,18,death,S Gill,RHB,solid,Y Chahal,spin,good,seaming_track,163,0,134,2,9,1,0
62,19,death,V Kohli,RHB,top,M Shami,pace,good,seaming_track,163,0,143,3,4,0,1
62,20,death,V Kohli,RHB,top,H Patel,pace,avg,seaming_track,163,6,147,3,6,1,0
63,1,powerplay,S Gill,RHB,solid,H Patel,pace,avg,batting_paradise,159,0,0,0,15,0,1
63,2,powerplay,S Gill,RHB,solid,R Jadeja,spin,good,batting_paradise,159,6,15,0,8,0,0
63,3,powerplay,S Gill,RHB,solid,J Bumrah,pace,elite,batting_paradise,159,12,23,0,6,0,0
63,4,powerplay,S Gill,RHB,solid,M Shami,pace,good,batting_paradise,159,18,29,0,12,1,1
63,5,powerplay,R Parag,RHB,avg,Y Chahal,spin,good,batting_paradise,159,0,41,1,3,1,0
63,6,powerplay,N Pooran,LHB,top,A Rashid,spin,elite,batting_paradise,159,0,44,2,5,0,0
63,7,middle,N Pooran,LHB,top,H Patel,pace,avg,batting_paradise,159,6,49,2,16,0,2
63,8,middle,N Pooran,LHB,top,R Jadeja,spin,good,batting_paradise,159,12,65,2,12,0,2
63,9,middle,N Pooran,LHB,top,J Bumrah,pace,elite,batting_paradise,159,18,77,2,7,0,1
63,10,middle,N Pooran,LHB,top,M Shami,pace,good,batting_paradise,159,24,84,2,8,0,0
63,11,middle,N Pooran,LHB,top,Y Chahal,spin,good,batting_paradise,159,30,92,2,9,0,0
63,12,middle,N Pooran,LHB,top,A Rashid,spin,elite,batting_paradise,159,36,101,2,6,1,0
63,13,middle,H Pandya,RHB,solid,H Patel,pace,avg,batting_paradise,159,0,107,3,5,0,0
63,14,middle,H Pandya,RHB,solid,R Jadeja,spin,good,batting_paradise,159,6,112,3,9,0,0
63,15,middle,H Pandya,RHB,solid,J Bumrah,pace,elite,batting_paradise,159,12,121,3,6,1,0
63,16,death,V Kohli,RHB,top,M Shami,pace,good,batting_paradise,159,0,127,4,13,0,1
63,17,death,V Kohli,RHB,top,Y Chahal,spin,good,batting_paradise,159,6,140,4,8,1,1
63,18,death,S Yadav,RHB,top,A Rashid,spin,elite,batting_paradise,159,0,148,5,16,0,1
63,19,death,S Yadav,RHB,top,H Patel,pace,avg,batting_paradise,159,6,164,5,12,1,1
64,1,powerplay,N Pooran,LHB,top,H Patel,pace,avg,balanced,108,0,0,0,12,0,1
64,2,powerplay,N Pooran,LHB,top,R Jadeja,spin,good,balanced,108,6,12,0,8,0,0
64,3,powerplay,N Pooran,LHB,top,M Shami,pace,good,balanced,108,12,20,0,12,0,2
64,4,powerplay,N Pooran,LHB,top,A Rashid,spin,elite,balanced,108,18,32,0,8,0,0
64,5,powerplay,N Pooran,LHB,top,J Bumrah,pace,elite,balanced,108,24,40,0,7,0,0
64,6,powerplay,N Pooran,LHB,top,Y Chahal,spin,good,balanced,108,30,47,0,9,0,0
64,7,middle,N Pooran,LHB,top,H Patel,pace,avg,balanced,108,36,56,0,9,0,0
64,8,middle,N Pooran,LHB,top,R Jadeja,spin,good,balanced,108,42,65,0,3,0,0
64,9,middle,N Pooran,LHB,top,M Shami,pace,good,balanced,108,48,68,0,8,0,0
64,10,middle,N Pooran,LHB,top,A Rashid,spin,elite,balanced,108,54,76,0,5,0,1
64,11,middle,N Pooran,LHB,top,J Bumrah,pace,elite,balanced,108,60,81,0,13,0,1
64,12,middle,N Pooran,LHB,top,Y Chahal,spin,good,balanced,108,66,94,0,2,1,0
64,13,middle,R Parag,RHB,avg,H Patel,pace,avg,balanced,108,0,96,1,2,1,0
64,14,middle,S Gill,RHB,solid,R Jadeja,spin,good,balanced,108,0,98,2,3,0,0
64,15,middle,S Gill,RHB,solid,M Shami,pace,good,balanced,108,6,101,2,5,0,0
64,16,death,S Gill,RHB,solid,A Rashid,spin,elite,balanced,108,12,106,2,12,1,1
64,17,death,R Pant,LHB,top,J Bumrah,pace,elite,balanced,108,0,118,3,0,1,0
64,18,death,KL Rahul,RHB,solid,Y Chahal,spin,good,balanced,108,0,118,4,4,0,0
64,19,death,KL Rahul,RHB,solid,H Patel,pace,avg,balanced,108,6,122,4,11,1,0
64,20,death,S Yadav,RHB,top,R Jadeja,spin,good,balanced,108,0,133,5,8,1,0
65,1,powerplay,H Pandya,RHB,solid,K Ahmed,pace,avg,slow_turner,154,0,0,0,2,1,0
65,2,powerplay,KL Rahul,RHB,solid,J Bumrah,pace,elite,slow_turner,154,0,2,1,1,1,0
65,3,powerplay,S Gill,RHB,solid,A Rashid,spin,elite,slow_turner,154,0,3,2,2,1,0
65,4,powerplay,S Yadav,RHB,top,T Boult,pace,good,slow_turner,154,0,5,3,6,0,0
65,5,powerplay,S Yadav,RHB,top,H Patel,pace,avg,slow_turner,154,6,11,3,5,1,0
65,6,powerplay,N Pooran,LHB,top,M Shami,pace,good,slow_turner,154,0,16,4,3,1,0
65,7,middle,D Padikkal,LHB,avg,K Ahmed,pace,avg,slow_turner,154,0,19,5,5,0,0
65,8,middle,D Padikkal,LHB,avg,J Bumrah,pace,elite,slow_turner,154,6,24,5,2,1,0
66,1,powerplay,S Gill,RHB,solid,J Bumrah,pace,elite,slow_turner,181,0,0,0,4,0,0
66,2,powerplay,S Gill,RHB,solid,A Rashid,spin,elite,slow_turner,181,6,4,0,5,1,0
66,3,powerplay,R Parag,RHB,avg,T Boult,pace,good,slow_turner,181,0,9,1,7,1,0
66,4,powerplay,V Kohli,RHB,top,Y Chahal,spin,good,slow_turner,181,0,16,2,1,1,0
66,5,powerplay,S Yadav,RHB,top,M Shami,pace,good,slow_turner,181,0,17,3,4,0,0
66,6,powerplay,S Yadav,RHB,top,K Ahmed,pace,avg,slow_turner,181,6,21,3,15,1,1
66,7,middle,R Sharma,RHB,top,J Bumrah,pace,elite,slow_turner,181,0,36,4,6,0,0
66,8,middle,R Sharma,RHB,top,A Rashid,spin,elite,slow_turner,181,6,42,4,3,0,0
66,9,middle,R Sharma,RHB,top,T Boult,pace,good,slow_turner,181,12,45,4,9,0,0
66,10,middle,R Sharma,RHB,top,Y Chahal,spin,good,slow_turner,181,18,54,4,7,0,0
66,11,middle,R Sharma,RHB,top,M Shami,pace,good,slow_turner,181,24,61,4,2,0,0
66,12,middle,R Sharma,RHB,top,K Ahmed,pace,avg,slow_turner,181,30,63,4,11,0,0
66,13,middle,R Sharma,RHB,top,J Bumrah,pace,elite,slow_turner,181,36,74,4,5,0,0
66,14,middle,R Sharma,RHB,top,A Rashid,spin,elite,slow_turner,181,42,79,4,4,1,0
66,15,middle,H Pandya,RHB,solid,T Boult,pace,good,slow_turner,181,0,83,5,7,0,0
66,16,death,H Pandya,RHB,solid,Y Chahal,spin,good,slow_turner,181,6,90,5,12,0,1
66,17,death,H Pandya,RHB,solid,M Shami,pace,good,slow_turner,181,12,102,5,4,0,0
66,18,death,H Pandya,RHB,solid,K Ahmed,pace,avg,slow_turner,181,18,106,5,12,0,1
66,19,death,H Pandya,RHB,solid,J Bumrah,pace,elite,slow_turner,181,24,118,5,6,1,0
67,1,powerplay,R Parag,RHB,avg,T Boult,pace,good,batting_paradise,152,0,0,0,7,1,0
67,2,powerplay,H Pandya,RHB,solid,M Shami,pace,good,batting_paradise,152,0,7,1,1,1,0
67,3,powerplay,S Gill,RHB,solid,A Rashid,spin,elite,batting_paradise,152,0,8,2,8,1,1
67,4,powerplay,D Padikkal,LHB,avg,R Jadeja,spin,good,batting_paradise,152,0,16,3,1,1,0
67,5,powerplay,S Yadav,RHB,top,Y Chahal,spin,good,batting_paradise,152,0,17,4,9,0,0
67,6,powerplay,S Yadav,RHB,top,H Patel,pace,avg,batting_paradise,152,6,26,4,12,0,1
67,7,middle,S Yadav,RHB,top,T Boult,pace,good,batting_paradise,152,12,38,4,12,0,1
67,8,middle,S Yadav,RHB,top,M Shami,pace,good,batting_paradise,152,18,50,4,13,0,1
67,9,middle,S Yadav,RHB,top,A Rashid,spin,elite,batting_paradise,152,24,63,4,11,1,0
67,10,middle,R Pant,LHB,top,R Jadeja,spin,good,batting_paradise,152,0,74,5,9,0,0
67,11,middle,R Pant,LHB,top,Y Chahal,spin,good,batting_paradise,152,6,83,5,12,0,1
67,12,middle,R Pant,LHB,top,H Patel,pace,avg,batting_paradise,152,12,95,5,15,0,2
67,13,middle,R Pant,LHB,top,T Boult,pace,good,batting_paradise,152,18,110,5,12,0,2
67,14,middle,R Pant,LHB,top,M Shami,pace,good,batting_paradise,152,24,122,5,12,0,2
67,15,middle,R Pant,LHB,top,A Rashid,spin,elite,batting_paradise,152,30,134,5,16,0,1
67,16,death,R Pant,LHB,top,R Jadeja,spin,good,batting_paradise,152,36,150,5,18,1,1
68,1,powerplay,KL Rahul,RHB,solid,A Rashid,spin,elite,batting_paradise,163,0,0,0,1,1,0
68,2,powerplay,H Pandya,RHB,solid,T Boult,pace,good,batting_paradise,163,0,1,1,5,0,0
68,3,powerplay,H Pandya,RHB,solid,R Jadeja,spin,good,batting_paradise,163,6,6,1,7,0,0
68,4,powerplay,H Pandya,RHB,solid,J Bumrah,pace,elite,batting_paradise,163,12,13,1,9,0,0
68,5,powerplay,H Pandya,RHB,solid,M Shami,pace,good,batting_paradise,163,18,22,1,13,0,1
68,6,powerplay,H Pandya,RHB,solid,H Patel,pace,avg,batting_paradise,163,24,35,1,14,0,2
68,7,middle,H Pandya,RHB,solid,A Rashid,spin,elite,batting_paradise,163,30,49,1,10,0,0
68,8,middle,H Pandya,RHB,solid,T Boult,pace,good,batting_paradise,163,36,59,1,12,0,1
68,9,middle,H Pandya,RHB,solid,R Jadeja,spin,good,batting_paradise,163,42,71,1,8,0,0
68,10,middle,H Pandya,RHB,solid,J Bumrah,pace,elite,batting_paradise,163,48,79,1,12,0,1
68,11,middle,H Pandya,RHB,solid,M Shami,pace,good,batting_paradise,163,54,91,1,8,0,0
68,12,middle,H Pandya,RHB,solid,H Patel,pace,avg,batting_paradise,163,60,99,1,12,0,1
68,13,middle,H Pandya,RHB,solid,A Rashid,spin,elite,batting_paradise,163,66,111,1,11,1,1
68,14,middle,S Yadav,RHB,top,T Boult,pace,good,batting_paradise,163,0,122,2,9,0,0
68,15,middle,S Yadav,RHB,top,R Jadeja,spin,good,batting_paradise,163,6,131,2,8,0,0
68,16,death,S Yadav,RHB,top,J Bumrah,pace,elite,batting_paradise,163,12,139,2,11,0,0
68,17,death,S Yadav,RHB,top,M Shami,pace,good,batting_paradise,163,18,150,2,19,1,2
68,18,death,R Parag,RHB,avg,H Patel,pace,avg,batting_paradise,163,0,169,3,8,0,1
68,19,death,R Parag,RHB,avg,A Rashid,spin,elite,batting_paradise,163,6,177,3,4,0,0
68,20,death,R Parag,RHB,avg,T Boult,pace,good,batting_paradise,163,12,181,3,5,0,0
69,1,powerplay,R Parag,RHB,avg,R Jadeja,spin,good,seaming_track,182,0,0,0,0,1,0
69,2,powerplay,S Yadav,RHB,top,J Bumrah,pace,elite,seaming_track,182,0,0,1,4,0,0
69,3,powerplay,S Yadav,RHB,top,T Boult,pace,good,seaming_track,182,6,4,1,5,0,0
69,4,powerplay,S Yadav,RHB,top,M Shami,pace,good,seaming_track,182,12,9,1,8,0,0
69,5,powerplay,S Yadav,RHB,top,K Ahmed,pace,avg,seaming_track,182,18,17,1,12,0,1
69,6,powerplay,S Yadav,RHB,top,H Patel,pace,avg,seaming_track,182,24,29,1,8,1,0
69,7,middle,V Kohli,RHB,top,R Jadeja,spin,good,seaming_track,182,0,37,2,2,0,0
69,8,middle,V Kohli,RHB,top,J Bumrah,pace,elite,seaming_track,182,6,39,2,5,1,0
69,9,middle,KL Rahul,RHB,solid,T Boult,pace,good,seaming_track,182,0,44,3,13,0,1
69,10,middle,KL Rahul,RHB,solid,M Shami,pace,good,seaming_track,182,6,57,3,7,0,0
69,11,middle,KL Rahul,RHB,solid,K Ahmed,pace,avg,seaming_track,182,12,64,3,8,0,0
69,12,middle,KL Rahul,RHB,solid,H Patel,pace,avg,seaming_track,182,18,72,3,6,0,1
69,13,middle,KL Rahul,RHB,solid,R Jadeja,spin,good,seaming_track,182,24,78,3,8,1,0
69,14,middle,N Pooran,LHB,top,J Bumrah,pace,elite,seaming_track,182,0,86,4,4,1,0
69,15,middle,H Pandya,RHB,solid,T Boult,pace,good,seaming_track,182,0,90,5,4,0,0
69,16,death,H Pandya,RHB,solid,M Shami,pace,good,seaming_track,182,6,94,5,12,0,2
69,17,death,H Pandya,RHB,solid,K Ahmed,pace,avg,seaming_track,182,12,106,5,11,0,1
69,18,death,H Pandya,RHB,solid,H Patel,pace,avg,seaming_track,182,18,117,5,9,1,1
70,1,powerplay,N Pooran,LHB,top,J Bumrah,pace,elite,seaming_track,203,0,0,0,6,0,0
70,2,powerplay,N Pooran,LHB,top,A Rashid,spin,elite,seaming_track,203,6,6,0,5,0,0
70,3,powerplay,N Pooran,LHB,top,Y Chahal,spin,good,seaming_track,203,12,11,0,5,1,0
70,4,powerplay,KL Rahul,RHB,solid,M Shami,pace,good,seaming_track,203,0,16,1,5,0,0
70,5,powerplay,KL Rahul,RHB,solid,R Jadeja,spin,good,seaming_track,203,6,21,1,7,0,0
70,6,powerplay,KL Rahul,RHB,solid,T Boult,pace,good,seaming_track,203,12,28,1,3,0,1
70,7,middle,KL Rahul,RHB,solid,J Bumrah,pace,elite,seaming_track,203,18,31,1,3,0,0
70,8,middle,KL Rahul,RHB,solid,A Rashid,spin,elite,seaming_track,203,24,34,1,9,0,0
70,9,middle,KL Rahul,RHB,solid,Y Chahal,spin,good,seaming_track,203,30,43,1,9,0,1
70,10,middle,KL Rahul,RHB,solid,M Shami,pace,good,seaming_track,203,36,52,1,7,0,0
70,11,middle,KL Rahul,RHB,solid,R Jadeja,spin,good,seaming_track,203,42,59,1,3,1,0
70,12,middle,R Parag,RHB,avg,T Boult,pace,good,seaming_track,203,0,62,2,1,1,0
70,13,middle,D Padikkal,LHB,avg,J Bumrah,pace,elite,seaming_track,203,0,63,3,2,0,0
70,14,middle,D Padikkal,LHB,avg,A Rashid,spin,elite,seaming_track,203,6,65,3,5,0,0
70,15,middle,D Padikkal,LHB,avg,Y Chahal,spin,good,seaming_track,203,12,70,3,3,0,0
70,16,death,D Padikkal,LHB,avg,M Shami,pace,good,seaming_track,203,18,73,3,9,0,0
70,17,death,D Padikkal,LHB,avg,R Jadeja,spin,good,seaming_track,203,24,82,3,11,1,0
70,18,death,V Kohli,RHB,top,T Boult,pace,good,seaming_track,203,0,93,4,0,1,0
70,19,death,R Pant,LHB,top,J Bumrah,pace,elite,seaming_track,203,0,93,5,8,1,1
71,1,powerplay,R Parag,RHB,avg,Y Chahal,spin,good,batting_paradise,181,0,0,0,9,1,0
71,2,powerplay,S Gill,RHB,solid,T Boult,pace,good,batting_paradise,181,0,9,1,8,0,0
71,3,powerplay,S Gill,RHB,solid,H Patel,pace,avg,batting_paradise,181,6,17,1,13,1,1
71,4,powerplay,N Pooran,LHB,top,A Rashid,spin,elite,batting_paradise,181,0,30,2,5,0,0
71,5,powerplay,N Pooran,LHB,top,K Ahmed,pace,avg,batting_paradise,181,6,35,2,5,0,0
71,6,powerplay,N Pooran,LHB,top,J Bumrah,pace,elite,batting_paradise,181,12,40,2,12,0,1
71,7,middle,N Pooran,LHB,top,Y Chahal,spin,good,batting_paradise,181,18,52,2,9,0,0
71,8,middle,N Pooran,LHB,top,T Boult,pace,good,batting_paradise,181,24,61,2,14,0,2
71,9,middle,N Pooran,LHB,top,H Patel,pace,avg,batting_paradise,181,30,75,2,13,0,2
71,10,middle,N Pooran,LHB,top,A Rashid,spin,elite,batting_paradise,181,36,88,2,10,0,0
71,11,middle,N Pooran,LHB,top,K Ahmed,pace,avg,batting_paradise,181,42,98,2,13,0,2
71,12,middle,N Pooran,LHB,top,J Bumrah,pace,elite,batting_paradise,181,48,111,2,10,0,0
71,13,middle,N Pooran,LHB,top,Y Chahal,spin,good,batting_paradise,181,54,121,2,16,0,1
71,14,middle,N Pooran,LHB,top,T Boult,pace,good,batting_paradise,181,60,137,2,13,1,1
71,15,middle,KL Rahul,RHB,solid,H Patel,pace,avg,batting_paradise,181,0,150,3,7,0,0
71,16,death,KL Rahul,RHB,solid,A Rashid,spin,elite,batting_paradise,181,6,157,3,8,1,0
71,17,death,R Sharma,RHB,top,K Ahmed,pace,avg,batting_paradise,181,0,165,4,8,1,1
71,18,death,S Yadav,RHB,top,J Bumrah,pace,elite,batting_paradise,181,0,173,5,14,1,1
72,1,powerplay,S Yadav,RHB,top,A Rashid,spin,elite,slow_turner,143,0,0,0,5,0,1
72,2,powerplay,S Yadav,RHB,top,M Shami,pace,good,slow_turner,143,6,5,0,7,1,0
72,3,powerplay,H Pandya,RHB,solid,K Ahmed,pace,avg,slow_turner,143,0,12,1,2,1,0
72,4,powerplay,S Gill,RHB,solid,T Boult,pace,good,slow_turner,143,0,14,2,1,1,0
72,5,powerplay,N Pooran,LHB,top,Y Chahal,spin,good,slow_turner,143,0,15,3,6,0,0
72,6,powerplay,N Pooran,LHB,top,R Jadeja,spin,good,slow_turner,143,6,21,3,4,0,0
72,7,middle,N Pooran,LHB,top,A Rashid,spin,elite,slow_turner,143,12,25,3,8,0,0
72,8,middle,N Pooran,LHB,top,M Shami,pace,good,slow_turner,143,18,33,3,8,0,0
72,9,middle,N Pooran,LHB,top,K Ahmed,pace,avg,slow_turner,143,24,41,3,20,0,1
72,10,middle,N Pooran,LHB,top,T Boult,pace,good,slow_turner,143,30,61,3,3,0,1
72,11,middle,N Pooran,LHB,top,Y Chahal,spin,good,slow_turner,143,36,64,3,9,0,0
72,12,middle,N Pooran,LHB,top,R Jadeja,spin,good,slow_turner,143,42,73,3,6,0,0
72,13,middle,N Pooran,LHB,top,A Rashid,spin,elite,slow_turner,143,48,79,3,5,0,0
72,14,middle,N Pooran,LHB,top,M Shami,pace,good,slow_turner,143,54,84,3,7,0,0
72,15,middle,N Pooran,LHB,top,K Ahmed,pace,avg,slow_turner,143,60,91,3,11,0,0
72,16,death,N Pooran,LHB,top,T Boult,pace,good,slow_turner,143,66,102,3,12,0,1
72,17,death,N Pooran,LHB,top,Y Chahal,spin,good,slow_turner,143,72,114,3,3,1,0
72,18,death,V Kohli,RHB,top,R Jadeja,spin,good,slow_turner,143,0,117,4,6,1,0
72,19,death,D Padikkal,LHB,avg,A Rashid,spin,elite,slow_turner,143,0,123,5,3,0,0
72,20,death,D Padikkal,LHB,avg,M Shami,pace,good,slow_turner,143,6,126,5,2,1,0
73,1,powerplay,KL Rahul,RHB,solid,H Patel,pace,avg,slow_turner,199,0,0,0,4,0,0
73,2,powerplay,KL Rahul,RHB,solid,M Shami,pace,good,slow_turner,199,6,4,0,3,1,0
73,3,powerplay,V Kohli,RHB,top,Y Chahal,spin,good,slow_turner,199,0,7,1,10,0,0
73,4,powerplay,V Kohli,RHB,top,A Rashid,spin,elite,slow_turner,199,6,17,1,4,0,0
73,5,powerplay,V Kohli,RHB,top,R Jadeja,spin,good,slow_turner,199,12,21,1,8,0,0
73,6,powerplay,V Kohli,RHB,top,J Bumrah,pace,elite,slow_turner,199,18,29,1,5,0,0
73,7,middle,V Kohli,RHB,top,H Patel,pace,avg,slow_turner,199,24,34,1,8,0,0
73,8,middle,V Kohli,RHB,top,M Shami,pace,good,slow_turner,199,30,42,1,5,0,0
73,9,middle,V Kohli,RHB,top,Y Chahal,spin,good,slow_turner,199,36,47,1,5,1,0
73,10,middle,D Padikkal,LHB,avg,A Rashid,spin,elite,slow_turner,199,0,52,2,2,1,0
73,11,middle,R Sharma,RHB,top,R Jadeja,spin,good,slow_turner,199,0,54,3,2,0,0
73,12,middle,R Sharma,RHB,top,J Bumrah,pace,elite,slow_turner,199,6,56,3,3,0,0
73,13,middle,R Sharma,RHB,top,H Patel,pace,avg,slow_turner,199,12,59,3,7,0,0
73,14,middle,R Sharma,RHB,top,M Shami,pace,good,slow_turner,199,18,66,3,5,1,0
73,15,middle,R Pant,LHB,top,Y Chahal,spin,good,slow_turner,199,0,71,4,10,0,0
73,16,death,R Pant,LHB,top,A Rashid,spin,elite,slow_turner,199,6,81,4,6,1,0
73,17,death,H Pandya,RHB,solid,R Jadeja,spin,good,slow_turner,199,0,87,5,3,1,0
74,1,powerplay,N Pooran,LHB,top,T Boult,pace,good,slow_turner,187,0,0,0,5,1,0
74,2,powerplay,D Padikkal,LHB,avg,R Jadeja,spin,good,slow_turner,187,0,5,1,3,0,0
74,3,powerplay,D Padikkal,LHB,avg,H Patel,pace,avg,slow_turner,187,6,8,1,8,0,0
74,4,powerplay,D Padikkal,LHB,avg,M Shami,pace,good,slow_turner,187,12,16,1,3,1,0
74,5,powerplay,R Parag,RHB,avg,A Rashid,spin,elite,slow_turner,187,0,19,2,6,0,0
74,6,powerplay,R Parag,RHB,avg,J Bumrah,pace,elite,slow_turner,187,6,25,2,1,1,0
74,7,middle,R Pant,LHB,top,T Boult,pace,good,slow_turner,187,0,26,3,2,0,0
74,8,middle,R Pant,LHB,top,R Jadeja,spin,good,slow_turner,187,6,28,3,4,0,0
74,9,middle,R Pant,LHB,top,H Patel,pace,avg,slow_turner,187,12,32,3,10,0,0
74,10,middle,R Pant,LHB,top,M Shami,pace,good,slow_turner,187,18,42,3,6,0,0
74,11,middle,R Pant,LHB,top,A Rashid,spin,elite,slow_turner,187,24,48,3,3,0,0
74,12,middle,R Pant,LHB,top,J Bumrah,pace,elite,slow_turner,187,30,51,3,6,0,0
74,13,middle,R Pant,LHB,top,T Boult,pace,good,slow_turner,187,36,57,3,5,0,0
74,14,middle,R Pant,LHB,top,R Jadeja,spin,good,slow_turner,187,42,62,3,8,1,1
74,15,middle,H Pandya,RHB,solid,H Patel,pace,avg,slow_turner,187,0,70,4,6,0,0
74,16,death,H Pandya,RHB,solid,M Shami,pace,good,slow_turner,187,6,76,4,4,0,1
74,17,death,H Pandya,RHB,solid,A Rashid,spin,elite,slow_turner,187,12,80,4,8,0,0
74,18,death,H Pandya,RHB,solid,J Bumrah,pace,elite,slow_turner,187,18,88,4,6,1,0
74,19,death,R Sharma,RHB,top,T Boult,pace,good,slow_turner,187,0,94,5,5,0,0
74,20,death,R Sharma,RHB,top,R Jadeja,spin,good,slow_turner,187,6,99,5,1,0,0
75,1,powerplay,KL Rahul,RHB,solid,A Rashid,spin,elite,seaming_track,133,0,0,0,0,1,0
75,2,powerplay,R Parag,RHB,avg,T Boult,pace,good,seaming_track,133,0,0,1,0,1,0
75,3,powerplay,V Kohli,RHB,top,K Ahmed,pace,avg,seaming_track,133,0,0,2,8,0,0
75,4,powerplay,V Kohli,RHB,top,H Patel,pace,avg,seaming_track,133,6,8,2,11,0,0
75,5,powerplay,V Kohli,RHB,top,J Bumrah,pace,elite,seaming_track,133,12,19,2,9,0,0
75,6,powerplay,V Kohli,RHB,top,M Shami,pace,good,seaming_track,133,18,28,2,5,0,0
75,7,middle,V Kohli,RHB,top,A Rashid,spin,elite,seaming_track,133,24,33,2,2,0,0
75,8,middle,V Kohli,RHB,top,T Boult,pace,good,seaming_track,133,30,35,2,7,0,0
75,9,middle,V Kohli,RHB,top,K Ahmed,pace,avg,seaming_track,133,36,42,2,8,0,0
75,10,middle,V Kohli,RHB,top,H Patel,pace,avg,seaming_track,133,42,50,2,5,0,0
75,11,middle,V Kohli,RHB,top,J Bumrah,pace,elite,seaming_track,133,48,55,2,7,0,1
75,12,middle,V Kohli,RHB,top,M Shami,pace,good,seaming_track,133,54,62,2,4,0,0
75,13,middle,V Kohli,RHB,top,A Rashid,spin,elite,seaming_track,133,60,66,2,4,0,0
75,14,middle,V Kohli,RHB,top,T Boult,pace,good,seaming_track,133,66,70,2,8,1,0
75,15,middle,H Pandya,RHB,solid,K Ahmed,pace,avg,seaming_track,133,0,78,3,3,0,0
75,16,death,H Pandya,RHB,solid,H Patel,pace,avg,seaming_track,133,6,81,3,9,1,0
75,17,death,N Pooran,LHB,top,J Bumrah,pace,elite,seaming_track,133,0,90,4,3,0,0
75,18,death,N Pooran,LHB,top,M Shami,pace,good,seaming_track,133,6,93,4,9,0,0
75,19,death,N Pooran,LHB,top,A Rashid,spin,elite,seaming_track,133,12,102,4,7,0,0
75,20,death,N Pooran,LHB,top,T Boult,pace,good,seaming_track,133,18,109,4,8,0,0
76,1,powerplay,V Kohli,RHB,top,J Bumrah,pace,elite,seaming_track,191,0,0,0,5,0,0
76,2,powerplay,V Kohli,RHB,top,R Jadeja,spin,good,seaming_track,191,6,5,0,2,0,1
76,3,powerplay,V Kohli,RHB,top,T Boult,pace,good,seaming_track,191,12,7,0,1,1,0
76,4,powerplay,KL Rahul,RHB,solid,H Patel,pace,avg,seaming_track,191,0,8,1,11,0,0
76,5,powerplay,KL Rahul,RHB,solid,A Rashid,spin,elite,seaming_track,191,6,19,1,2,1,0
76,6,powerplay,H Pandya,RHB,solid,M Shami,pace,good,seaming_track,191,0,21,2,8,0,0
76,7,middle,H Pandya,RHB,solid,J Bumrah,pace,elite,seaming_track,191,6,29,2,5,0,0
76,8,middle,H Pandya,RHB,solid,R Jadeja,spin,good,seaming_track,191,12,34,2,8,0,0
76,9,middle,H Pandya,RHB,solid,T Boult,pace,good,seaming_track,191,18,42,2,7,0,0
76,10,middle,H Pandya,RHB,solid,H Patel,pace,avg,seaming_track,191,24,49,2,12,1,1
76,11,middle,R Pant,LHB,top,A Rashid,spin,elite,seaming_track,191,0,61,3,5,0,0
76,12,middle,R Pant,LHB,top,M Shami,pace,good,seaming_track,191,6,66,3,4,0,0
76,13,middle,R Pant,LHB,top,J Bumrah,pace,elite,seaming_track,191,12,70,3,5,1,0
76,14,middle,D Padikkal,LHB,avg,R Jadeja,spin,good,seaming_track,191,0,75,4,2,1,0
76,15,middle,N Pooran,LHB,top,T Boult,pace,good,seaming_track,191,0,77,5,7,0,0
76,16,death,N Pooran,LHB,top,H Patel,pace,avg,seaming_track,191,6,84,5,9,1,0
77,1,powerplay,S Gill,RHB,solid,M Shami,pace,good,batting_paradise,192,0,0,0,7,0,0
77,2,powerplay,S Gill,RHB,solid,Y Chahal,spin,good,batting_paradise,192,6,7,0,9,1,0
77,3,powerplay,D Padikkal,LHB,avg,T Boult,pace,good,batting_paradise,192,0,16,1,5,0,0
77,4,powerplay,D Padikkal,LHB,avg,K Ahmed,pace,avg,batting_paradise,192,6,21,1,10,0,0
77,5,powerplay,D Padikkal,LHB,avg,J Bumrah,pace,elite,batting_paradise,192,12,31,1,9,0,0
77,6,powerplay,D Padikkal,LHB,avg,H Patel,pace,avg,batting_paradise,192,18,40,1,5,0,0
77,7,middle,D Padikkal,LHB,avg,M Shami,pace,good,batting_paradise,192,24,45,1,6,0,1
77,8,middle,D Padikkal,LHB,avg,Y Chahal,spin,good,batting_paradise,192,30,51,1,9,0,0
77,9,middle,D Padikkal,LHB,avg,T Boult,pace,good,batting_paradise,192,36,60,1,8,0,0
77,10,middle,D Padikkal,LHB,avg,K Ahmed,pace,avg,batting_paradise,192,42,68,1,10,0,1
77,11,middle,D Padikkal,LHB,avg,J Bumrah,pace,elite,batting_paradise,192,48,78,1,3,0,0
77,12,middle,D Padikkal,LHB,avg,H Patel,pace,avg,batting_paradise,192,54,81,1,2,1,0
77,13,middle,R Sharma,RHB,top,M Shami,pace,good,batting_paradise,192,0,83,2,7,0,0
77,14,middle,R Sharma,RHB,top,Y Chahal,spin,good,batting_paradise,192,6,90,2,7,0,0
77,15,middle,R Sharma,RHB,top,T Boult,pace,good,batting_paradise,192,12,97,2,13,0,1
77,16,death,R Sharma,RHB,top,K Ahmed,pace,avg,batting_paradise,192,18,110,2,23,1,1
77,17,death,V Kohli,RHB,top,J Bumrah,pace,elite,batting_paradise,192,0,133,3,12,1,2
77,18,death,S Yadav,RHB,top,H Patel,pace,avg,batting_paradise,192,0,145,4,13,1,2
77,19,death,R Pant,LHB,top,M Shami,pace,good,batting_paradise,192,0,158,5,12,1,1
78,1,powerplay,S Gill,RHB,solid,R Jadeja,spin,good,balanced,156,0,0,0,2,1,0
78,2,powerplay,D Padikkal,LHB,avg,K Ahmed,pace,avg,balanced,156,0,2,1,3,0,0
78,3,powerplay,D Padikkal,LHB,avg,J Bumrah,pace,elite,balanced,156,6,5,1,6,0,0
78,4,powerplay,D Padikkal,LHB,avg,M Shami,pace,good,balanced,156,12,11,1,3,1,0
78,5,powerplay,H Pandya,RHB,solid,Y Chahal,spin,good,balanced,156,0,14,2,2,0,0
78,6,powerplay,H Pandya,RHB,solid,T Boult,pace,good,balanced,156,6,16,2,6,0,0
78,7,middle,H Pandya,RHB,solid,R Jadeja,spin,good,balanced,156,12,22,2,7,1,0
78,8,middle,R Parag,RHB,avg,K Ahmed,pace,avg,balanced,156,0,29,3,5,0,0
78,9,middle,R Parag,RHB,avg,J Bumrah,pace,elite,balanced,156,6,34,3,5,0,0
78,10,middle,R Parag,RHB,avg,M Shami,pace,good,balanced,156,12,39,3,3,1,0
78,11,middle,R Sharma,RHB,top,Y Chahal,spin,good,balanced,156,0,42,4,3,0,0
78,12,middle,R Sharma,RHB,top,T Boult,pace,good,balanced,156,6,45,4,3,0,1
78,13,middle,R Sharma,RHB,top,R Jadeja,spin,good,balanced,156,12,48,4,9,0,0
78,14,middle,R Sharma,RHB,top,K Ahmed,pace,avg,balanced,156,18,57,4,10,1,0
78,15,middle,V Kohli,RHB,top,J Bumrah,pace,elite,balanced,156,0,67,5,6,0,0
78,16,death,V Kohli,RHB,top,M Shami,pace,good,balanced,156,6,73,5,6,0,0
78,17,death,V Kohli,RHB,top,Y Chahal,spin,good,balanced,156,12,79,5,5,1,0
79,1,powerplay,V Kohli,RHB,top,Y Chahal,spin,good,slow_turner,193,0,0,0,6,1,1
79,2,powerplay,S Yadav,RHB,top,R Jadeja,spin,good,slow_turner,193,0,6,1,5,0,0
79,3,powerplay,S Yadav,RHB,top,T Boult,pace,good,slow_turner,193,6,11,1,8,0,1
79,4,powerplay,S Yadav,RHB,top,H Patel,pace,avg,slow_turner,193,12,19,1,11,1,0
79,5,powerplay,KL Rahul,RHB,solid,A Rashid,spin,elite,slow_turner,193,0,30,2,3,1,0
79,6,powerplay,N Pooran,LHB,top,J Bumrah,pace,elite,slow_turner,193,0,33,3,3,1,0
79,7,middle,S Gill,RHB,solid,Y Chahal,spin,good,slow_turner,193,0,36,4,7,0,0
79,8,middle,S Gill,RHB,solid,R Jadeja,spin,good,slow_turner,193,6,43,4,7,0,1
79,9,middle,S Gill,RHB,solid,T Boult,pace,good,slow_turner,193,12,50,4,6,0,0
79,10,middle,S Gill,RHB,solid,H Patel,pace,avg,slow_turner,193,18,56,4,2,0,0
79,11,middle,S Gill,RHB,solid,A Rashid,spin,elite,slow_turner,193,24,58,4,4,0,0
79,12,middle,S Gill,RHB,solid,J Bumrah,pace,elite,slow_turner,193,30,62,4,8,0,0
79,13,middle,S Gill,RHB,solid,Y Chahal,spin,good,slow_turner,193,36,70,4,5,1,0
79,14,middle,H Pandya,RHB,solid,R Jadeja,spin,good,slow_turner,193,0,75,5,4,0,0
79,15,middle,H Pandya,RHB,solid,T Boult,pace,good,slow_turner,193,6,79,5,9,0,0
79,16,death,H Pandya,RHB,solid,H Patel,pace,avg,slow_turner,193,12,88,5,7,0,0
79,17,death,H Pandya,RHB,solid,A Rashid,spin,elite,slow_turner,193,18,95,5,1,1,0
80,1,powerplay,R Sharma,RHB,top,Y Chahal,spin,good,batting_paradise,158,0,0,0,8,1,1
80,2,powerplay,N Pooran,LHB,top,K Ahmed,pace,avg,batting_paradise,158,0,8,1,21,0,2
80,3,powerplay,N Pooran,LHB,top,A Rashid,spin,elite,batting_paradise,158,6,29,1,5,0,0
80,4,powerplay,N Pooran,LHB,top,H Patel,pace,avg,batting_paradise,158,12,34,1,14,0,1
80,5,powerplay,N Pooran,LHB,top,M Shami,pace,good,batting_paradise,158,18,48,1,11,0,0
80,6,powerplay,N Pooran,LHB,top,J Bumrah,pace,elite,batting_paradise,158,24,59,1,14,0,1
80,7,middle,N Pooran,LHB,top,Y Chahal,spin,good,batting_paradise,158,30,73,1,12,0,1
80,8,middle,N Pooran,LHB,top,K Ahmed,pace,avg,batting_paradise,158,36,85,1,20,0,1
80,9,middle,N Pooran,LHB,top,A Rashid,spin,elite,batting_paradise,158,42,105,1,12,0,2
80,10,middle,N Pooran,LHB,top,H Patel,pace,avg,batting_paradise,158,48,117,1,19,0,2
80,11,middle,N Pooran,LHB,top,M Shami,pace,good,batting_paradise,158,54,136,1,12,0,2
80,12,middle,N Pooran,LHB,top,J Bumrah,pace,elite,batting_paradise,158,60,148,1,8,0,0
80,13,middle,N Pooran,LHB,top,Y Chahal,spin,good,batting_paradise,158,66,156,1,19,0,1
80,14,middle,N Pooran,LHB,top,K Ahmed,pace,avg,batting_paradise,158,72,175,1,16,0,1
80,15,middle,N Pooran,LHB,top,A Rashid,spin,elite,batting_paradise,158,78,191,1,6,0,0
80,16,death,N Pooran,LHB,top,H Patel,pace,avg,batting_paradise,158,84,197,1,16,1,1
80,17,death,S Gill,RHB,solid,M Shami,pace,good,batting_paradise,158,0,213,2,6,1,0
80,18,death,R Parag,RHB,avg,J Bumrah,pace,elite,batting_paradise,158,0,219,3,5,0,0
80,19,death,R Parag,RHB,avg,Y Chahal,spin,good,batting_paradise,158,6,224,3,11,0,0
80,20,death,R Parag,RHB,avg,K Ahmed,pace,avg,batting_paradise,158,12,235,3,11,1,0
81,1,powerplay,H Pandya,RHB,solid,Y Chahal,spin,good,batting_paradise,158,0,0,0,8,1,0
81,2,powerplay,D Padikkal,LHB,avg,T Boult,pace,good,batting_paradise,158,0,8,1,5,1,0
81,3,powerplay,KL Rahul,RHB,solid,J Bumrah,pace,elite,batting_paradise,158,0,13,2,0,0,0
81,4,powerplay,KL Rahul,RHB,solid,A Rashid,spin,elite,batting_paradise,158,6,13,2,3,0,0
81,5,powerplay,KL Rahul,RHB,solid,R Jadeja,spin,good,batting_paradise,158,12,16,2,13,0,1
81,6,powerplay,KL Rahul,RHB,solid,H Patel,pace,avg,batting_paradise,158,18,29,2,9,0,1
81,7,middle,KL Rahul,RHB,solid,Y Chahal,spin,good,batting_paradise,158,24,38,2,19,1,1
81,8,middle,S Gill,RHB,solid,T Boult,pace,good,batting_paradise,158,0,57,3,3,0,0
81,9,middle,S Gill,RHB,solid,J Bumrah,pace,elite,batting_paradise,158,6,60,3,4,0,1
81,10,middle,S Gill,RHB,solid,A Rashid,spin,elite,batting_paradise,158,12,64,3,7,1,0
81,11,middle,R Pant,LHB,top,R Jadeja,spin,good,batting_paradise,158,0,71,4,5,0,0
81,12,middle,R Pant,LHB,top,H Patel,pace,avg,batting_paradise,158,6,76,4,8,1,0
81,13,middle,N Pooran,LHB,top,Y Chahal,spin,good,batting_paradise,158,0,84,5,10,0,0
81,14,middle,N Pooran,LHB,top,T Boult,pace,good,batting_paradise,158,6,94,5,10,0,1
81,15,middle,N Pooran,LHB,top,J Bumrah,pace,elite,batting_paradise,158,12,104,5,7,0,0
81,16,death,N Pooran,LHB,top,A Rashid,spin,elite,batting_paradise,158,18,111,5,9,1,0
82,1,powerplay,S Gill,RHB,solid,J Bumrah,pace,elite,slow_turner,148,0,0,0,2,0,0
82,2,powerplay,S Gill,RHB,solid,T Boult,pace,good,slow_turner,148,6,2,0,4,1,0
82,3,powerplay,N Pooran,LHB,top,Y Chahal,spin,good,slow_turner,148,0,6,1,2,1,0
82,4,powerplay,R Pant,LHB,top,R Jadeja,spin,good,slow_turner,148,0,8,2,4,0,0
82,5,powerplay,R Pant,LHB,top,M Shami,pace,good,slow_turner,148,6,12,2,4,1,1
82,6,powerplay,R Parag,RHB,avg,H Patel,pace,avg,slow_turner,148,0,16,3,6,0,0
82,7,middle,R Parag,RHB,avg,J Bumrah,pace,elite,slow_turner,148,6,22,3,0,1,0
82,8,middle,D Padikkal,LHB,avg,T Boult,pace,good,slow_turner,148,0,22,4,4,0,0
82,9,middle,D Padikkal,LHB,avg,Y Chahal,spin,good,slow_turner,148,6,26,4,3,0,0
82,10,middle,D Padikkal,LHB,avg,R Jadeja,spin,good,slow_turner,148,12,29,4,6,0,0
82,11,middle,D Padikkal,LHB,avg,M Shami,pace,good,slow_turner,148,18,35,4,9,0,0
82,12,middle,D Padikkal,LHB,avg,H Patel,pace,avg,slow_turner,148,24,44,4,5,1,0
82,13,middle,V Kohli,RHB,top,J Bumrah,pace,elite,slow_turner,148,0,49,5,1,1,1
83,1,powerplay,S Yadav,RHB,top,K Ahmed,pace,avg,balanced,174,0,0,0,8,0,0
83,2,powerplay,S Yadav,RHB,top,Y Chahal,spin,good,balanced,174,6,8,0,8,0,1
83,3,powerplay,S Yadav,RHB,top,H Patel,pace,avg,balanced,174,12,16,0,10,1,1
83,4,powerplay,R Parag,RHB,avg,M Shami,pace,good,balanced,174,0,26,1,2,0,0
83,5,powerplay,R Parag,RHB,avg,J Bumrah,pace,elite,balanced,174,6,28,1,4,0,0
83,6,powerplay,R Parag,RHB,avg,R Jadeja,spin,good,balanced,174,12,32,1,10,1,0
83,7,middle,H Pandya,RHB,solid,K Ahmed,pace,avg,balanced,174,0,42,2,6,0,1
83,8,middle,H Pandya,RHB,solid,Y Chahal,spin,good,balanced,174,6,48,2,3,0,0
83,9,middle,H Pandya,RHB,solid,H Patel,pace,avg,balanced,174,12,51,2,6,0,0
83,10,middle,H Pandya,RHB,solid,M Shami,pace,good,balanced,174,18,57,2,6,0,1
83,11,middle,H Pandya,RHB,solid,J Bumrah,pace,elite,balanced,174,24,63,2,9,0,1
83,12,middle,H Pandya,RHB,solid,R Jadeja,spin,good,balanced,174,30,72,2,6,0,0
83,13,middle,H Pandya,RHB,solid,K Ahmed,pace,avg,balanced,174,36,78,2,7,0,0
83,14,middle,H Pandya,RHB,solid,Y Chahal,spin,good,balanced,174,42,85,2,6,1,0
83,15,middle,KL Rahul,RHB,solid,H Patel,pace,avg,balanced,174,0,91,3,6,0,0
83,16,death,KL Rahul,RHB,solid,M Shami,pace,good,balanced,174,6,97,3,9,1,1
83,17,death,V Kohli,RHB,top,J Bumrah,pace,elite,balanced,174,0,106,4,6,1,0
83,18,death,D Padikkal,LHB,avg,R Jadeja,spin,good,balanced,174,0,112,5,0,1,1
84,1,powerplay,R Sharma,RHB,top,Y Chahal,spin,good,seaming_track,179,0,0,0,1,0,0
84,2,powerplay,R Sharma,RHB,top,A Rashid,spin,elite,seaming_track,179,6,1,0,5,0,0
84,3,powerplay,R Sharma,RHB,top,H Patel,pace,avg,seaming_track,179,12,6,0,8,1,0
84,4,powerplay,N Pooran,LHB,top,K Ahmed,pace,avg,seaming_track,179,0,14,1,11,0,0
84,5,powerplay,N Pooran,LHB,top,M Shami,pace,good,seaming_track,179,6,25,1,4,1,0
84,6,powerplay,V Kohli,RHB,top,J Bumrah,pace,elite,seaming_track,179,0,29,2,8,1,0
84,7,middle,R Parag,RHB,avg,Y Chahal,spin,good,seaming_track,179,0,37,3,0,1,0
84,8,middle,D Padikkal,LHB,avg,A Rashid,spin,elite,seaming_track,179,0,37,4,2,0,0
84,9,middle,D Padikkal,LHB,avg,H Patel,pace,avg,seaming_track,179,6,39,4,5,0,0
84,10,middle,D Padikkal,LHB,avg,K Ahmed,pace,avg,seaming_track,179,12,44,4,1,1,0
84,11,middle,R Pant,LHB,top,M Shami,pace,good,seaming_track,179,0,45,5,7,0,1
84,12,middle,R Pant,LHB,top,J Bumrah,pace,elite,seaming_track,179,6,52,5,7,0,0
84,13,middle,R Pant,LHB,top,Y Chahal,spin,good,seaming_track,179,12,59,5,5,0,0
84,14,middle,R Pant,LHB,top,A Rashid,spin,elite,seaming_track,179,18,64,5,6,0,0
84,15,middle,R Pant,LHB,top,H Patel,pace,avg,seaming_track,179,24,70,5,9,0,0
84,16,death,R Pant,LHB,top,K Ahmed,pace,avg,seaming_track,179,30,79,5,19,1,2
85,1,powerplay,S Gill,RHB,solid,A Rashid,spin,elite,balanced,172,0,0,0,1,1,1
85,2,powerplay,R Sharma,RHB,top,T Boult,pace,good,balanced,172,0,1,1,0,1,0
85,3,powerplay,R Parag,RHB,avg,R Jadeja,spin,good,balanced,172,0,1,2,3,0,0
85,4,powerplay,R Parag,RHB,avg,K Ahmed,pace,avg,balanced,172,6,4,2,0,1,0
85,5,powerplay,H Pandya,RHB,solid,Y Chahal,spin,good,balanced,172,0,4,3,7,1,0
85,6,powerplay,S Yadav,RHB,top,H Patel,pace,avg,balanced,172,0,11,4,16,0,1
85,7,middle,S Yadav,RHB,top,A Rashid,spin,elite,balanced,172,6,27,4,5,0,0
85,8,middle,S Yadav,RHB,top,T Boult,pace,good,balanced,172,12,32,4,9,0,0
85,9,middle,S Yadav,RHB,top,R Jadeja,spin,good,balanced,172,18,41,4,10,0,0
85,10,middle,S Yadav,RHB,top,K Ahmed,pace,avg,balanced,172,24,51,4,11,0,0
85,11,middle,S Yadav,RHB,top,Y Chahal,spin,good,balanced,172,30,62,4,4,1,1
85,12,middle,D Padikkal,LHB,avg,H Patel,pace,avg,balanced,172,0,66,5,4,0,0
85,13,middle,D Padikkal,LHB,avg,A Rashid,spin,elite,balanced,172,6,70,5,5,0,0
85,14,middle,D Padikkal,LHB,avg,T Boult,pace,good,balanced,172,12,75,5,5,1,0
86,1,powerplay,H Pandya,RHB,solid,M Shami,pace,good,slow_turner,187,0,0,0,4,1,0
86,2,powerplay,KL Rahul,RHB,solid,Y Chahal,spin,good,slow_turner,187,0,4,1,4,1,0
86,3,powerplay,R Sharma,RHB,top,R Jadeja,spin,good,slow_turner,187,0,8,2,3,0,0
86,4,powerplay,R Sharma,RHB,top,T Boult,pace,good,slow_turner,187,6,11,2,9,1,0
86,5,powerplay,R Parag,RHB,avg,J Bumrah,pace,elite,slow_turner,187,0,20,3,4,0,0
86,6,powerplay,R Parag,RHB,avg,H Patel,pace,avg,slow_turner,187,6,24,3,4,0,0
86,7,middle,R Parag,RHB,avg,M Shami,pace,good,slow_turner,187,12,28,3,4,0,0
86,8,middle,R Parag,RHB,avg,Y Chahal,spin,good,slow_turner,187,18,32,3,7,0,0
86,9,middle,R Parag,RHB,avg,R Jadeja,spin,good,slow_turner,187,24,39,3,6,0,0
86,10,middle,R Parag,RHB,avg,T Boult,pace,good,slow_turner,187,30,45,3,7,1,0
86,11,middle,D Padikkal,LHB,avg,J Bumrah,pace,elite,slow_turner,187,0,52,4,5,0,0
86,12,middle,D Padikkal,LHB,avg,H Patel,pace,avg,slow_turner,187,6,57,4,0,1,0
86,13,middle,N Pooran,LHB,top,M Shami,pace,good,slow_turner,187,0,57,5,3,1,0
87,1,powerplay,KL Rahul,RHB,solid,M Shami,pace,good,seaming_track,197,0,0,0,4,0,0
87,2,powerplay,KL Rahul,RHB,solid,Y Chahal,spin,good,seaming_track,197,6,4,0,0,1,0
87,3,powerplay,S Yadav,RHB,top,R Jadeja,spin,good,seaming_track,197,0,4,1,6,0,0
87,4,powerplay,S Yadav,RHB,top,J Bumrah,pace,elite,seaming_track,197,6,10,1,11,0,0
87,5,powerplay,S Yadav,RHB,top,H Patel,pace,avg,seaming_track,197,12,21,1,8,0,1
87,6,powerplay,S Yadav,RHB,top,T Boult,pace,good,seaming_track,197,18,29,1,9,0,0
87,7,middle,S Yadav,RHB,top,M Shami,pace,good,seaming_track,197,24,38,1,12,0,1
87,8,middle,S Yadav,RHB,top,Y Chahal,spin,good,seaming_track,197,30,50,1,8,1,0
87,9,middle,R Parag,RHB,avg,R Jadeja,spin,good,seaming_track,197,0,58,2,4,0,0
87,10,middle,R Parag,RHB,avg,J Bumrah,pace,elite,seaming_track,197,6,62,2,5,0,0
87,11,middle,R Parag,RHB,avg,H Patel,pace,avg,seaming_track,197,12,67,2,7,1,0
87,12,middle,R Sharma,RHB,top,T Boult,pace,good,seaming_track,197,0,74,3,7,0,0
87,13,middle,R Sharma,RHB,top,M Shami,pace,good,seaming_track,197,6,81,3,6,0,0
87,14,middle,R Sharma,RHB,top,Y Chahal,spin,good,seaming_track,197,12,87,3,2,1,0
87,15,middle,R Pant,LHB,top,R Jadeja,spin,good,seaming_track,197,0,89,4,6,1,1
87,16,death,H Pandya,RHB,solid,J Bumrah,pace,elite,seaming_track,197,0,95,5,7,0,0
87,17,death,H Pandya,RHB,solid,H Patel,pace,avg,seaming_track,197,6,102,5,10,1,0
88,1,powerplay,R Sharma,RHB,top,Y Chahal,spin,good,slow_turner,154,0,0,0,4,0,0
88,2,powerplay,R Sharma,RHB,top,R Jadeja,spin,good,slow_turner,154,6,4,0,0,1,0
88,3,powerplay,N Pooran,LHB,top,T Boult,pace,good,slow_turner,154,0,4,1,10,1,0
88,4,powerplay,R Pant,LHB,top,H Patel,pace,avg,slow_turner,154,0,14,2,9,0,0
88,5,powerplay,R Pant,LHB,top,K Ahmed,pace,avg,slow_turner,154,6,23,2,5,0,0
88,6,powerplay,R Pant,LHB,top,J Bumrah,pace,elite,slow_turner,154,12,28,2,9,0,0
88,7,middle,R Pant,LHB,top,Y Chahal,spin,good,slow_turner,154,18,37,2,10,0,0
88,8,middle,R Pant,LHB,top,R Jadeja,spin,good,slow_turner,154,24,47,2,3,0,0
88,9,middle,R Pant,LHB,top,T Boult,pace,good,slow_turner,154,30,50,2,9,0,0
88,10,middle,R Pant,LHB,top,H Patel,pace,avg,slow_turner,154,36,59,2,8,0,0
88,11,middle,R Pant,LHB,top,K Ahmed,pace,avg,slow_turner,154,42,67,2,13,0,1
88,12,middle,R Pant,LHB,top,J Bumrah,pace,elite,slow_turner,154,48,80,2,1,1,0
88,13,middle,R Parag,RHB,avg,Y Chahal,spin,good,slow_turner,154,0,81,3,0,1,0
88,14,middle,H Pandya,RHB,solid,R Jadeja,spin,good,slow_turner,154,0,81,4,1,0,0
88,15,middle,H Pandya,RHB,solid,T Boult,pace,good,slow_turner,154,6,82,4,2,0,0
88,16,death,H Pandya,RHB,solid,H Patel,pace,avg,slow_turner,154,12,84,4,11,1,0
88,17,death,KL Rahul,RHB,solid,K Ahmed,pace,avg,slow_turner,154,0,95,5,11,0,0
88,18,death,KL Rahul,RHB,solid,J Bumrah,pace,elite,slow_turner,154,6,106,5,1,1,0
89,1,powerplay,KL Rahul,RHB,solid,A Rashid,spin,elite,seaming_track,159,0,0,0,2,1,0
89,2,powerplay,N Pooran,LHB,top,R Jadeja,spin,good,seaming_track,159,0,2,1,5,0,1
89,3,powerplay,N Pooran,LHB,top,T Boult,pace,good,seaming_track,159,6,7,1,5,0,1
89,4,powerplay,N Pooran,LHB,top,H Patel,pace,avg,seaming_track,159,12,12,1,13,0,1
89,5,powerplay,N Pooran,LHB,top,M Shami,pace,good,seaming_track,159,18,25,1,8,0,0
89,6,powerplay,N Pooran,LHB,top,Y Chahal,spin,good,seaming_track,159,24,33,1,8,0,0
89,7,middle,N Pooran,LHB,top,A Rashid,spin,elite,seaming_track,159,30,41,1,10,0,0
89,8,middle,N Pooran,LHB,top,R Jadeja,spin,good,seaming_track,159,36,51,1,14,0,1
89,9,middle,N Pooran,LHB,top,T Boult,pace,good,seaming_track,159,42,65,1,14,0,1
89,10,middle,N Pooran,LHB,top,H Patel,pace,avg,seaming_track,159,48,79,1,12,0,1
89,11,middle,N Pooran,LHB,top,M Shami,pace,good,seaming_track,159,54,91,1,9,0,0
89,12,middle,N Pooran,LHB,top,Y Chahal,spin,good,seaming_track,159,60,100,1,8,0,0
89,13,middle,N Pooran,LHB,top,A Rashid,spin,elite,seaming_track,159,66,108,1,4,1,0
89,14,middle,D Padikkal,LHB,avg,R Jadeja,spin,good,seaming_track,159,0,112,2,0,1,0
89,15,middle,R Pant,LHB,top,T Boult,pace,good,seaming_track,159,0,112,3,2,0,0
89,16,death,R Pant,LHB,top,H Patel,pace,avg,seaming_track,159,6,114,3,6,1,0
89,17,death,H Pandya,RHB,solid,M Shami,pace,good,seaming_track,159,0,120,4,3,1,0
89,18,death,V Kohli,RHB,top,Y Chahal,spin,good,seaming_track,159,0,123,5,4,1,0
90,1,powerplay,S Gill,RHB,solid,T Boult,pace,good,balanced,157,0,0,0,5,0,0
90,2,powerplay,S Gill,RHB,solid,M Shami,pace,good,balanced,157,6,5,0,7,1,0
90,3,powerplay,KL Rahul,RHB,solid,R Jadeja,spin,good,balanced,157,0,12,1,4,1,0
90,4,powerplay,V Kohli,RHB,top,K Ahmed,pace,avg,balanced,157,0,16,2,7,0,1
90,5,powerplay,V Kohli,RHB,top,Y Chahal,spin,good,balanced,157,6,23,2,2,1,0
90,6,powerplay,R Parag,RHB,avg,A Rashid,spin,elite,balanced,157,0,25,3,6,1,0
90,7,middle,R Sharma,RHB,top,T Boult,pace,good,balanced,157,0,31,4,6,0,0
90,8,middle,R Sharma,RHB,top,M Shami,pace,good,balanced,157,6,37,4,10,0,0
90,9,middle,R Sharma,RHB,top,R Jadeja,spin,good,balanced,157,12,47,4,10,0,1
90,10,middle,R Sharma,RHB,top,K Ahmed,pace,avg,balanced,157,18,57,4,7,0,1
90,11,middle,R Sharma,RHB,top,Y Chahal,spin,good,balanced,157,24,64,4,6,1,0
90,12,middle,R Pant,LHB,top,A Rashid,spin,elite,balanced,157,0,70,5,1,1,0
91,1,powerplay,R Parag,RHB,avg,A Rashid,spin,elite,balanced,156,0,0,0,2,1,0
91,2,powerplay,D Padikkal,LHB,avg,M Shami,pace,good,balanced,156,0,2,1,3,0,0
91,3,powerplay,D Padikkal,LHB,avg,H Patel,pace,avg,balanced,156,6,5,1,6,0,0
91,4,powerplay,D Padikkal,LHB,avg,R Jadeja,spin,good,balanced,156,12,11,1,5,0,0
91,5,powerplay,D Padikkal,LHB,avg,K Ahmed,pace,avg,balanced,156,18,16,1,6,1,0
91,6,powerplay,V Kohli,RHB,top,T Boult,pace,good,balanced,156,0,22,2,7,1,0
91,7,middle,H Pandya,RHB,solid,A Rashid,spin,elite,balanced,156,0,29,3,3,0,0
91,8,middle,H Pandya,RHB,solid,M Shami,pace,good,balanced,156,6,32,3,4,0,0
91,9,middle,H Pandya,RHB,solid,H Patel,pace,avg,balanced,156,12,36,3,13,0,1
91,10,middle,H Pandya,RHB,solid,R Jadeja,spin,good,balanced,156,18,49,3,7,0,0
91,11,middle,H Pandya,RHB,solid,K Ahmed,pace,avg,balanced,156,24,56,3,8,0,0
91,12,middle,H Pandya,RHB,solid,T Boult,pace,good,balanced,156,30,64,3,7,0,0
91,13,middle,H Pandya,RHB,solid,A Rashid,spin,elite,balanced,156,36,71,3,5,1,1
91,14,middle,KL Rahul,RHB,solid,M Shami,pace,good,balanced,156,0,76,4,4,0,0
91,15,middle,KL Rahul,RHB,solid,H Patel,pace,avg,balanced,156,6,80,4,6,0,0
91,16,death,KL Rahul,RHB,solid,R Jadeja,spin,good,balanced,156,12,86,4,7,0,0
91,17,death,KL Rahul,RHB,solid,K Ahmed,pace,avg,balanced,156,18,93,4,12,0,2
91,18,death,KL Rahul,RHB,solid,T Boult,pace,good,balanced,156,24,105,4,7,0,1
91,19,death,KL Rahul,RHB,solid,A Rashid,spin,elite,balanced,156,30,112,4,10,1,1
91,20,death,R Pant,LHB,top,M Shami,pace,good,balanced,156,0,122,5,13,0,2
92,1,powerplay,V Kohli,RHB,top,A Rashid,spin,elite,batting_paradise,135,0,0,0,7,0,0
92,2,powerplay,V Kohli,RHB,top,Y Chahal,spin,good,batting_paradise,135,6,7,0,7,1,0
92,3,powerplay,S Yadav,RHB,top,J Bumrah,pace,elite,batting_paradise,135,0,14,1,5,0,0
92,4,powerplay,S Yadav,RHB,top,T Boult,pace,good,batting_paradise,135,6,19,1,13,0,1
92,5,powerplay,S Yadav,RHB,top,H Patel,pace,avg,batting_paradise,135,12,32,1,12,1,1
92,6,powerplay,H Pandya,RHB,solid,R Jadeja,spin,good,batting_paradise,135,0,44,2,4,1,0
92,7,middle,R Parag,RHB,avg,A Rashid,spin,elite,batting_paradise,135,0,48,3,5,0,0
92,8,middle,R Parag,RHB,avg,Y Chahal,spin,good,batting_paradise,135,6,53,3,8,0,0
92,9,middle,R Parag,RHB,avg,J Bumrah,pace,elite,batting_paradise,135,12,61,3,2,0,0
92,10,middle,R Parag,RHB,avg,T Boult,pace,good,batting_paradise,135,18,63,3,7,0,0
92,11,middle,R Parag,RHB,avg,H Patel,pace,avg,batting_paradise,135,24,70,3,7,0,0
92,12,middle,R Parag,RHB,avg,R Jadeja,spin,good,batting_paradise,135,30,77,3,7,1,0
92,13,middle,R Pant,LHB,top,A Rashid,spin,elite,batting_paradise,135,0,84,4,9,0,1
92,14,middle,R Pant,LHB,top,Y Chahal,spin,good,batting_paradise,135,6,93,4,9,0,0
92,15,middle,R Pant,LHB,top,J Bumrah,pace,elite,batting_paradise,135,12,102,4,6,0,0
92,16,death,R Pant,LHB,top,T Boult,pace,good,batting_paradise,135,18,108,4,11,0,0
92,17,death,R Pant,LHB,top,H Patel,pace,avg,batting_paradise,135,24,119,4,28,0,2
92,18,death,R Pant,LHB,top,R Jadeja,spin,good,batting_paradise,135,30,147,4,12,0,1
92,19,death,R Pant,LHB,top,A Rashid,spin,elite,batting_paradise,135,36,159,4,14,0,2
92,20,death,R Pant,LHB,top,Y Chahal,spin,good,batting_paradise,135,42,173,4,19,0,2
93,1,powerplay,H Pandya,RHB,solid,J Bumrah,pace,elite,balanced,119,0,0,0,6,0,0
93,2,powerplay,H Pandya,RHB,solid,H Patel,pace,avg,balanced,119,6,6,0,8,1,0
93,3,powerplay,R Pant,LHB,top,M Shami,pace,good,balanced,119,0,14,1,8,0,0
93,4,powerplay,R Pant,LHB,top,K Ahmed,pace,avg,balanced,119,6,22,1,9,0,1
93,5,powerplay,R Pant,LHB,top,R Jadeja,spin,good,balanced,119,12,31,1,7,0,0
93,6,powerplay,R Pant,LHB,top,Y Chahal,spin,good,balanced,119,18,38,1,7,1,0
93,7,middle,S Yadav,RHB,top,J Bumrah,pace,elite,balanced,119,0,45,2,4,0,0
93,8,middle,S Yadav,RHB,top,H Patel,pace,avg,balanced,119,6,49,2,7,0,0
93,9,middle,S Yadav,RHB,top,M Shami,pace,good,balanced,119,12,56,2,7,0,0
93,10,middle,S Yadav,RHB,top,K Ahmed,pace,avg,balanced,119,18,63,2,14,0,1
93,11,middle,S Yadav,RHB,top,R Jadeja,spin,good,balanced,119,24,77,2,9,0,0
93,12,middle,S Yadav,RHB,top,Y Chahal,spin,good,balanced,119,30,86,2,2,0,0
93,13,middle,S Yadav,RHB,top,J Bumrah,pace,elite,balanced,119,36,88,2,7,1,0
93,14,middle,S Gill,RHB,solid,H Patel,pace,avg,balanced,119,0,95,3,13,0,1
93,15,middle,S Gill,RHB,solid,M Shami,pace,good,balanced,119,6,108,3,3,1,0
93,16,death,V Kohli,RHB,top,K Ahmed,pace,avg,balanced,119,0,111,4,6,1,0
93,17,death,D Padikkal,LHB,avg,R Jadeja,spin,good,balanced,119,0,117,5,6,0,0
93,18,death,D Padikkal,LHB,avg,Y Chahal,spin,good,balanced,119,6,123,5,1,1,0
94,1,powerplay,V Kohli,RHB,top,K Ahmed,pace,avg,balanced,167,0,0,0,11,0,0
94,2,powerplay,V Kohli,RHB,top,Y Chahal,spin,good,balanced,167,6,11,0,3,0,0
94,3,powerplay,V Kohli,RHB,top,M Shami,pace,good,balanced,167,12,14,0,10,0,0
94,4,powerplay,V Kohli,RHB,top,H Patel,pace,avg,balanced,167,18,24,0,9,0,1
94,5,powerplay,V Kohli,RHB,top,J Bumrah,pace,elite,balanced,167,24,33,0,8,0,1
94,6,powerplay,V Kohli,RHB,top,A Rashid,spin,elite,balanced,167,30,41,0,6,0,0
94,7,middle,V Kohli,RHB,top,K Ahmed,pace,avg,balanced,167,36,47,0,14,0,2
94,8,middle,V Kohli,RHB,top,Y Chahal,spin,good,balanced,167,42,61,0,4,1,0
94,9,middle,D Padikkal,LHB,avg,M Shami,pace,good,balanced,167,0,65,1,10,0,0
94,10,middle,D Padikkal,LHB,avg,H Patel,pace,avg,balanced,167,6,75,1,6,0,0
94,11,middle,D Padikkal,LHB,avg,J Bumrah,pace,elite,balanced,167,12,81,1,5,0,0
94,12,middle,D Padikkal,LHB,avg,A Rashid,spin,elite,balanced,167,18,86,1,5,0,0
94,13,middle,D Padikkal,LHB,avg,K Ahmed,pace,avg,balanced,167,24,91,1,5,0,0
94,14,middle,D Padikkal,LHB,avg,Y Chahal,spin,good,balanced,167,30,96,1,6,0,0
94,15,middle,D Padikkal,LHB,avg,M Shami,pace,good,balanced,167,36,102,1,6,1,0
94,16,death,R Pant,LHB,top,H Patel,pace,avg,balanced,167,0,108,2,14,0,2
94,17,death,R Pant,LHB,top,J Bumrah,pace,elite,balanced,167,6,122,2,4,0,0
94,18,death,R Pant,LHB,top,A Rashid,spin,elite,balanced,167,12,126,2,14,0,1
94,19,death,R Pant,LHB,top,K Ahmed,pace,avg,balanced,167,18,140,2,9,1,0
94,20,death,R Sharma,RHB,top,Y Chahal,spin,good,balanced,167,0,149,3,11,0,0
95,1,powerplay,S Gill,RHB,solid,Y Chahal,spin,good,balanced,166,0,0,0,6,0,0
95,2,powerplay,S Gill,RHB,solid,J Bumrah,pace,elite,balanced,166,6,6,0,3,1,0
95,3,powerplay,R Sharma,RHB,top,H Patel,pace,avg,balanced,166,0,9,1,10,1,1
95,4,powerplay,R Pant,LHB,top,T Boult,pace,good,balanced,166,0,19,2,16,1,1
95,5,powerplay,R Parag,RHB,avg,M Shami,pace,good,balanced,166,0,35,3,6,0,0
95,6,powerplay,R Parag,RHB,avg,R Jadeja,spin,good,balanced,166,6,41,3,2,0,0
95,7,middle,R Parag,RHB,avg,Y Chahal,spin,good,balanced,166,12,43,3,5,0,0
95,8,middle,R Parag,RHB,avg,J Bumrah,pace,elite,balanced,166,18,48,3,2,1,0
95,9,middle,V Kohli,RHB,top,H Patel,pace,avg,balanced,166,0,50,4,13,0,1
95,10,middle,V Kohli,RHB,top,T Boult,pace,good,balanced,166,6,63,4,3,1,0
95,11,middle,N Pooran,LHB,top,M Shami,pace,good,balanced,166,0,66,5,4,0,1
95,12,middle,N Pooran,LHB,top,R Jadeja,spin,good,balanced,166,6,70,5,8,0,0
95,13,middle,N Pooran,LHB,top,Y Chahal,spin,good,balanced,166,12,78,5,7,1,0
96,1,powerplay,V Kohli,RHB,top,A Rashid,spin,elite,slow_turner,161,0,0,0,6,0,0
96,2,powerplay,V Kohli,RHB,top,R Jadeja,spin,good,slow_turner,161,6,6,0,3,0,0
96,3,powerplay,V Kohli,RHB,top,Y Chahal,spin,good,slow_turner,161,12,9,0,6,0,0
96,4,powerplay,V Kohli,RHB,top,M Shami,pace,good,slow_turner,161,18,15,0,6,0,1
96,5,powerplay,V Kohli,RHB,top,H Patel,pace,avg,slow_turner,161,24,21,0,9,0,1
96,6,powerplay,V Kohli,RHB,top,K Ahmed,pace,avg,slow_turner,161,30,30,0,13,0,1
96,7,middle,V Kohli,RHB,top,A Rashid,spin,elite,slow_turner,161,36,43,0,9,0,0
96,8,middle,V Kohli,RHB,top,R Jadeja,spin,good,slow_turner,161,42,52,0,8,0,0
96,9,middle,V Kohli,RHB,top,Y Chahal,spin,good,slow_turner,161,48,60,0,7,0,0
96,10,middle,V Kohli,RHB,top,M Shami,pace,good,slow_turner,161,54,67,0,8,0,0
96,11,middle,V Kohli,RHB,top,H Patel,pace,avg,slow_turner,161,60,75,0,6,0,1
96,12,middle,V Kohli,RHB,top,K Ahmed,pace,avg,slow_turner,161,66,81,0,11,0,0
96,13,middle,V Kohli,RHB,top,A Rashid,spin,elite,slow_turner,161,72,92,0,7,0,1
96,14,middle,V Kohli,RHB,top,R Jadeja,spin,good,slow_turner,161,78,99,0,10,0,0
96,15,middle,V Kohli,RHB,top,Y Chahal,spin,good,slow_turner,161,84,109,0,14,0,1
96,16,death,V Kohli,RHB,top,M Shami,pace,good,slow_turner,161,90,123,0,9,0,0
96,17,death,V Kohli,RHB,top,H Patel,pace,avg,slow_turner,161,96,132,0,11,0,0
96,18,death,V Kohli,RHB,top,K Ahmed,pace,avg,slow_turner,161,102,143,0,18,1,1
96,19,death,H Pandya,RHB,solid,A Rashid,spin,elite,slow_turner,161,0,161,1,4,1,0
96,20,death,KL Rahul,RHB,solid,R Jadeja,spin,good,slow_turner,161,0,165,2,8,0,0
97,1,powerplay,R Pant,LHB,top,R Jadeja,spin,good,batting_paradise,116,0,0,0,5,1,0
97,2,powerplay,R Sharma,RHB,top,H Patel,pace,avg,batting_paradise,116,0,5,1,6,1,1
97,3,powerplay,D Padikkal,LHB,avg,Y Chahal,spin,good,batting_paradise,116,0,11,2,6,0,0
97,4,powerplay,D Padikkal,LHB,avg,J Bumrah,pace,elite,batting_paradise,116,6,17,2,3,1,0
97,5,powerplay,S Gill,RHB,solid,T Boult,pace,good,batting_paradise,116,0,20,3,7,0,0
97,6,powerplay,S Gill,RHB,solid,A Rashid,spin,elite,batting_paradise,116,6,27,3,10,0,0
97,7,middle,S Gill,RHB,solid,R Jadeja,spin,good,batting_paradise,116,12,37,3,6,0,0
97,8,middle,S Gill,RHB,solid,H Patel,pace,avg,batting_paradise,116,18,43,3,6,0,0
97,9,middle,S Gill,RHB,solid,Y Chahal,spin,good,batting_paradise,116,24,49,3,13,0,2
97,10,middle,S Gill,RHB,solid,J Bumrah,pace,elite,batting_paradise,116,30,62,3,8,0,0
97,11,middle,S Gill,RHB,solid,T Boult,pace,good,batting_paradise,116,36,70,3,19,0,2
97,12,middle,S Gill,RHB,solid,A Rashid,spin,elite,batting_paradise,116,42,89,3,9,0,0
97,13,middle,S Gill,RHB,solid,R Jadeja,spin,good,batting_paradise,116,48,98,3,7,0,0
97,14,middle,S Gill,RHB,solid,H Patel,pace,avg,batting_paradise,116,54,105,3,8,1,0
97,15,middle,H Pandya,RHB,solid,Y Chahal,spin,good,batting_paradise,116,0,113,4,5,0,0
97,16,death,H Pandya,RHB,solid,J Bumrah,pace,elite,batting_paradise,116,6,118,4,0,1,0
97,17,death,KL Rahul,RHB,solid,T Boult,pace,good,batting_paradise,116,0,118,5,16,1,1
98,1,powerplay,KL Rahul,RHB,solid,M Shami,pace,good,batting_paradise,215,0,0,0,3,1,0
98,2,powerplay,R Parag,RHB,avg,Y Chahal,spin,good,batting_paradise,215,0,3,1,2,1,0
98,3,powerplay,R Sharma,RHB,top,K Ahmed,pace,avg,batting_paradise,215,0,5,2,9,0,0
98,4,powerplay,R Sharma,RHB,top,R Jadeja,spin,good,batting_paradise,215,6,14,2,7,0,0
98,5,powerplay,R Sharma,RHB,top,T Boult,pace,good,batting_paradise,215,12,21,2,8,0,0
98,6,powerplay,R Sharma,RHB,top,H Patel,pace,avg,batting_paradise,215,18,29,2,15,0,1
98,7,middle,R Sharma,RHB,top,M Shami,pace,good,batting_paradise,215,24,44,2,11,0,0
98,8,middle,R Sharma,RHB,top,Y Chahal,spin,good,batting_paradise,215,30,55,2,4,0,0
98,9,middle,R Sharma,RHB,top,K Ahmed,pace,avg,batting_paradise,215,36,59,2,16,0,1
98,10,middle,R Sharma,RHB,top,R Jadeja,spin,good,batting_paradise,215,42,75,2,12,0,1
98,11,middle,R Sharma,RHB,top,T Boult,pace,good,batting_paradise,215,48,87,2,9,0,0
98,12,middle,R Sharma,RHB,top,H Patel,pace,avg,batting_paradise,215,54,96,2,21,0,2
98,13,middle,R Sharma,RHB,top,M Shami,pace,good,batting_paradise,215,60,117,2,14,0,1
98,14,middle,R Sharma,RHB,top,Y Chahal,spin,good,batting_paradise,215,66,131,2,15,0,1
98,15,middle,R Sharma,RHB,top,K Ahmed,pace,avg,batting_paradise,215,72,146,2,15,0,2
98,16,death,R Sharma,RHB,top,R Jadeja,spin,good,batting_paradise,215,78,161,2,12,0,1
98,17,death,R Sharma,RHB,top,T Boult,pace,good,batting_paradise,215,84,173,2,18,1,2
98,18,death,H Pandya,RHB,solid,H Patel,pace,avg,batting_paradise,215,0,191,3,17,0,2
98,19,death,H Pandya,RHB,solid,M Shami,pace,good,batting_paradise,215,6,208,3,8,0,0
98,20,death,H Pandya,RHB,solid,Y Chahal,spin,good,batting_paradise,215,12,216,3,9,0,0
99,1,powerplay,S Gill,RHB,solid,A Rashid,spin,elite,batting_paradise,185,0,0,0,4,0,0
99,2,powerplay,S Gill,RHB,solid,R Jadeja,spin,good,batting_paradise,185,6,4,0,3,1,0
99,3,powerplay,R Sharma,RHB,top,Y Chahal,spin,good,batting_paradise,185,0,7,1,6,0,1
99,4,powerplay,R Sharma,RHB,top,T Boult,pace,good,batting_paradise,185,6,13,1,10,1,0
99,5,powerplay,R Pant,LHB,top,H Patel,pace,avg,batting_paradise,185,0,23,2,20,0,1
99,6,powerplay,R Pant,LHB,top,M Shami,pace,good,batting_paradise,185,6,43,2,9,0,0
99,7,middle,R Pant,LHB,top,A Rashid,spin,elite,batting_paradise,185,12,52,2,11,0,0
99,8,middle,R Pant,LHB,top,R Jadeja,spin,good,batting_paradise,185,18,63,2,6,0,0
99,9,middle,R Pant,LHB,top,Y Chahal,spin,good,batting_paradise,185,24,69,2,14,0,1
99,10,middle,R Pant,LHB,top,T Boult,pace,good,batting_paradise,185,30,83,2,7,1,0
99,11,middle,H Pandya,RHB,solid,H Patel,pace,avg,batting_paradise,185,0,90,3,8,1,0
99,12,middle,S Yadav,RHB,top,M Shami,pace,good,batting_paradise,185,0,98,4,10,0,0
99,13,middle,S Yadav,RHB,top,A Rashid,spin,elite,batting_paradise,185,6,108,4,7,0,0
99,14,middle,S Yadav,RHB,top,R Jadeja,spin,good,batting_paradise,185,12,115,4,6,0,0
99,15,middle,S Yadav,RHB,top,Y Chahal,spin,good,batting_paradise,185,18,121,4,12,0,1
99,16,death,S Yadav,RHB,top,T Boult,pace,good,batting_paradise,185,24,133,4,18,0,1
99,17,death,S Yadav,RHB,top,H Patel,pace,avg,batting_paradise,185,30,151,4,16,0,2
99,18,death,S Yadav,RHB,top,M Shami,pace,good,batting_paradise,185,36,167,4,23,0,2
99,19,death,S Yadav,RHB,top,A Rashid,spin,elite,batting_paradise,185,42,190,4,13,0,2
99,20,death,S Yadav,RHB,top,R Jadeja,spin,good,batting_paradise,185,48,203,4,9,0,1
100,1,powerplay,R Sharma,RHB,top,J Bumrah,pace,elite,balanced,227,0,0,0,3,0,0
100,2,powerplay,R Sharma,RHB,top,M Shami,pace,good,balanced,227,6,3,0,7,0,0
100,3,powerplay,R Sharma,RHB,top,Y Chahal,spin,good,balanced,227,12,10,0,4,0,0
100,4,powerplay,R Sharma,RHB,top,H Patel,pace,avg,balanced,227,18,14,0,12,0,2
100,5,powerplay,R Sharma,RHB,top,K Ahmed,pace,avg,balanced,227,24,26,0,7,0,0
100,6,powerplay,R Sharma,RHB,top,T Boult,pace,good,balanced,227,30,33,0,9,0,0
100,7,middle,R Sharma,RHB,top,J Bumrah,pace,elite,balanced,227,36,42,0,9,1,1
100,8,middle,KL Rahul,RHB,solid,M Shami,pace,good,balanced,227,0,51,1,4,1,0
100,9,middle,R Parag,RHB,avg,Y Chahal,spin,good,balanced,227,0,55,2,1,1,0
100,10,middle,R Pant,LHB,top,H Patel,pace,avg,balanced,227,0,56,3,13,0,2
100,11,middle,R Pant,LHB,top,K Ahmed,pace,avg,balanced,227,6,69,3,9,0,1
100,12,middle,R Pant,LHB,top,T Boult,pace,good,balanced,227,12,78,3,11,0,1
100,13,middle,R Pant,LHB,top,J Bumrah,pace,elite,balanced,227,18,89,3,9,0,0
100,14,middle,R Pant,LHB,top,M Shami,pace,good,balanced,227,24,98,3,9,0,0
100,15,middle,R Pant,LHB,top,Y Chahal,spin,good,balanced,227,30,107,3,13,0,1
100,16,death,R Pant,LHB,top,H Patel,pace,avg,balanced,227,36,120,3,23,0,1
100,17,death,R Pant,LHB,top,K Ahmed,pace,avg,balanced,227,42,143,3,17,0,2
100,18,death,R Pant,LHB,top,T Boult,pace,good,balanced,227,48,160,3,7,1,1
100,19,death,S Gill,RHB,solid,J Bumrah,pace,elite,balanced,227,0,167,4,4,0,0
100,20,death,S Gill,RHB,solid,M Shami,pace,good,balanced,227,6,171,4,7,0,0
101,1,powerplay,D Padikkal,LHB,avg,J Bumrah,pace,elite,batting_paradise,125,0,0,0,5,0,0
101,2,powerplay,D Padikkal,LHB,avg,A Rashid,spin,elite,batting_paradise,125,6,5,0,7,1,1
101,3,powerplay,H Pandya,RHB,solid,M Shami,pace,good,batting_paradise,125,0,12,1,8,0,0
101,4,powerplay,H Pandya,RHB,solid,K Ahmed,pace,avg,batting_paradise,125,6,20,1,13,0,1
101,5,powerplay,H Pandya,RHB,solid,Y Chahal,spin,good,batting_paradise,125,12,33,1,7,1,1
101,6,powerplay,R Sharma,RHB,top,R Jadeja,spin,good,batting_paradise,125,0,40,2,7,0,1
101,7,middle,R Sharma,RHB,top,J Bumrah,pace,elite,batting_paradise,125,6,47,2,7,0,0
101,8,middle,R Sharma,RHB,top,A Rashid,spin,elite,batting_paradise,125,12,54,2,12,0,1
101,9,middle,R Sharma,RHB,top,M Shami,pace,good,batting_paradise,125,18,66,2,13,0,1
101,10,middle,R Sharma,RHB,top,K Ahmed,pace,avg,batting_paradise,125,24,79,2,16,0,1
101,11,middle,R Sharma,RHB,top,Y Chahal,spin,good,batting_paradise,125,30,95,2,10,0,0
101,12,middle,R Sharma,RHB,top,R Jadeja,spin,good,batting_paradise,125,36,105,2,8,0,0
101,13,middle,R Sharma,RHB,top,J Bumrah,pace,elite,batting_paradise,125,42,113,2,14,0,2
101,14,middle,R Sharma,RHB,top,A Rashid,spin,elite,batting_paradise,125,48,127,2,10,0,0
101,15,middle,R Sharma,RHB,top,M Shami,pace,good,batting_paradise,125,54,137,2,20,0,1
101,16,death,R Sharma,RHB,top,K Ahmed,pace,avg,batting_paradise,125,60,157,2,23,0,1
101,17,death,R Sharma,RHB,top,Y Chahal,spin,good,batting_paradise,125,66,180,2,18,0,2
101,18,death,R Sharma,RHB,top,R Jadeja,spin,good,batting_paradise,125,72,198,2,13,0,1
101,19,death,R Sharma,RHB,top,J Bumrah,pace,elite,batting_paradise,125,78,211,2,13,0,1
101,20,death,R Sharma,RHB,top,A Rashid,spin,elite,batting_paradise,125,84,224,2,11,0,1
102,1,powerplay,R Sharma,RHB,top,R Jadeja,spin,good,balanced,157,0,0,0,8,0,0
102,2,powerplay,R Sharma,RHB,top,H Patel,pace,avg,balanced,157,6,8,0,14,0,1
102,3,powerplay,R Sharma,RHB,top,M Shami,pace,good,balanced,157,12,22,0,14,0,1
102,4,powerplay,R Sharma,RHB,top,K Ahmed,pace,avg,balanced,157,18,36,0,11,1,0
102,5,powerplay,KL Rahul,RHB,solid,T Boult,pace,good,balanced,157,0,47,1,7,0,0
102,6,powerplay,KL Rahul,RHB,solid,A Rashid,spin,elite,balanced,157,6,54,1,5,1,0
102,7,middle,R Pant,LHB,top,R Jadeja,spin,good,balanced,157,0,59,2,1,0,0
102,8,middle,R Pant,LHB,top,H Patel,pace,avg,balanced,157,6,60,2,4,0,0
102,9,middle,R Pant,LHB,top,M Shami,pace,good,balanced,157,12,64,2,6,0,0
102,10,middle,R Pant,LHB,top,K Ahmed,pace,avg,balanced,157,18,70,2,13,0,2
102,11,middle,R Pant,LHB,top,T Boult,pace,good,balanced,157,24,83,2,12,0,2
102,12,middle,R Pant,LHB,top,A Rashid,spin,elite,balanced,157,30,95,2,12,0,1
102,13,middle,R Pant,LHB,top,R Jadeja,spin,good,balanced,157,36,107,2,8,0,0
102,14,middle,R Pant,LHB,top,H Patel,pace,avg,balanced,157,42,115,2,14,0,1
102,15,middle,R Pant,LHB,top,M Shami,pace,good,balanced,157,48,129,2,11,0,0
102,16,death,R Pant,LHB,top,K Ahmed,pace,avg,balanced,157,54,140,2,17,0,2
102,17,death,R Pant,LHB,top,T Boult,pace,good,balanced,157,60,157,2,8,1,1
102,18,death,N Pooran,LHB,top,A Rashid,spin,elite,balanced,157,0,165,3,6,0,0
102,19,death,N Pooran,LHB,top,R Jadeja,spin,good,balanced,157,6,171,3,5,0,1
102,20,death,N Pooran,LHB,top,H Patel,pace,avg,balanced,157,12,176,3,19,0,2
103,1,powerplay,N Pooran,LHB,top,Y Chahal,spin,good,batting_paradise,141,0,0,0,6,0,0
103,2,powerplay,N Pooran,LHB,top,M Shami,pace,good,batting_paradise,141,6,6,0,6,1,1
103,3,powerplay,R Sharma,RHB,top,K Ahmed,pace,avg,batting_paradise,141,0,12,1,11,0,0
103,4,powerplay,R Sharma,RHB,top,H Patel,pace,avg,batting_paradise,141,6,23,1,15,0,1
103,5,powerplay,R Sharma,RHB,top,J Bumrah,pace,elite,batting_paradise,141,12,38,1,10,0,0
103,6,powerplay,R Sharma,RHB,top,R Jadeja,spin,good,batting_paradise,141,18,48,1,14,0,1
103,7,middle,R Sharma,RHB,top,Y Chahal,spin,good,batting_paradise,141,24,62,1,4,1,0
103,8,middle,V Kohli,RHB,top,M Shami,pace,good,batting_paradise,141,0,66,2,16,1,1
103,9,middle,KL Rahul,RHB,solid,K Ahmed,pace,avg,batting_paradise,141,0,82,3,9,0,0
103,10,middle,KL Rahul,RHB,solid,H Patel,pace,avg,batting_paradise,141,6,91,3,10,0,0
103,11,middle,KL Rahul,RHB,solid,J Bumrah,pace,elite,batting_paradise,141,12,101,3,6,0,0
103,12,middle,KL Rahul,RHB,solid,R Jadeja,spin,good,batting_paradise,141,18,107,3,5,0,0
103,13,middle,KL Rahul,RHB,solid,Y Chahal,spin,good,batting_paradise,141,24,112,3,8,0,0
103,14,middle,KL Rahul,RHB,solid,M Shami,pace,good,batting_paradise,141,30,120,3,8,0,0
103,15,middle,KL Rahul,RHB,solid,K Ahmed,pace,avg,batting_paradise,141,36,128,3,17,0,2
103,16,death,KL Rahul,RHB,solid,H Patel,pace,avg,batting_paradise,141,42,145,3,12,1,1
103,17,death,R Parag,RHB,avg,J Bumrah,pace,elite,batting_paradise,141,0,157,4,4,1,1
103,18,death,S Yadav,RHB,top,R Jadeja,spin,good,batting_paradise,141,0,161,5,8,0,0
103,19,death,S Yadav,RHB,top,Y Chahal,spin,good,batting_paradise,141,6,169,5,12,0,1
103,20,death,S Yadav,RHB,top,M Shami,pace,good,batting_paradise,141,12,181,5,22,0,1
104,1,powerplay,S Yadav,RHB,top,M Shami,pace,good,seaming_track,171,0,0,0,6,0,1
104,2,powerplay,S Yadav,RHB,top,H Patel,pace,avg,seaming_track,171,6,6,0,5,1,0
104,3,powerplay,R Parag,RHB,avg,A Rashid,spin,elite,seaming_track,171,0,11,1,3,0,0
104,4,powerplay,R Parag,RHB,avg,Y Chahal,spin,good,seaming_track,171,6,14,1,1,1,0
104,5,powerplay,D Padikkal,LHB,avg,K Ahmed,pace,avg,seaming_track,171,0,15,2,7,0,0
104,6,powerplay,D Padikkal,LHB,avg,R Jadeja,spin,good,seaming_track,171,6,22,2,1,1,0
104,7,middle,R Pant,LHB,top,M Shami,pace,good,seaming_track,171,0,23,3,4,0,0
104,8,middle,R Pant,LHB,top,H Patel,pace,avg,seaming_track,171,6,27,3,5,1,0
104,9,middle,V Kohli,RHB,top,A Rashid,spin,elite,seaming_track,171,0,32,4,3,1,0
104,10,middle,N Pooran,LHB,top,Y Chahal,spin,good,seaming_track,171,0,35,5,3,1,0
105,1,powerplay,V Kohli,RHB,top,T Boult,pace,good,slow_turner,147,0,0,0,8,0,0
105,2,powerplay,V Kohli,RHB,top,H Patel,pace,avg,slow_turner,147,6,8,0,6,0,0
105,3,powerplay,V Kohli,RHB,top,M Shami,pace,good,slow_turner,147,12,14,0,2,0,0
105,4,powerplay,V Kohli,RHB,top,Y Chahal,spin,good,slow_turner,147,18,16,0,5,1,0
105,5,powerplay,R Parag,RHB,avg,K Ahmed,pace,avg,slow_turner,147,0,21,1,5,0,0
105,6,powerplay,R Parag,RHB,avg,J Bumrah,pace,elite,slow_turner,147,6,26,1,2,0,0
105,7,middle,R Parag,RHB,avg,T Boult,pace,good,slow_turner,147,12,28,1,3,0,0
105,8,middle,R Parag,RHB,avg,H Patel,pace,avg,slow_turner,147,18,31,1,7,1,0
105,9,middle,S Yadav,RHB,top,M Shami,pace,good,slow_turner,147,0,38,2,11,0,0
105,10,middle,S Yadav,RHB,top,Y Chahal,spin,good,slow_turner,147,6,49,2,2,1,1
105,11,middle,D Padikkal,LHB,avg,K Ahmed,pace,avg,slow_turner,147,0,51,3,3,1,1
105,12,middle,R Pant,LHB,top,J Bumrah,pace,elite,slow_turner,147,0,54,4,4,0,0
105,13,middle,R Pant,LHB,top,T Boult,pace,good,slow_turner,147,6,58,4,10,0,0
105,14,middle,R Pant,LHB,top,H Patel,pace,avg,slow_turner,147,12,68,4,10,0,0
105,15,middle,R Pant,LHB,top,M Shami,pace,good,slow_turner,147,18,78,4,5,0,1
105,16,death,R Pant,LHB,top,Y Chahal,spin,good,slow_turner,147,24,83,4,14,1,2
105,17,death,N Pooran,LHB,top,K Ahmed,pace,avg,slow_turner,147,0,97,5,9,0,0
105,18,death,N Pooran,LHB,top,J Bumrah,pace,elite,slow_turner,147,6,106,5,6,0,0
105,19,death,N Pooran,LHB,top,T Boult,pace,good,slow_turner,147,12,112,5,6,0,1
105,20,death,N Pooran,LHB,top,H Patel,pace,avg,slow_turner,147,18,118,5,8,0,1
106,1,powerplay,D Padikkal,LHB,avg,K Ahmed,pace,avg,slow_turner,142,0,0,0,4,0,0
106,2,powerplay,D Padikkal,LHB,avg,J Bumrah,pace,elite,slow_turner,142,6,4,0,4,1,0
106,3,powerplay,KL Rahul,RHB,solid,T Boult,pace,good,slow_turner,142,0,8,1,3,1,0
106,4,powerplay,R Parag,RHB,avg,A Rashid,spin,elite,slow_turner,142,0,11,2,2,0,0
106,5,powerplay,R Parag,RHB,avg,M Shami,pace,good,slow_turner,142,6,13,2,3,0,0
106,6,powerplay,R Parag,RHB,avg,R Jadeja,spin,good,slow_turner,142,12,16,2,5,0,0
106,7,middle,R Parag,RHB,avg,K Ahmed,pace,avg,slow_turner,142,18,21,2,6,0,0
106,8,middle,R Parag,RHB,avg,J Bumrah,pace,elite,slow_turner,142,24,27,2,7,0,0
106,9,middle,R Parag,RHB,avg,T Boult,pace,good,slow_turner,142,30,34,2,4,0,0
106,10,middle,R Parag,RHB,avg,A Rashid,spin,elite,slow_turner,142,36,38,2,5,0,0
106,11,middle,R Parag,RHB,avg,M Shami,pace,good,slow_turner,142,42,43,2,4,0,0
106,12,middle,R Parag,RHB,avg,R Jadeja,spin,good,slow_turner,142,48,47,2,2,1,0
106,13,middle,S Gill,RHB,solid,K Ahmed,pace,avg,slow_turner,142,0,49,3,2,0,0
106,14,middle,S Gill,RHB,solid,J Bumrah,pace,elite,slow_turner,142,6,51,3,2,1,0
106,15,middle,V Kohli,RHB,top,T Boult,pace,good,slow_turner,142,0,53,4,8,0,0
106,16,death,V Kohli,RHB,top,A Rashid,spin,elite,slow_turner,142,6,61,4,6,1,0
106,17,death,R Sharma,RHB,top,M Shami,pace,good,slow_turner,142,0,67,5,7,1,0
107,1,powerplay,H Pandya,RHB,solid,H Patel,pace,avg,seaming_track,159,0,0,0,10,1,0
107,2,powerplay,S Gill,RHB,solid,M Shami,pace,good,seaming_track,159,0,10,1,1,0,1
107,3,powerplay,S Gill,RHB,solid,Y Chahal,spin,good,seaming_track,159,6,11,1,3,1,0
107,4,powerplay,KL Rahul,RHB,solid,J Bumrah,pace,elite,seaming_track,159,0,14,2,5,0,0
107,5,powerplay,KL Rahul,RHB,solid,T Boult,pace,good,seaming_track,159,6,19,2,2,0,0
107,6,powerplay,KL Rahul,RHB,solid,R Jadeja,spin,good,seaming_track,159,12,21,2,2,1,0
107,7,middle,S Yadav,RHB,top,H Patel,pace,avg,seaming_track,159,0,23,3,6,0,0
107,8,middle,S Yadav,RHB,top,M Shami,pace,good,seaming_track,159,6,29,3,4,0,0
107,9,middle,S Yadav,RHB,top,Y Chahal,spin,good,seaming_track,159,12,33,3,4,1,0
107,10,middle,V Kohli,RHB,top,J Bumrah,pace,elite,seaming_track,159,0,37,4,1,1,0
107,11,middle,R Pant,LHB,top,T Boult,pace,good,seaming_track,159,0,38,5,5,0,0
107,12,middle,R Pant,LHB,top,R Jadeja,spin,good,seaming_track,159,6,43,5,0,1,0
108,1,powerplay,R Parag,RHB,avg,A Rashid,spin,elite,seaming_track,172,0,0,0,5,1,0
108,2,powerplay,R Pant,LHB,top,Y Chahal,spin,good,seaming_track,172,0,5,1,7,1,0
108,3,powerplay,S Yadav,RHB,top,J Bumrah,pace,elite,seaming_track,172,0,12,2,7,0,0
108,4,powerplay,S Yadav,RHB,top,T Boult,pace,good,seaming_track,172,6,19,2,7,0,0
108,5,powerplay,S Yadav,RHB,top,H Patel,pace,avg,seaming_track,172,12,26,2,14,0,1
108,6,powerplay,S Yadav,RHB,top,R Jadeja,spin,good,seaming_track,172,18,40,2,3,1,0
108,7,middle,KL Rahul,RHB,solid,A Rashid,spin,elite,seaming_track,172,0,43,3,1,1,0
108,8,middle,D Padikkal,LHB,avg,Y Chahal,spin,good,seaming_track,172,0,44,4,2,0,0
108,9,middle,D Padikkal,LHB,avg,J Bumrah,pace,elite,seaming_track,172,6,46,4,0,1,0
108,10,middle,N Pooran,LHB,top,T Boult,pace,good,seaming_track,172,0,46,5,4,0,1
108,11,middle,N Pooran,LHB,top,H Patel,pace,avg,seaming_track,172,6,50,5,7,1,0
109,1,powerplay,R Pant,LHB,top,H Patel,pace,avg,seaming_track,167,0,0,0,10,0,0
109,2,powerplay,R Pant,LHB,top,R Jadeja,spin,good,seaming_track,167,6,10,0,5,1,0
109,3,powerplay,N Pooran,LHB,top,M Shami,pace,good,seaming_track,167,0,15,1,7,1,0
109,4,powerplay,S Yadav,RHB,top,J Bumrah,pace,elite,seaming_track,167,0,22,2,4,1,0
109,5,powerplay,R Parag,RHB,avg,A Rashid,spin,elite,seaming_track,167,0,26,3,7,1,0
109,6,powerplay,S Gill,RHB,solid,Y Chahal,spin,good,seaming_track,167,0,33,4,2,1,0
109,7,middle,H Pandya,RHB,solid,H Patel,pace,avg,seaming_track,167,0,35,5,6,0,0
109,8,middle,H Pandya,RHB,solid,R Jadeja,spin,good,seaming_track,167,6,41,5,1,0,0
109,9,middle,H Pandya,RHB,solid,M Shami,pace,good,seaming_track,167,12,42,5,5,0,0
109,10,middle,H Pandya,RHB,solid,J Bumrah,pace,elite,seaming_track,167,18,47,5,9,0,0
109,11,middle,H Pandya,RHB,solid,A Rashid,spin,elite,seaming_track,167,24,56,5,3,1,0
110,1,powerplay,R Sharma,RHB,top,M Shami,pace,good,seaming_track,180,0,0,0,2,1,0
110,2,powerplay,S Gill,RHB,solid,K Ahmed,pace,avg,seaming_track,180,0,2,1,6,1,0
110,3,powerplay,N Pooran,LHB,top,R Jadeja,spin,good,seaming_track,180,0,8,2,0,1,0
110,4,powerplay,S Yadav,RHB,top,J Bumrah,pace,elite,seaming_track,180,0,8,3,5,0,0
110,5,powerplay,S Yadav,RHB,top,A Rashid,spin,elite,seaming_track,180,6,13,3,11,0,0
110,6,powerplay,S Yadav,RHB,top,H Patel,pace,avg,seaming_track,180,12,24,3,13,0,1
110,7,middle,S Yadav,RHB,top,M Shami,pace,good,seaming_track,180,18,37,3,5,1,0
110,8,middle,H Pandya,RHB,solid,K Ahmed,pace,avg,seaming_track,180,0,42,4,4,0,0
110,9,middle,H Pandya,RHB,solid,R Jadeja,spin,good,seaming_track,180,6,46,4,6,0,0
110,10,middle,H Pandya,RHB,solid,J Bumrah,pace,elite,seaming_track,180,12,52,4,6,0,0
110,11,middle,H Pandya,RHB,solid,A Rashid,spin,elite,seaming_track,180,18,58,4,4,0,0
110,12,middle,H Pandya,RHB,solid,H Patel,pace,avg,seaming_track,180,24,62,4,10,0,0
110,13,middle,H Pandya,RHB,solid,M Shami,pace,good,seaming_track,180,30,72,4,7,0,0
110,14,middle,H Pandya,RHB,solid,K Ahmed,pace,avg,seaming_track,180,36,79,4,10,0,0
110,15,middle,H Pandya,RHB,solid,R Jadeja,spin,good,seaming_track,180,42,89,4,12,0,1
110,16,death,H Pandya,RHB,solid,J Bumrah,pace,elite,seaming_track,180,48,101,4,10,0,0
110,17,death,H Pandya,RHB,solid,A Rashid,spin,elite,seaming_track,180,54,111,4,4,0,0
110,18,death,H Pandya,RHB,solid,H Patel,pace,avg,seaming_track,180,60,115,4,13,0,2
110,19,death,H Pandya,RHB,solid,M Shami,pace,good,seaming_track,180,66,128,4,7,1,0
110,20,death,R Pant,LHB,top,K Ahmed,pace,avg,seaming_track,180,0,135,5,10,1,0
111,1,powerplay,S Yadav,RHB,top,K Ahmed,pace,avg,balanced,163,0,0,0,5,0,0
111,2,powerplay,S Yadav,RHB,top,T Boult,pace,good,balanced,163,6,5,0,4,0,0
111,3,powerplay,S Yadav,RHB,top,R Jadeja,spin,good,balanced,163,12,9,0,12,0,2
111,4,powerplay,S Yadav,RHB,top,J Bumrah,pace,elite,balanced,163,18,21,0,8,0,1
111,5,powerplay,S Yadav,RHB,top,Y Chahal,spin,good,balanced,163,24,29,0,13,0,1
111,6,powerplay,S Yadav,RHB,top,M Shami,pace,good,balanced,163,30,42,0,14,0,1
111,7,middle,S Yadav,RHB,top,K Ahmed,pace,avg,balanced,163,36,56,0,11,0,1
111,8,middle,S Yadav,RHB,top,T Boult,pace,good,balanced,163,42,67,0,9,0,0
111,9,middle,S Yadav,RHB,top,R Jadeja,spin,good,balanced,163,48,76,0,11,0,1
111,10,middle,S Yadav,RHB,top,J Bumrah,pace,elite,balanced,163,54,87,0,5,0,0
111,11,middle,S Yadav,RHB,top,Y Chahal,spin,good,balanced,163,60,92,0,13,0,1
111,12,middle,S Yadav,RHB,top,M Shami,pace,good,balanced,163,66,105,0,8,0,0
111,13,middle,S Yadav,RHB,top,K Ahmed,pace,avg,balanced,163,72,113,0,12,0,1
111,14,middle,S Yadav,RHB,top,T Boult,pace,good,balanced,163,78,125,0,12,0,1
111,15,middle,S Yadav,RHB,top,R Jadeja,spin,good,balanced,163,84,137,0,10,0,0
111,16,death,S Yadav,RHB,top,J Bumrah,pace,elite,balanced,163,90,147,0,9,0,1
111,17,death,S Yadav,RHB,top,Y Chahal,spin,good,balanced,163,96,156,0,6,0,0
111,18,death,S Yadav,RHB,top,M Shami,pace,good,balanced,163,102,162,0,12,1,2
111,19,death,V Kohli,RHB,top,K Ahmed,pace,avg,balanced,163,0,174,1,15,1,1
111,20,death,H Pandya,RHB,solid,T Boult,pace,good,balanced,163,0,189,2,2,1,0
112,1,powerplay,V Kohli,RHB,top,M Shami,pace,good,seaming_track,177,0,0,0,6,1,0
112,2,powerplay,R Pant,LHB,top,T Boult,pace,good,seaming_track,177,0,6,1,5,0,0
112,3,powerplay,R Pant,LHB,top,R Jadeja,spin,good,seaming_track,177,6,11,1,5,1,0
112,4,powerplay,N Pooran,LHB,top,H Patel,pace,avg,seaming_track,177,0,16,2,10,1,0
112,5,powerplay,H Pandya,RHB,solid,Y Chahal,spin,good,seaming_track,177,0,26,3,5,0,0
112,6,powerplay,H Pandya,RHB,solid,K Ahmed,pace,avg,seaming_track,177,6,31,3,3,0,0
112,7,middle,H Pandya,RHB,solid,M Shami,pace,good,seaming_track,177,12,34,3,2,1,0
112,8,middle,S Yadav,RHB,top,T Boult,pace,good,seaming_track,177,0,36,4,6,0,0
112,9,middle,S Yadav,RHB,top,R Jadeja,spin,good,seaming_track,177,6,42,4,6,0,0
112,10,middle,S Yadav,RHB,top,H Patel,pace,avg,seaming_track,177,12,48,4,8,0,0
112,11,middle,S Yadav,RHB,top,Y Chahal,spin,good,seaming_track,177,18,56,4,3,1,0
112,12,middle,R Sharma,RHB,top,K Ahmed,pace,avg,seaming_track,177,0,59,5,2,0,0
112,13,middle,R Sharma,RHB,top,M Shami,pace,good,seaming_track,177,6,61,5,4,1,0
113,1,powerplay,R Sharma,RHB,top,R Jadeja,spin,good,batting_paradise,174,0,0,0,14,0,1
113,2,powerplay,R Sharma,RHB,top,T Boult,pace,good,batting_paradise,174,6,14,0,18,1,1
113,3,powerplay,V Kohli,RHB,top,Y Chahal,spin,good,batting_paradise,174,0,32,1,9,0,0
113,4,powerplay,V Kohli,RHB,top,J Bumrah,pace,elite,batting_paradise,174,6,41,1,5,1,0
113,5,powerplay,R Pant,LHB,top,H Patel,pace,avg,batting_paradise,174,0,46,2,11,0,0
113,6,powerplay,R Pant,LHB,top,M Shami,pace,good,batting_paradise,174,6,57,2,12,0,1
113,7,middle,R Pant,LHB,top,R Jadeja,spin,good,batting_paradise,174,12,69,2,9,1,0
113,8,middle,N Pooran,LHB,top,T Boult,pace,good,batting_paradise,174,0,78,3,7,0,0
113,9,middle,N Pooran,LHB,top,Y Chahal,spin,good,batting_paradise,174,6,85,3,5,1,0
113,10,middle,H Pandya,RHB,solid,J Bumrah,pace,elite,batting_paradise,174,0,90,4,5,0,0
113,11,middle,H Pandya,RHB,solid,H Patel,pace,avg,batting_paradise,174,6,95,4,7,0,0
113,12,middle,H Pandya,RHB,solid,M Shami,pace,good,batting_paradise,174,12,102,4,10,0,0
113,13,middle,H Pandya,RHB,solid,R Jadeja,spin,good,batting_paradise,174,18,112,4,9,0,0
113,14,middle,H Pandya,RHB,solid,T Boult,pace,good,batting_paradise,174,24,121,4,13,0,2
113,15,middle,H Pandya,RHB,solid,Y Chahal,spin,good,batting_paradise,174,30,134,4,5,1,0
113,16,death,KL Rahul,RHB,solid,J Bumrah,pace,elite,batting_paradise,174,0,139,5,9,1,0
114,1,powerplay,S Yadav,RHB,top,A Rashid,spin,elite,slow_turner,154,0,0,0,4,1,0
114,2,powerplay,R Parag,RHB,avg,K Ahmed,pace,avg,slow_turner,154,0,4,1,7,1,0
114,3,powerplay,R Pant,LHB,top,R Jadeja,spin,good,slow_turner,154,0,11,2,8,0,0
114,4,powerplay,R Pant,LHB,top,Y Chahal,spin,good,slow_turner,154,6,19,2,0,1,0
114,5,powerplay,KL Rahul,RHB,solid,H Patel,pace,avg,slow_turner,154,0,19,3,3,0,0
114,6,powerplay,KL Rahul,RHB,solid,J Bumrah,pace,elite,slow_turner,154,6,22,3,5,1,0
114,7,middle,V Kohli,RHB,top,A Rashid,spin,elite,slow_turner,154,0,27,4,5,0,0
114,8,middle,V Kohli,RHB,top,K Ahmed,pace,avg,slow_turner,154,6,32,4,2,1,0
114,9,middle,N Pooran,LHB,top,R Jadeja,spin,good,slow_turner,154,0,34,5,5,0,0
114,10,middle,N Pooran,LHB,top,Y Chahal,spin,good,slow_turner,154,6,39,5,3,1,0
115,1,powerplay,R Pant,LHB,top,R Jadeja,spin,good,batting_paradise,180,0,0,0,14,0,1
115,2,powerplay,R Pant,LHB,top,Y Chahal,spin,good,batting_paradise,180,6,14,0,5,0,0
115,3,powerplay,R Pant,LHB,top,J Bumrah,pace,elite,batting_paradise,180,12,19,0,14,0,1
115,4,powerplay,R Pant,LHB,top,M Shami,pace,good,batting_paradise,180,18,33,0,14,0,1
115,5,powerplay,R Pant,LHB,top,K Ahmed,pace,avg,batting_paradise,180,24,47,0,12,0,2
115,6,powerplay,R Pant,LHB,top,T Boult,pace,good,batting_paradise,180,30,59,0,10,0,1
115,7,middle,R Pant,LHB,top,R Jadeja,spin,good,batting_paradise,180,36,69,0,11,0,0
115,8,middle,R Pant,LHB,top,Y Chahal,spin,good,batting_paradise,180,42,80,0,13,0,1
115,9,middle,R Pant,LHB,top,J Bumrah,pace,elite,batting_paradise,180,48,93,0,15,0,2
115,10,middle,R Pant,LHB,top,M Shami,pace,good,batting_paradise,180,54,108,0,11,0,0
115,11,middle,R Pant,LHB,top,K Ahmed,pace,avg,batting_paradise,180,60,119,0,15,0,1
115,12,middle,R Pant,LHB,top,T Boult,pace,good,batting_paradise,180,66,134,0,16,0,1
115,13,middle,R Pant,LHB,top,R Jadeja,spin,good,batting_paradise,180,72,150,0,8,0,0
115,14,middle,R Pant,LHB,top,Y Chahal,spin,good,batting_paradise,180,78,158,0,9,1,0
115,15,middle,D Padikkal,LHB,avg,J Bumrah,pace,elite,batting_paradise,180,0,167,1,5,0,0
115,16,death,D Padikkal,LHB,avg,M Shami,pace,good,batting_paradise,180,6,172,1,11,1,0
115,17,death,V Kohli,RHB,top,K Ahmed,pace,avg,batting_paradise,180,0,183,2,14,0,2
115,18,death,V Kohli,RHB,top,T Boult,pace,good,batting_paradise,180,6,197,2,9,0,0
115,19,death,V Kohli,RHB,top,R Jadeja,spin,good,batting_paradise,180,12,206,2,14,0,1
115,20,death,V Kohli,RHB,top,Y Chahal,spin,good,batting_paradise,180,18,220,2,7,1,0
116,1,powerplay,V Kohli,RHB,top,H Patel,pace,avg,balanced,118,0,0,0,13,0,1
116,2,powerplay,V Kohli,RHB,top,J Bumrah,pace,elite,balanced,118,6,13,0,3,1,0
116,3,powerplay,R Parag,RHB,avg,Y Chahal,spin,good,balanced,118,0,16,1,8,1,0
116,4,powerplay,S Yadav,RHB,top,T Boult,pace,good,balanced,118,0,24,2,7,0,0
116,5,powerplay,S Yadav,RHB,top,A Rashid,spin,elite,balanced,118,6,31,2,5,1,0
116,6,powerplay,KL Rahul,RHB,solid,K Ahmed,pace,avg,balanced,118,0,36,3,4,0,0
116,7,middle,KL Rahul,RHB,solid,H Patel,pace,avg,balanced,118,6,40,3,9,0,0
116,8,middle,KL Rahul,RHB,solid,J Bumrah,pace,elite,balanced,118,12,49,3,3,1,0
116,9,middle,S Gill,RHB,solid,Y Chahal,spin,good,balanced,118,0,52,4,3,0,0
116,10,middle,S Gill,RHB,solid,T Boult,pace,good,balanced,118,6,55,4,5,0,0
116,11,middle,S Gill,RHB,solid,A Rashid,spin,elite,balanced,118,12,60,4,4,0,0
116,12,middle,S Gill,RHB,solid,K Ahmed,pace,avg,balanced,118,18,64,4,9,0,0
116,13,middle,S Gill,RHB,solid,H Patel,pace,avg,balanced,118,24,73,4,10,0,1
116,14,middle,S Gill,RHB,solid,J Bumrah,pace,elite,balanced,118,30,83,4,8,0,0
116,15,middle,S Gill,RHB,solid,Y Chahal,spin,good,balanced,118,36,91,4,10,0,0
116,16,death,S Gill,RHB,solid,T Boult,pace,good,balanced,118,42,101,4,6,0,0
116,17,death,S Gill,RHB,solid,A Rashid,spin,elite,balanced,118,48,107,4,8,0,0
116,18,death,S Gill,RHB,solid,K Ahmed,pace,avg,balanced,118,54,115,4,20,1,1
116,19,death,N Pooran,LHB,top,H Patel,pace,avg,balanced,118,0,135,5,7,1,0
117,1,powerplay,S Yadav,RHB,top,K Ahmed,pace,avg,balanced,167,0,0,0,17,0,1
117,2,powerplay,S Yadav,RHB,top,Y Chahal,spin,good,balanced,167,6,17,0,9,0,0
117,3,powerplay,S Yadav,RHB,top,J Bumrah,pace,elite,balanced,167,12,26,0,12,0,2
117,4,powerplay,S Yadav,RHB,top,T Boult,pace,good,balanced,167,18,38,0,8,0,0
117,5,powerplay,S Yadav,RHB,top,H Patel,pace,avg,balanced,167,24,46,0,16,0,1
117,6,powerplay,S Yadav,RHB,top,R Jadeja,spin,good,balanced,167,30,62,0,10,1,0
117,7,middle,R Pant,LHB,top,K Ahmed,pace,avg,balanced,167,0,72,1,11,0,0
117,8,middle,R Pant,LHB,top,Y Chahal,spin,good,balanced,167,6,83,1,4,0,0
117,9,middle,R Pant,LHB,top,J Bumrah,pace,elite,balanced,167,12,87,1,6,1,0
117,10,middle,V Kohli,RHB,top,T Boult,pace,good,balanced,167,0,93,2,6,0,0
117,11,middle,V Kohli,RHB,top,H Patel,pace,avg,balanced,167,6,99,2,3,1,0
117,12,middle,R Sharma,RHB,top,R Jadeja,spin,good,balanced,167,0,102,3,8,0,0
117,13,middle,R Sharma,RHB,top,K Ahmed,pace,avg,balanced,167,6,110,3,7,0,0
117,14,middle,R Sharma,RHB,top,Y Chahal,spin,good,balanced,167,12,117,3,7,0,0
117,15,middle,R Sharma,RHB,top,J Bumrah,pace,elite,balanced,167,18,124,3,8,0,0
117,16,death,R Sharma,RHB,top,T Boult,pace,good,balanced,167,24,132,3,12,0,1
117,17,death,R Sharma,RHB,top,H Patel,pace,avg,balanced,167,30,144,3,11,1,1
117,18,death,N Pooran,LHB,top,R Jadeja,spin,good,balanced,167,0,155,4,9,1,0
117,19,death,D Padikkal,LHB,avg,K Ahmed,pace,avg,balanced,167,0,164,5,8,0,0
117,20,death,D Padikkal,LHB,avg,Y Chahal,spin,good,balanced,167,6,172,5,4,1,0
118,1,powerplay,D Padikkal,LHB,avg,K Ahmed,pace,avg,seaming_track,122,0,0,0,5,0,0
118,2,powerplay,D Padikkal,LHB,avg,J Bumrah,pace,elite,seaming_track,122,6,5,0,6,0,0
118,3,powerplay,D Padikkal,LHB,avg,T Boult,pace,good,seaming_track,122,12,11,0,2,1,0
118,4,powerplay,N Pooran,LHB,top,R Jadeja,spin,good,seaming_track,122,0,13,1,6,0,0
118,5,powerplay,N Pooran,LHB,top,A Rashid,spin,elite,seaming_track,122,6,19,1,5,0,0
118,6,powerplay,N Pooran,LHB,top,M Shami,pace,good,seaming_track,122,12,24,1,5,1,0
118,7,middle,R Pant,LHB,top,K Ahmed,pace,avg,seaming_track,122,0,29,2,9,0,1
118,8,middle,R Pant,LHB,top,J Bumrah,pace,elite,seaming_track,122,6,38,2,5,0,0
118,9,middle,R Pant,LHB,top,T Boult,pace,good,seaming_track,122,12,43,2,5,0,0
118,10,middle,R Pant,LHB,top,R Jadeja,spin,good,seaming_track,122,18,48,2,9,0,0
118,11,middle,R Pant,LHB,top,A Rashid,spin,elite,seaming_track,122,24,57,2,7,0,0
118,12,middle,R Pant,LHB,top,M Shami,pace,good,seaming_track,122,30,64,2,10,1,0
118,13,middle,KL Rahul,RHB,solid,K Ahmed,pace,avg,seaming_track,122,0,74,3,7,0,0
118,14,middle,KL Rahul,RHB,solid,J Bumrah,pace,elite,seaming_track,122,6,81,3,5,1,0
118,15,middle,V Kohli,RHB,top,T Boult,pace,good,seaming_track,122,0,86,4,5,0,0
118,16,death,V Kohli,RHB,top,R Jadeja,spin,good,seaming_track,122,6,91,4,11,1,0
118,17,death,S Gill,RHB,solid,A Rashid,spin,elite,seaming_track,122,0,102,5,1,1,0
119,1,powerplay,D Padikkal,LHB,avg,Y Chahal,spin,good,batting_paradise,147,0,0,0,8,0,0
119,2,powerplay,D Padikkal,LHB,avg,M Shami,pace,good,batting_paradise,147,6,8,0,8,1,0
119,3,powerplay,V Kohli,RHB,top,J Bumrah,pace,elite,batting_paradise,147,0,16,1,4,0,0
119,4,powerplay,V Kohli,RHB,top,R Jadeja,spin,good,batting_paradise,147,6,20,1,6,0,0
119,5,powerplay,V Kohli,RHB,top,H Patel,pace,avg,batting_paradise,147,12,26,1,25,0,1
119,6,powerplay,V Kohli,RHB,top,T Boult,pace,good,batting_paradise,147,18,51,1,5,0,0
119,7,middle,V Kohli,RHB,top,Y Chahal,spin,good,batting_paradise,147,24,56,1,10,0,1
119,8,middle,V Kohli,RHB,top,M Shami,pace,good,batting_paradise,147,30,66,1,6,0,0
119,9,middle,V Kohli,RHB,top,J Bumrah,pace,elite,batting_paradise,147,36,72,1,10,0,0
119,10,middle,V Kohli,RHB,top,R Jadeja,spin,good,batting_paradise,147,42,82,1,10,1,0
119,11,middle,R Pant,LHB,top,H Patel,pace,avg,batting_paradise,147,0,92,2,16,0,2
119,12,middle,R Pant,LHB,top,T Boult,pace,good,batting_paradise,147,6,108,2,8,0,0
119,13,middle,R Pant,LHB,top,Y Chahal,spin,good,batting_paradise,147,12,116,2,6,1,0
119,14,middle,S Gill,RHB,solid,M Shami,pace,good,batting_paradise,147,0,122,3,5,0,0
119,15,middle,S Gill,RHB,solid,J Bumrah,pace,elite,batting_paradise,147,6,127,3,5,0,0
119,16,death,S Gill,RHB,solid,R Jadeja,spin,good,batting_paradise,147,12,132,3,4,0,0
119,17,death,S Gill,RHB,solid,H Patel,pace,avg,batting_paradise,147,18,136,3,21,0,1
119,18,death,S Gill,RHB,solid,T Boult,pace,good,batting_paradise,147,24,157,3,6,0,1
119,19,death,S Gill,RHB,solid,Y Chahal,spin,good,batting_paradise,147,30,163,3,10,0,0
119,20,death,S Gill,RHB,solid,M Shami,pace,good,batting_paradise,147,36,173,3,12,0,2
120,1,powerplay,V Kohli,RHB,top,Y Chahal,spin,good,seaming_track,165,0,0,0,5,0,1
120,2,powerplay,V Kohli,RHB,top,J Bumrah,pace,elite,seaming_track,165,6,5,0,2,1,0
120,3,powerplay,D Padikkal,LHB,avg,H Patel,pace,avg,seaming_track,165,0,7,1,1,0,0
120,4,powerplay,D Padikkal,LHB,avg,A Rashid,spin,elite,seaming_track,165,6,8,1,3,0,0
120,5,powerplay,D Padikkal,LHB,avg,R Jadeja,spin,good,seaming_track,165,12,11,1,6,0,0
120,6,powerplay,D Padikkal,LHB,avg,T Boult,pace,good,seaming_track,165,18,17,1,2,1,0
120,7,middle,S Gill,RHB,solid,Y Chahal,spin,good,seaming_track,165,0,19,2,3,1,0
120,8,middle,R Sharma,RHB,top,J Bumrah,pace,elite,seaming_track,165,0,22,3,5,1,0
120,9,middle,KL Rahul,RHB,solid,H Patel,pace,avg,seaming_track,165,0,27,4,7,0,0
120,10,middle,KL Rahul,RHB,solid,A Rashid,spin,elite,seaming_track,165,6,34,4,7,1,0
120,11,middle,S Yadav,RHB,top,R Jadeja,spin,good,seaming_track,165,0,41,5,6,0,0
120,12,middle,S Yadav,RHB,top,T Boult,pace,good,seaming_track,165,6,47,5,4,0,0
120,13,middle,S Yadav,RHB,top,Y Chahal,spin,good,seaming_track,165,12,51,5,4,0,0
120,14,middle,S Yadav,RHB,top,J Bumrah,pace,elite,seaming_track,165,18,55,5,4,0,0
120,15,middle,S Yadav,RHB,top,H Patel,pace,avg,seaming_track,165,24,59,5,12,1,1
121,1,powerplay,S Yadav,RHB,top,T Boult,pace,good,batting_paradise,164,0,0,0,9,1,0
121,2,powerplay,S Gill,RHB,solid,R Jadeja,spin,good,batting_paradise,164,0,9,1,4,0,0
121,3,powerplay,S Gill,RHB,solid,M Shami,pace,good,batting_paradise,164,6,13,1,13,0,1
121,4,powerplay,S Gill,RHB,solid,A Rashid,spin,elite,batting_paradise,164,12,26,1,5,0,0
121,5,powerplay,S Gill,RHB,solid,Y Chahal,spin,good,batting_paradise,164,18,31,1,6,0,0
121,6,powerplay,S Gill,RHB,solid,H Patel,pace,avg,batting_paradise,164,24,37,1,15,0,1
121,7,middle,S Gill,RHB,solid,T Boult,pace,good,batting_paradise,164,30,52,1,7,0,0
121,8,middle,S Gill,RHB,solid,R Jadeja,spin,good,batting_paradise,164,36,59,1,9,0,0
121,9,middle,S Gill,RHB,solid,M Shami,pace,good,batting_paradise,164,42,68,1,16,0,1
121,10,middle,S Gill,RHB,solid,A Rashid,spin,elite,batting_paradise,164,48,84,1,7,1,0
121,11,middle,N Pooran,LHB,top,Y Chahal,spin,good,batting_paradise,164,0,91,2,11,0,0
121,12,middle,N Pooran,LHB,top,H Patel,pace,avg,batting_paradise,164,6,102,2,7,0,1
121,13,middle,N Pooran,LHB,top,T Boult,pace,good,batting_paradise,164,12,109,2,10,0,1
121,14,middle,N Pooran,LHB,top,R Jadeja,spin,good,batting_paradise,164,18,119,2,4,0,0
121,15,middle,N Pooran,LHB,top,M Shami,pace,good,batting_paradise,164,24,123,2,9,0,1
121,16,death,N Pooran,LHB,top,A Rashid,spin,elite,batting_paradise,164,30,132,2,11,0,0
121,17,death,N Pooran,LHB,top,Y Chahal,spin,good,batting_paradise,164,36,143,2,16,1,1
121,18,death,R Parag,RHB,avg,H Patel,pace,avg,batting_paradise,164,0,159,3,10,0,1
121,19,death,R Parag,RHB,avg,T Boult,pace,good,batting_paradise,164,6,169,3,9,1,0
121,20,death,KL Rahul,RHB,solid,R Jadeja,spin,good,batting_paradise,164,0,178,4,9,0,0
122,1,powerplay,R Pant,LHB,top,H Patel,pace,avg,slow_turner,129,0,0,0,1,1,0
122,2,powerplay,R Parag,RHB,avg,J Bumrah,pace,elite,slow_turner,129,0,1,1,2,1,0
122,3,powerplay,V Kohli,RHB,top,A Rashid,spin,elite,slow_turner,129,0,3,2,6,1,0
122,4,powerplay,D Padikkal,LHB,avg,K Ahmed,pace,avg,slow_turner,129,0,9,3,2,1,0
122,5,powerplay,H Pandya,RHB,solid,R Jadeja,spin,good,slow_turner,129,0,11,4,7,0,0
122,6,powerplay,H Pandya,RHB,solid,M Shami,pace,good,slow_turner,129,6,18,4,9,0,0
122,7,middle,H Pandya,RHB,solid,H Patel,pace,avg,slow_turner,129,12,27,4,13,0,1
122,8,middle,H Pandya,RHB,solid,J Bumrah,pace,elite,slow_turner,129,18,40,4,10,0,1
122,9,middle,H Pandya,RHB,solid,A Rashid,spin,elite,slow_turner,129,24,50,4,3,1,1
122,10,middle,N Pooran,LHB,top,K Ahmed,pace,avg,slow_turner,129,0,53,5,2,1,0
123,1,powerplay,R Parag,RHB,avg,H Patel,pace,avg,balanced,150,0,0,0,9,0,0
123,2,powerplay,R Parag,RHB,avg,M Shami,pace,good,balanced,150,6,9,0,1,0,1
123,3,powerplay,R Parag,RHB,avg,J Bumrah,pace,elite,balanced,150,12,10,0,3,1,0
123,4,powerplay,N Pooran,LHB,top,R Jadeja,spin,good,balanced,150,0,13,1,2,0,0
123,5,powerplay,N Pooran,LHB,top,Y Chahal,spin,good,balanced,150,6,15,1,10,1,1
123,6,powerplay,H Pandya,RHB,solid,T Boult,pace,good,balanced,150,0,25,2,1,1,0
123,7,middle,R Pant,LHB,top,H Patel,pace,avg,balanced,150,0,26,3,9,0,0
123,8,middle,R Pant,LHB,top,M Shami,pace,good,balanced,150,6,35,3,5,1,0
123,9,middle,V Kohli,RHB,top,J Bumrah,pace,elite,balanced,150,0,40,4,8,1,0
123,10,middle,R Sharma,RHB,top,R Jadeja,spin,good,balanced,150,0,48,5,5,0,0
123,11,middle,R Sharma,RHB,top,Y Chahal,spin,good,balanced,150,6,53,5,3,1,0
124,1,powerplay,V Kohli,RHB,top,R Jadeja,spin,good,seaming_track,188,0,0,0,2,0,0
124,2,powerplay,V Kohli,RHB,top,K Ahmed,pace,avg,seaming_track,188,6,2,0,7,1,0
124,3,powerplay,KL Rahul,RHB,solid,A Rashid,spin,elite,seaming_track,188,0,9,1,8,1,0
124,4,powerplay,R Pant,LHB,top,T Boult,pace,good,seaming_track,188,0,17,2,4,1,0
124,5,powerplay,H Pandya,RHB,solid,Y Chahal,spin,good,seaming_track,188,0,21,3,5,1,0
124,6,powerplay,D Padikkal,LHB,avg,J Bumrah,pace,elite,seaming_track,188,0,26,4,0,0,0
124,7,middle,D Padikkal,LHB,avg,R Jadeja,spin,good,seaming_track,188,6,26,4,1,1,0
124,8,middle,N Pooran,LHB,top,K Ahmed,pace,avg,seaming_track,188,0,27,5,6,0,0
124,9,middle,N Pooran,LHB,top,A Rashid,spin,elite,seaming_track,188,6,33,5,3,0,0
124,10,middle,N Pooran,LHB,top,T Boult,pace,good,seaming_track,188,12,36,5,1,0,0
124,11,middle,N Pooran,LHB,top,Y Chahal,spin,good,seaming_track,188,18,37,5,8,0,0
124,12,middle,N Pooran,LHB,top,J Bumrah,pace,elite,seaming_track,188,24,45,5,7,0,0
124,13,middle,N Pooran,LHB,top,R Jadeja,spin,good,seaming_track,188,30,52,5,5,0,0
124,14,middle,N Pooran,LHB,top,K Ahmed,pace,avg,seaming_track,188,36,57,5,13,0,2
124,15,middle,N Pooran,LHB,top,A Rashid,spin,elite,seaming_track,188,42,70,5,3,1,0
125,1,powerplay,S Gill,RHB,solid,R Jadeja,spin,good,batting_paradise,155,0,0,0,3,0,1
125,2,powerplay,S Gill,RHB,solid,Y Chahal,spin,good,batting_paradise,155,6,3,0,6,0,0
125,3,powerplay,S Gill,RHB,solid,T Boult,pace,good,batting_paradise,155,12,9,0,9,1,0
125,4,powerplay,H Pandya,RHB,solid,M Shami,pace,good,batting_paradise,155,0,18,1,9,1,0
125,5,powerplay,V Kohli,RHB,top,K Ahmed,pace,avg,batting_paradise,155,0,27,2,12,0,1
125,6,powerplay,V Kohli,RHB,top,J Bumrah,pace,elite,batting_paradise,155,6,39,2,6,1,0
125,7,middle,S Yadav,RHB,top,R Jadeja,spin,good,batting_paradise,155,0,45,3,6,0,0
125,8,middle,S Yadav,RHB,top,Y Chahal,spin,good,batting_paradise,155,6,51,3,7,0,0
125,9,middle,S Yadav,RHB,top,T Boult,pace,good,batting_paradise,155,12,58,3,6,0,0
125,10,middle,S Yadav,RHB,top,M Shami,pace,good,batting_paradise,155,18,64,3,6,1,1
125,11,middle,R Sharma,RHB,top,K Ahmed,pace,avg,batting_paradise,155,0,70,4,17,0,2
125,12,middle,R Sharma,RHB,top,J Bumrah,pace,elite,batting_paradise,155,6,87,4,6,0,0
125,13,middle,R Sharma,RHB,top,R Jadeja,spin,good,batting_paradise,155,12,93,4,9,0,1
125,14,middle,R Sharma,RHB,top,Y Chahal,spin,good,batting_paradise,155,18,102,4,8,0,0
125,15,middle,R Sharma,RHB,top,T Boult,pace,good,batting_paradise,155,24,110,4,8,1,1
125,16,death,KL Rahul,RHB,solid,M Shami,pace,good,batting_paradise,155,0,118,5,3,1,0
126,1,powerplay,KL Rahul,RHB,solid,H Patel,pace,avg,seaming_track,164,0,0,0,7,1,1
126,2,powerplay,R Pant,LHB,top,T Boult,pace,good,seaming_track,164,0,7,1,5,1,0
126,3,powerplay,R Parag,RHB,avg,R Jadeja,spin,good,seaming_track,164,0,12,2,2,1,0
126,4,powerplay,H Pandya,RHB,solid,J Bumrah,pace,elite,seaming_track,164,0,14,3,6,0,0
126,5,powerplay,H Pandya,RHB,solid,Y Chahal,spin,good,seaming_track,164,6,20,3,2,0,0
126,6,powerplay,H Pandya,RHB,solid,A Rashid,spin,elite,seaming_track,164,12,22,3,7,0,1
126,7,middle,H Pandya,RHB,solid,H Patel,pace,avg,seaming_track,164,18,29,3,11,0,0
126,8,middle,H Pandya,RHB,solid,T Boult,pace,good,seaming_track,164,24,40,3,8,1,0
126,9,middle,V Kohli,RHB,top,R Jadeja,spin,good,seaming_track,164,0,48,4,5,0,0
126,10,middle,V Kohli,RHB,top,J Bumrah,pace,elite,seaming_track,164,6,53,4,6,0,0
126,11,middle,V Kohli,RHB,top,Y Chahal,spin,good,seaming_track,164,12,59,4,15,0,2
126,12,middle,V Kohli,RHB,top,A Rashid,spin,elite,seaming_track,164,18,74,4,4,0,0
126,13,middle,V Kohli,RHB,top,H Patel,pace,avg,seaming_track,164,24,78,4,10,0,0
126,14,middle,V Kohli,RHB,top,T Boult,pace,good,seaming_track,164,30,88,4,9,0,0
126,15,middle,V Kohli,RHB,top,R Jadeja,spin,good,seaming_track,164,36,97,4,7,0,0
126,16,death,V Kohli,RHB,top,J Bumrah,pace,elite,seaming_track,164,42,104,4,12,1,1
126,17,death,S Yadav,RHB,top,Y Chahal,spin,good,seaming_track,164,0,116,5,9,0,0
126,18,death,S Yadav,RHB,top,A Rashid,spin,elite,seaming_track,164,6,125,5,4,0,0
126,19,death,S Yadav,RHB,top,H Patel,pace,avg,seaming_track,164,12,129,5,11,0,0
126,20,death,S Yadav,RHB,top,T Boult,pace,good,seaming_track,164,18,140,5,8,1,0
127,1,powerplay,R Sharma,RHB,top,T Boult,pace,good,balanced,157,0,0,0,7,0,0
127,2,powerplay,R Sharma,RHB,top,M Shami,pace,good,balanced,157,6,7,0,7,0,0
127,3,powerplay,R Sharma,RHB,top,Y Chahal,spin,good,balanced,157,12,14,0,6,0,0
127,4,powerplay,R Sharma,RHB,top,J Bumrah,pace,elite,balanced,157,18,20,0,6,0,0
127,5,powerplay,R Sharma,RHB,top,R Jadeja,spin,good,balanced,157,24,26,0,8,0,0
127,6,powerplay,R Sharma,RHB,top,H Patel,pace,avg,balanced,157,30,34,0,11,0,0
127,7,middle,R Sharma,RHB,top,T Boult,pace,good,balanced,157,36,45,0,10,0,1
127,8,middle,R Sharma,RHB,top,M Shami,pace,good,balanced,157,42,55,0,4,1,1
127,9,middle,R Parag,RHB,avg,Y Chahal,spin,good,balanced,157,0,59,1,1,0,0
127,10,middle,R Parag,RHB,avg,J Bumrah,pace,elite,balanced,157,6,60,1,6,0,0
127,11,middle,R Parag,RHB,avg,R Jadeja,spin,good,balanced,157,12,66,1,10,0,1
127,12,middle,R Parag,RHB,avg,H Patel,pace,avg,balanced,157,18,76,1,11,0,0
127,13,middle,R Parag,RHB,avg,T Boult,pace,good,balanced,157,24,87,1,4,0,0
127,14,middle,R Parag,RHB,avg,M Shami,pace,good,balanced,157,30,91,1,7,0,0
127,15,middle,R Parag,RHB,avg,Y Chahal,spin,good,balanced,157,36,98,1,2,0,1
127,16,death,R Parag,RHB,avg,J Bumrah,pace,elite,balanced,157,42,100,1,6,0,1
127,17,death,R Parag,RHB,avg,R Jadeja,spin,good,balanced,157,48,106,1,5,1,0
127,18,death,R Pant,LHB,top,H Patel,pace,avg,balanced,157,0,111,2,15,1,1
127,19,death,S Yadav,RHB,top,T Boult,pace,good,balanced,157,0,126,3,5,1,0
127,20,death,H Pandya,RHB,solid,M Shami,pace,good,balanced,157,0,131,4,13,1,1
128,1,powerplay,N Pooran,LHB,top,J Bumrah,pace,elite,seaming_track,157,0,0,0,7,1,0
128,2,powerplay,KL Rahul,RHB,solid,H Patel,pace,avg,seaming_track,157,0,7,1,9,0,0
128,3,powerplay,KL Rahul,RHB,solid,T Boult,pace,good,seaming_track,157,6,16,1,3,1,0
128,4,powerplay,S Gill,RHB,solid,A Rashid,spin,elite,seaming_track,157,0,19,2,1,1,0
128,5,powerplay,R Pant,LHB,top,Y Chahal,spin,good,seaming_track,157,0,20,3,0,1,0
128,6,powerplay,H Pandya,RHB,solid,K Ahmed,pace,avg,seaming_track,157,0,20,4,7,0,0
128,7,middle,H Pandya,RHB,solid,J Bumrah,pace,elite,seaming_track,157,6,27,4,2,1,0
128,8,middle,S Yadav,RHB,top,H Patel,pace,avg,seaming_track,157,0,29,5,5,0,1
128,9,middle,S Yadav,RHB,top,T Boult,pace,good,seaming_track,157,6,34,5,8,0,0
128,10,middle,S Yadav,RHB,top,A Rashid,spin,elite,seaming_track,157,12,42,5,6,1,0
129,1,powerplay,H Pandya,RHB,solid,J Bumrah,pace,elite,balanced,146,0,0,0,6,0,0
129,2,powerplay,H Pandya,RHB,solid,M Shami,pace,good,balanced,146,6,6,0,7,0,1
129,3,powerplay,H Pandya,RHB,solid,R Jadeja,spin,good,balanced,146,12,13,0,6,0,0
129,4,powerplay,H Pandya,RHB,solid,T Boult,pace,good,balanced,146,18,19,0,8,0,0
129,5,powerplay,H Pandya,RHB,solid,A Rashid,spin,elite,balanced,146,24,27,0,9,1,0
129,6,powerplay,V Kohli,RHB,top,Y Chahal,spin,good,balanced,146,0,36,1,7,0,0
129,7,middle,V Kohli,RHB,top,J Bumrah,pace,elite,balanced,146,6,43,1,8,1,0
129,8,middle,S Gill,RHB,solid,M Shami,pace,good,balanced,146,0,51,2,3,1,0
129,9,middle,D Padikkal,LHB,avg,R Jadeja,spin,good,balanced,146,0,54,3,5,1,0
129,10,middle,S Yadav,RHB,top,T Boult,pace,good,balanced,146,0,59,4,6,0,0
129,11,middle,S Yadav,RHB,top,A Rashid,spin,elite,balanced,146,6,65,4,7,0,0
129,12,middle,S Yadav,RHB,top,Y Chahal,spin,good,balanced,146,12,72,4,9,0,0
129,13,middle,S Yadav,RHB,top,J Bumrah,pace,elite,balanced,146,18,81,4,13,0,1
129,14,middle,S Yadav,RHB,top,M Shami,pace,good,balanced,146,24,94,4,8,0,0
129,15,middle,S Yadav,RHB,top,R Jadeja,spin,good,balanced,146,30,102,4,8,0,0
129,16,death,S Yadav,RHB,top,T Boult,pace,good,balanced,146,36,110,4,14,1,2
129,17,death,R Pant,LHB,top,A Rashid,spin,elite,balanced,146,0,124,5,7,1,0
130,1,powerplay,H Pandya,RHB,solid,Y Chahal,spin,good,batting_paradise,149,0,0,0,11,0,0
130,2,powerplay,H Pandya,RHB,solid,R Jadeja,spin,good,batting_paradise,149,6,11,0,8,0,0
130,3,powerplay,H Pandya,RHB,solid,J Bumrah,pace,elite,batting_paradise,149,12,19,0,6,0,0
130,4,powerplay,H Pandya,RHB,solid,M Shami,pace,good,batting_paradise,149,18,25,0,7,0,0
130,5,powerplay,H Pandya,RHB,solid,A Rashid,spin,elite,batting_paradise,149,24,32,0,7,0,1
130,6,powerplay,H Pandya,RHB,solid,T Boult,pace,good,batting_paradise,149,30,39,0,12,0,2
130,7,middle,H Pandya,RHB,solid,Y Chahal,spin,good,batting_paradise,149,36,51,0,9,0,0
130,8,middle,H Pandya,RHB,solid,R Jadeja,spin,good,batting_paradise,149,42,60,0,10,1,0
130,9,middle,D Padikkal,LHB,avg,J Bumrah,pace,elite,batting_paradise,149,0,70,1,1,0,1
130,10,middle,D Padikkal,LHB,avg,M Shami,pace,good,batting_paradise,149,6,71,1,10,0,0
130,11,middle,D Padikkal,LHB,avg,A Rashid,spin,elite,batting_paradise,149,12,81,1,4,0,0
130,12,middle,D Padikkal,LHB,avg,T Boult,pace,good,batting_paradise,149,18,85,1,6,0,0
130,13,middle,D Padikkal,LHB,avg,Y Chahal,spin,good,batting_paradise,149,24,91,1,5,1,0
130,14,middle,KL Rahul,RHB,solid,R Jadeja,spin,good,batting_paradise,149,0,96,2,5,0,0
130,15,middle,KL Rahul,RHB,solid,J Bumrah,pace,elite,batting_paradise,149,6,101,2,5,0,0
130,16,death,KL Rahul,RHB,solid,M Shami,pace,good,batting_paradise,149,12,106,2,9,1,0
130,17,death,N Pooran,LHB,top,A Rashid,spin,elite,batting_paradise,149,0,115,3,10,1,1
130,18,death,S Yadav,RHB,top,T Boult,pace,good,batting_paradise,149,0,125,4,8,0,1
130,19,death,S Yadav,RHB,top,Y Chahal,spin,good,batting_paradise,149,6,133,4,13,0,1
130,20,death,S Yadav,RHB,top,R Jadeja,spin,good,batting_paradise,149,12,146,4,11,1,0
131,1,powerplay,N Pooran,LHB,top,M Shami,pace,good,seaming_track,179,0,0,0,3,1,0
131,2,powerplay,KL Rahul,RHB,solid,R Jadeja,spin,good,seaming_track,179,0,3,1,7,0,0
131,3,powerplay,KL Rahul,RHB,solid,A Rashid,spin,elite,seaming_track,179,6,10,1,0,1,0
131,4,powerplay,R Parag,RHB,avg,Y Chahal,spin,good,seaming_track,179,0,10,2,4,1,0
131,5,powerplay,R Pant,LHB,top,H Patel,pace,avg,seaming_track,179,0,14,3,6,1,0
131,6,powerplay,H Pandya,RHB,solid,K Ahmed,pace,avg,seaming_track,179,0,20,4,8,0,0
131,7,middle,H Pandya,RHB,solid,M Shami,pace,good,seaming_track,179,6,28,4,4,1,0
131,8,middle,V Kohli,RHB,top,R Jadeja,spin,good,seaming_track,179,0,32,5,2,1,0
132,1,powerplay,N Pooran,LHB,top,R Jadeja,spin,good,slow_turner,150,0,0,0,3,1,0
132,2,powerplay,S Yadav,RHB,top,H Patel,pace,avg,slow_turner,150,0,3,1,16,0,1
132,3,powerplay,S Yadav,RHB,top,A Rashid,spin,elite,slow_turner,150,6,19,1,6,0,0
132,4,powerplay,S Yadav,RHB,top,T Boult,pace,good,slow_turner,150,12,25,1,4,1,0
132,5,powerplay,KL Rahul,RHB,solid,Y Chahal,spin,good,slow_turner,150,0,29,2,0,1,0
132,6,powerplay,V Kohli,RHB,top,K Ahmed,pace,avg,slow_turner,150,0,29,3,6,0,0
132,7,middle,V Kohli,RHB,top,R Jadeja,spin,good,slow_turner,150,6,35,3,4,0,0
132,8,middle,V Kohli,RHB,top,H Patel,pace,avg,slow_turner,150,12,39,3,12,0,2
132,9,middle,V Kohli,RHB,top,A Rashid,spin,elite,slow_turner,150,18,51,3,7,0,1
132,10,middle,V Kohli,RHB,top,T Boult,pace,good,slow_turner,150,24,58,3,15,0,1
132,11,middle,V Kohli,RHB,top,Y Chahal,spin,good,slow_turner,150,30,73,3,7,0,0
132,12,middle,V Kohli,RHB,top,K Ahmed,pace,avg,slow_turner,150,36,80,3,16,0,1
132,13,middle,V Kohli,RHB,top,R Jadeja,spin,good,slow_turner,150,42,96,3,5,0,0
132,14,middle,V Kohli,RHB,top,H Patel,pace,avg,slow_turner,150,48,101,3,8,0,0
132,15,middle,V Kohli,RHB,top,A Rashid,spin,elite,slow_turner,150,54,109,3,12,0,1
132,16,death,V Kohli,RHB,top,T Boult,pace,good,slow_turner,150,60,121,3,4,1,1
132,17,death,R Pant,LHB,top,Y Chahal,spin,good,slow_turner,150,0,125,4,9,1,0
132,18,death,R Sharma,RHB,top,K Ahmed,pace,avg,slow_turner,150,0,134,5,11,1,0
133,1,powerplay,S Yadav,RHB,top,H Patel,pace,avg,slow_turner,160,0,0,0,10,1,0
133,2,powerplay,R Sharma,RHB,top,M Shami,pace,good,slow_turner,160,0,10,1,4,1,0
133,3,powerplay,R Parag,RHB,avg,K Ahmed,pace,avg,slow_turner,160,0,14,2,5,0,0
133,4,powerplay,R Parag,RHB,avg,A Rashid,spin,elite,slow_turner,160,6,19,2,3,0,0
133,5,powerplay,R Parag,RHB,avg,R Jadeja,spin,good,slow_turner,160,12,22,2,3,0,1
133,6,powerplay,R Parag,RHB,avg,J Bumrah,pace,elite,slow_turner,160,18,25,2,7,1,0
133,7,middle,R Pant,LHB,top,H Patel,pace,avg,slow_turner,160,0,32,3,3,0,0
133,8,middle,R Pant,LHB,top,M Shami,pace,good,slow_turner,160,6,35,3,5,0,0
133,9,middle,R Pant,LHB,top,K Ahmed,pace,avg,slow_turner,160,12,40,3,12,0,1
133,10,middle,R Pant,LHB,top,A Rashid,spin,elite,slow_turner,160,18,52,3,6,1,0
133,11,middle,D Padikkal,LHB,avg,R Jadeja,spin,good,slow_turner,160,0,58,4,2,0,0
133,12,middle,D Padikkal,LHB,avg,J Bumrah,pace,elite,slow_turner,160,6,60,4,1,1,0
133,13,middle,S Gill,RHB,solid,H Patel,pace,avg,slow_turner,160,0,61,5,2,0,0
133,14,middle,S Gill,RHB,solid,M Shami,pace,good,slow_turner,160,6,63,5,7,0,0
133,15,middle,S Gill,RHB,solid,K Ahmed,pace,avg,slow_turner,160,12,70,5,8,0,0
133,16,death,S Gill,RHB,solid,A Rashid,spin,elite,slow_turner,160,18,78,5,1,1,0
134,1,powerplay,R Parag,RHB,avg,R Jadeja,spin,good,seaming_track,175,0,0,0,2,1,0
134,2,powerplay,S Yadav,RHB,top,H Patel,pace,avg,seaming_track,175,0,2,1,9,1,0
134,3,powerplay,S Gill,RHB,solid,Y Chahal,spin,good,seaming_track,175,0,11,2,6,0,0
134,4,powerplay,S Gill,RHB,solid,K Ahmed,pace,avg,seaming_track,175,6,17,2,6,0,0
134,5,powerplay,S Gill,RHB,solid,T Boult,pace,good,seaming_track,175,12,23,2,3,0,0
134,6,powerplay,S Gill,RHB,solid,A Rashid,spin,elite,seaming_track,175,18,26,2,9,0,0
134,7,middle,S Gill,RHB,solid,R Jadeja,spin,good,seaming_track,175,24,35,2,5,0,0
134,8,middle,S Gill,RHB,solid,H Patel,pace,avg,seaming_track,175,30,40,2,6,1,0
134,9,middle,N Pooran,LHB,top,Y Chahal,spin,good,seaming_track,175,0,46,3,4,0,0
134,10,middle,N Pooran,LHB,top,K Ahmed,pace,avg,seaming_track,175,6,50,3,4,1,1
134,11,middle,KL Rahul,RHB,solid,T Boult,pace,good,seaming_track,175,0,54,4,4,1,0
134,12,middle,R Sharma,RHB,top,A Rashid,spin,elite,seaming_track,175,0,58,5,8,0,0
134,13,middle,R Sharma,RHB,top,R Jadeja,spin,good,seaming_track,175,6,66,5,7,0,0
134,14,middle,R Sharma,RHB,top,H Patel,pace,avg,seaming_track,175,12,73,5,5,0,0
134,15,middle,R Sharma,RHB,top,Y Chahal,spin,good,seaming_track,175,18,78,5,2,0,0
134,16,death,R Sharma,RHB,top,K Ahmed,pace,avg,seaming_track,175,24,80,5,18,0,2
134,17,death,R Sharma,RHB,top,T Boult,pace,good,seaming_track,175,30,98,5,11,1,0
135,1,powerplay,R Parag,RHB,avg,A Rashid,spin,elite,batting_paradise,155,0,0,0,4,0,1
135,2,powerplay,R Parag,RHB,avg,J Bumrah,pace,elite,batting_paradise,155,6,4,0,4,1,0
135,3,powerplay,S Gill,RHB,solid,H Patel,pace,avg,batting_paradise,155,0,8,1,7,0,0
135,4,powerplay,S Gill,RHB,solid,K Ahmed,pace,avg,batting_paradise,155,6,15,1,11,0,0
135,5,powerplay,S Gill,RHB,solid,R Jadeja,spin,good,batting_paradise,155,12,26,1,11,0,0
135,6,powerplay,S Gill,RHB,solid,M Shami,pace,good,batting_paradise,155,18,37,1,10,0,0
135,7,middle,S Gill,RHB,solid,A Rashid,spin,elite,batting_paradise,155,24,47,1,7,0,0
135,8,middle,S Gill,RHB,solid,J Bumrah,pace,elite,batting_paradise,155,30,54,1,8,1,0
135,9,middle,R Pant,LHB,top,H Patel,pace,avg,batting_paradise,155,0,62,2,12,0,2
135,10,middle,R Pant,LHB,top,K Ahmed,pace,avg,batting_paradise,155,6,74,2,11,0,0
135,11,middle,R Pant,LHB,top,R Jadeja,spin,good,batting_paradise,155,12,85,2,9,0,1
135,12,middle,R Pant,LHB,top,M Shami,pace,good,batting_paradise,155,18,94,2,6,1,0
135,13,middle,S Yadav,RHB,top,A Rashid,spin,elite,batting_paradise,155,0,100,3,10,0,0
135,14,middle,S Yadav,RHB,top,J Bumrah,pace,elite,batting_paradise,155,6,110,3,8,0,0
135,15,middle,S Yadav,RHB,top,H Patel,pace,avg,batting_paradise,155,12,118,3,16,0,2
135,16,death,S Yadav,RHB,top,K Ahmed,pace,avg,batting_paradise,155,18,134,3,17,0,1
135,17,death,S Yadav,RHB,top,R Jadeja,spin,good,batting_paradise,155,24,151,3,12,0,1
135,18,death,S Yadav,RHB,top,M Shami,pace,good,batting_paradise,155,30,163,3,16,0,1
135,19,death,S Yadav,RHB,top,A Rashid,spin,elite,batting_paradise,155,36,179,3,10,1,1
135,20,death,D Padikkal,LHB,avg,J Bumrah,pace,elite,batting_paradise,155,0,189,4,9,1,0
136,1,powerplay,KL Rahul,RHB,solid,T Boult,pace,good,balanced,192,0,0,0,6,1,0
136,2,powerplay,D Padikkal,LHB,avg,Y Chahal,spin,good,balanced,192,0,6,1,6,0,0
136,3,powerplay,D Padikkal,LHB,avg,J Bumrah,pace,elite,balanced,192,6,12,1,1,0,0
136,4,powerplay,D Padikkal,LHB,avg,M Shami,pace,good,balanced,192,12,13,1,2,0,0
136,5,powerplay,D Padikkal,LHB,avg,R Jadeja,spin,good,balanced,192,18,15,1,5,0,0
136,6,powerplay,D Padikkal,LHB,avg,K Ahmed,pace,avg,balanced,192,24,20,1,6,0,0
136,7,middle,D Padikkal,LHB,avg,T Boult,pace,good,balanced,192,30,26,1,7,0,0
136,8,middle,D Padikkal,LHB,avg,Y Chahal,spin,good,balanced,192,36,33,1,4,0,0
136,9,middle,D Padikkal,LHB,avg,J Bumrah,pace,elite,balanced,192,42,37,1,2,1,0
136,10,middle,S Gill,RHB,solid,M Shami,pace,good,balanced,192,0,39,2,11,0,0
136,11,middle,S Gill,RHB,solid,R Jadeja,spin,good,balanced,192,6,50,2,3,0,0
136,12,middle,S Gill,RHB,solid,K Ahmed,pace,avg,balanced,192,12,53,2,9,0,1
136,13,middle,S Gill,RHB,solid,T Boult,pace,good,balanced,192,18,62,2,7,1,1
136,14,middle,R Sharma,RHB,top,Y Chahal,spin,good,balanced,192,0,69,3,6,0,0
136,15,middle,R Sharma,RHB,top,J Bumrah,pace,elite,balanced,192,6,75,3,7,0,1
136,16,death,R Sharma,RHB,top,M Shami,pace,good,balanced,192,12,82,3,10,1,0
136,17,death,V Kohli,RHB,top,R Jadeja,spin,good,balanced,192,0,92,4,8,0,0
136,18,death,V Kohli,RHB,top,K Ahmed,pace,avg,balanced,192,6,100,4,15,0,1
136,19,death,V Kohli,RHB,top,T Boult,pace,good,balanced,192,12,115,4,14,0,1
136,20,death,V Kohli,RHB,top,Y Chahal,spin,good,balanced,192,18,129,4,13,0,1
137,1,powerplay,H Pandya,RHB,solid,T Boult,pace,good,balanced,163,0,0,0,5,0,1
137,2,powerplay,H Pandya,RHB,solid,M Shami,pace,good,balanced,163,6,5,0,9,1,0
137,3,powerplay,R Pant,LHB,top,H Patel,pace,avg,balanced,163,0,14,1,17,0,1
137,4,powerplay,R Pant,LHB,top,J Bumrah,pace,elite,balanced,163,6,31,1,7,0,1
137,5,powerplay,R Pant,LHB,top,R Jadeja,spin,good,balanced,163,12,38,1,8,0,0
137,6,powerplay,R Pant,LHB,top,K Ahmed,pace,avg,balanced,163,18,46,1,17,0,1
137,7,middle,R Pant,LHB,top,T Boult,pace,good,balanced,163,24,63,1,13,0,1
137,8,middle,R Pant,LHB,top,M Shami,pace,good,balanced,163,30,76,1,7,0,0
137,9,middle,R Pant,LHB,top,H Patel,pace,avg,balanced,163,36,83,1,4,0,0
137,10,middle,R Pant,LHB,top,J Bumrah,pace,elite,balanced,163,42,87,1,7,0,0
137,11,middle,R Pant,LHB,top,R Jadeja,spin,good,balanced,163,48,94,1,11,0,0
137,12,middle,R Pant,LHB,top,K Ahmed,pace,avg,balanced,163,54,105,1,13,0,1
137,13,middle,R Pant,LHB,top,T Boult,pace,good,balanced,163,60,118,1,12,0,2
137,14,middle,R Pant,LHB,top,M Shami,pace,good,balanced,163,66,130,1,9,0,0
137,15,middle,R Pant,LHB,top,H Patel,pace,avg,balanced,163,72,139,1,13,0,1
137,16,death,R Pant,LHB,top,J Bumrah,pace,elite,balanced,163,78,152,1,13,0,1
137,17,death,R Pant,LHB,top,R Jadeja,spin,good,balanced,163,84,165,1,17,0,1
137,18,death,R Pant,LHB,top,K Ahmed,pace,avg,balanced,163,90,182,1,15,0,2
137,19,death,R Pant,LHB,top,T Boult,pace,good,balanced,163,96,197,1,15,1,1
137,20,death,V Kohli,RHB,top,M Shami,pace,good,balanced,163,0,212,2,6,0,0
138,1,powerplay,KL Rahul,RHB,solid,M Shami,pace,good,balanced,145,0,0,0,4,0,0
138,2,powerplay,KL Rahul,RHB,solid,A Rashid,spin,elite,balanced,145,6,4,0,4,0,0
138,3,powerplay,KL Rahul,RHB,solid,H Patel,pace,avg,balanced,145,12,8,0,6,0,0
138,4,powerplay,KL Rahul,RHB,solid,K Ahmed,pace,avg,balanced,145,18,14,0,5,0,0
138,5,powerplay,KL Rahul,RHB,solid,Y Chahal,spin,good,balanced,145,24,19,0,9,0,0
138,6,powerplay,KL Rahul,RHB,solid,T Boult,pace,good,balanced,145,30,28,0,5,0,0
138,7,middle,KL Rahul,RHB,solid,M Shami,pace,good,balanced,145,36,33,0,12,0,1
138,8,middle,KL Rahul,RHB,solid,A Rashid,spin,elite,balanced,145,42,45,0,1,1,0
138,9,middle,N Pooran,LHB,top,H Patel,pace,avg,balanced,145,0,46,1,8,0,0
138,10,middle,N Pooran,LHB,top,K Ahmed,pace,avg,balanced,145,6,54,1,20,1,1
138,11,middle,S Gill,RHB,solid,Y Chahal,spin,good,balanced,145,0,74,2,2,0,0
138,12,middle,S Gill,RHB,solid,T Boult,pace,good,balanced,145,6,76,2,3,1,0
138,13,middle,R Sharma,RHB,top,M Shami,pace,good,balanced,145,0,79,3,8,0,0
138,14,middle,R Sharma,RHB,top,A Rashid,spin,elite,balanced,145,6,87,3,4,1,0
138,15,middle,H Pandya,RHB,solid,H Patel,pace,avg,balanced,145,0,91,4,7,0,0
138,16,death,H Pandya,RHB,solid,K Ahmed,pace,avg,balanced,145,6,98,4,7,1,0
138,17,death,V Kohli,RHB,top,Y Chahal,spin,good,balanced,145,0,105,5,11,0,0
138,18,death,V Kohli,RHB,top,T Boult,pace,good,balanced,145,6,116,5,8,1,0
139,1,powerplay,D Padikkal,LHB,avg,M Shami,pace,good,balanced,178,0,0,0,2,1,0
139,2,powerplay,R Pant,LHB,top,H Patel,pace,avg,balanced,178,0,2,1,13,1,1
139,3,powerplay,H Pandya,RHB,solid,Y Chahal,spin,good,balanced,178,0,15,2,8,0,1
139,4,powerplay,H Pandya,RHB,solid,K Ahmed,pace,avg,balanced,178,6,23,2,4,0,0
139,5,powerplay,H Pandya,RHB,solid,T Boult,pace,good,balanced,178,12,27,2,5,1,1
139,6,powerplay,R Sharma,RHB,top,A Rashid,spin,elite,balanced,178,0,32,3,2,1,0
139,7,middle,V Kohli,RHB,top,M Shami,pace,good,balanced,178,0,34,4,3,0,0
139,8,middle,V Kohli,RHB,top,H Patel,pace,avg,balanced,178,6,37,4,7,0,1
139,9,middle,V Kohli,RHB,top,Y Chahal,spin,good,balanced,178,12,44,4,7,0,0
139,10,middle,V Kohli,RHB,top,K Ahmed,pace,avg,balanced,178,18,51,4,15,0,1
139,11,middle,V Kohli,RHB,top,T Boult,pace,good,balanced,178,24,66,4,4,0,0
139,12,middle,V Kohli,RHB,top,A Rashid,spin,elite,balanced,178,30,70,4,7,0,0
139,13,middle,V Kohli,RHB,top,M Shami,pace,good,balanced,178,36,77,4,12,0,1
139,14,middle,V Kohli,RHB,top,H Patel,pace,avg,balanced,178,42,89,4,7,0,0
139,15,middle,V Kohli,RHB,top,Y Chahal,spin,good,balanced,178,48,96,4,10,0,0
139,16,death,V Kohli,RHB,top,K Ahmed,pace,avg,balanced,178,54,106,4,19,0,2
139,17,death,V Kohli,RHB,top,T Boult,pace,good,balanced,178,60,125,4,9,0,1
139,18,death,V Kohli,RHB,top,A Rashid,spin,elite,balanced,178,66,134,4,18,1,2
139,19,death,S Yadav,RHB,top,M Shami,pace,good,balanced,178,0,152,5,9,0,0
139,20,death,S Yadav,RHB,top,H Patel,pace,avg,balanced,178,6,161,5,15,1,1
140,1,powerplay,S Yadav,RHB,top,T Boult,pace,good,slow_turner,178,0,0,0,10,0,0
140,2,powerplay,S Yadav,RHB,top,H Patel,pace,avg,slow_turner,178,6,10,0,14,0,2
140,3,powerplay,S Yadav,RHB,top,J Bumrah,pace,elite,slow_turner,178,12,24,0,3,0,0
140,4,powerplay,S Yadav,RHB,top,Y Chahal,spin,good,slow_turner,178,18,27,0,5,1,0
140,5,powerplay,S Gill,RHB,solid,M Shami,pace,good,slow_turner,178,0,32,1,3,1,0
140,6,powerplay,KL Rahul,RHB,solid,A Rashid,spin,elite,slow_turner,178,0,35,2,3,0,0
140,7,middle,KL Rahul,RHB,solid,T Boult,pace,good,slow_turner,178,6,38,2,6,0,0
140,8,middle,KL Rahul,RHB,solid,H Patel,pace,avg,slow_turner,178,12,44,2,12,0,1
140,9,middle,KL Rahul,RHB,solid,J Bumrah,pace,elite,slow_turner,178,18,56,2,7,0,0
140,10,middle,KL Rahul,RHB,solid,Y Chahal,spin,good,slow_turner,178,24,63,2,5,0,0
140,11,middle,KL Rahul,RHB,solid,M Shami,pace,good,slow_turner,178,30,68,2,5,0,0
140,12,middle,KL Rahul,RHB,solid,A Rashid,spin,elite,slow_turner,178,36,73,2,10,0,0
140,13,middle,KL Rahul,RHB,solid,T Boult,pace,good,slow_turner,178,42,83,2,8,0,0
140,14,middle,KL Rahul,RHB,solid,H Patel,pace,avg,slow_turner,178,48,91,2,11,0,0
140,15,middle,KL Rahul,RHB,solid,J Bumrah,pace,elite,slow_turner,178,54,102,2,1,0,1
140,16,death,KL Rahul,RHB,solid,Y Chahal,spin,good,slow_turner,178,60,103,2,6,0,0
140,17,death,KL Rahul,RHB,solid,M Shami,pace,good,slow_turner,178,66,109,2,7,0,0
140,18,death,KL Rahul,RHB,solid,A Rashid,spin,elite,slow_turner,178,72,116,2,7,1,0
140,19,death,R Parag,RHB,avg,T Boult,pace,good,slow_turner,178,0,123,3,5,0,0
140,20,death,R Parag,RHB,avg,H Patel,pace,avg,slow_turner,178,6,128,3,4,1,0
141,1,powerplay,H Pandya,RHB,solid,H Patel,pace,avg,slow_turner,168,0,0,0,6,0,0
141,2,powerplay,H Pandya,RHB,solid,T Boult,pace,good,slow_turner,168,6,6,0,6,0,0
141,3,powerplay,H Pandya,RHB,solid,M Shami,pace,good,slow_turner,168,12,12,0,2,0,0
141,4,powerplay,H Pandya,RHB,solid,A Rashid,spin,elite,slow_turner,168,18,14,0,4,0,0
141,5,powerplay,H Pandya,RHB,solid,R Jadeja,spin,good,slow_turner,168,24,18,0,4,0,1
141,6,powerplay,H Pandya,RHB,solid,K Ahmed,pace,avg,slow_turner,168,30,22,0,7,0,0
141,7,middle,H Pandya,RHB,solid,H Patel,pace,avg,slow_turner,168,36,29,0,8,0,0
141,8,middle,H Pandya,RHB,solid,T Boult,pace,good,slow_turner,168,42,37,0,4,0,0
141,9,middle,H Pandya,RHB,solid,M Shami,pace,good,slow_turner,168,48,41,0,4,0,1
141,10,middle,H Pandya,RHB,solid,A Rashid,spin,elite,slow_turner,168,54,45,0,4,0,0
141,11,middle,H Pandya,RHB,solid,R Jadeja,spin,good,slow_turner,168,60,49,0,6,0,0
141,12,middle,H Pandya,RHB,solid,K Ahmed,pace,avg,slow_turner,168,66,55,0,7,0,0
141,13,middle,H Pandya,RHB,solid,H Patel,pace,avg,slow_turner,168,72,62,0,10,0,0
141,14,middle,H Pandya,RHB,solid,T Boult,pace,good,slow_turner,168,78,72,0,5,0,0
141,15,middle,H Pandya,RHB,solid,M Shami,pace,good,slow_turner,168,84,77,0,9,0,0
141,16,death,H Pandya,RHB,solid,A Rashid,spin,elite,slow_turner,168,90,86,0,7,1,0
141,17,death,S Gill,RHB,solid,R Jadeja,spin,good,slow_turner,168,0,93,1,3,1,0
141,18,death,R Parag,RHB,avg,K Ahmed,pace,avg,slow_turner,168,0,96,2,5,0,0
141,19,death,R Parag,RHB,avg,H Patel,pace,avg,slow_turner,168,6,101,2,6,1,0
141,20,death,R Pant,LHB,top,T Boult,pace,good,slow_turner,168,0,107,3,4,0,1
142,1,powerplay,V Kohli,RHB,top,Y Chahal,spin,good,slow_turner,173,0,0,0,8,0,0
142,2,powerplay,V Kohli,RHB,top,K Ahmed,pace,avg,slow_turner,173,6,8,0,6,0,1
142,3,powerplay,V Kohli,RHB,top,H Patel,pace,avg,slow_turner,173,12,14,0,4,1,0
142,4,powerplay,S Gill,RHB,solid,M Shami,pace,good,slow_turner,173,0,18,1,1,0,0
142,5,powerplay,S Gill,RHB,solid,A Rashid,spin,elite,slow_turner,173,6,19,1,5,1,0
142,6,powerplay,N Pooran,LHB,top,T Boult,pace,good,slow_turner,173,0,24,2,4,0,0
142,7,middle,N Pooran,LHB,top,Y Chahal,spin,good,slow_turner,173,6,28,2,7,1,0
142,8,middle,R Parag,RHB,avg,K Ahmed,pace,avg,slow_turner,173,0,35,3,2,0,0
142,9,middle,R Parag,RHB,avg,H Patel,pace,avg,slow_turner,173,6,37,3,2,0,0
142,10,middle,R Parag,RHB,avg,M Shami,pace,good,slow_turner,173,12,39,3,5,0,0
142,11,middle,R Parag,RHB,avg,A Rashid,spin,elite,slow_turner,173,18,44,3,7,0,0
142,12,middle,R Parag,RHB,avg,T Boult,pace,good,slow_turner,173,24,51,3,4,0,0
142,13,middle,R Parag,RHB,avg,Y Chahal,spin,good,slow_turner,173,30,55,3,9,1,0
142,14,middle,S Yadav,RHB,top,K Ahmed,pace,avg,slow_turner,173,0,64,4,13,0,2
142,15,middle,S Yadav,RHB,top,H Patel,pace,avg,slow_turner,173,6,77,4,8,0,0
142,16,death,S Yadav,RHB,top,M Shami,pace,good,slow_turner,173,12,85,4,8,1,0
142,17,death,D Padikkal,LHB,avg,A Rashid,spin,elite,slow_turner,173,0,93,5,1,0,0
142,18,death,D Padikkal,LHB,avg,T Boult,pace,good,slow_turner,173,6,94,5,7,1,0
143,1,powerplay,R Parag,RHB,avg,Y Chahal,spin,good,seaming_track,167,0,0,0,3,1,0
143,2,powerplay,KL Rahul,RHB,solid,A Rashid,spin,elite,seaming_track,167,0,3,1,4,0,0
143,3,powerplay,KL Rahul,RHB,solid,K Ahmed,pace,avg,seaming_track,167,6,7,1,5,1,0
143,4,powerplay,D Padikkal,LHB,avg,M Shami,pace,good,seaming_track,167,0,12,2,5,1,0
143,5,powerplay,S Yadav,RHB,top,R Jadeja,spin,good,seaming_track,167,0,17,3,5,0,0
143,6,powerplay,S Yadav,RHB,top,T Boult,pace,good,seaming_track,167,6,22,3,8,0,0
143,7,middle,S Yadav,RHB,top,Y Chahal,spin,good,seaming_track,167,12,30,3,9,0,1
143,8,middle,S Yadav,RHB,top,A Rashid,spin,elite,seaming_track,167,18,39,3,11,0,0
143,9,middle,S Yadav,RHB,top,K Ahmed,pace,avg,seaming_track,167,24,50,3,15,0,1
143,10,middle,S Yadav,RHB,top,M Shami,pace,good,seaming_track,167,30,65,3,8,0,0
143,11,middle,S Yadav,RHB,top,R Jadeja,spin,good,seaming_track,167,36,73,3,3,0,0
143,12,middle,S Yadav,RHB,top,T Boult,pace,good,seaming_track,167,42,76,3,7,0,0
143,13,middle,S Yadav,RHB,top,Y Chahal,spin,good,seaming_track,167,48,83,3,4,1,0
143,14,middle,R Sharma,RHB,top,A Rashid,spin,elite,seaming_track,167,0,87,4,3,0,0
143,15,middle,R Sharma,RHB,top,K Ahmed,pace,avg,seaming_track,167,6,90,4,6,0,0
143,16,death,R Sharma,RHB,top,M Shami,pace,good,seaming_track,167,12,96,4,9,0,0
143,17,death,R Sharma,RHB,top,R Jadeja,spin,good,seaming_track,167,18,105,4,9,1,0
143,18,death,S Gill,RHB,solid,T Boult,pace,good,seaming_track,167,0,114,5,3,1,0
144,1,powerplay,R Sharma,RHB,top,H Patel,pace,avg,balanced,152,0,0,0,7,0,0
144,2,powerplay,R Sharma,RHB,top,R Jadeja,spin,good,balanced,152,6,7,0,5,0,0
144,3,powerplay,R Sharma,RHB,top,J Bumrah,pace,elite,balanced,152,12,12,0,8,0,1
144,4,powerplay,R Sharma,RHB,top,K Ahmed,pace,avg,balanced,152,18,20,0,15,0,1
144,5,powerplay,R Sharma,RHB,top,A Rashid,spin,elite,balanced,152,24,35,0,7,1,0
144,6,powerplay,R Parag,RHB,avg,M Shami,pace,good,balanced,152,0,42,1,3,0,0
144,7,middle,R Parag,RHB,avg,H Patel,pace,avg,balanced,152,6,45,1,9,0,1
144,8,middle,R Parag,RHB,avg,R Jadeja,spin,good,balanced,152,12,54,1,8,1,0
144,9,middle,V Kohli,RHB,top,J Bumrah,pace,elite,balanced,152,0,62,2,9,0,0
144,10,middle,V Kohli,RHB,top,K Ahmed,pace,avg,balanced,152,6,71,2,10,0,0
144,11,middle,V Kohli,RHB,top,A Rashid,spin,elite,balanced,152,12,81,2,6,1,0
144,12,middle,S Gill,RHB,solid,M Shami,pace,good,balanced,152,0,87,3,4,0,0
144,13,middle,S Gill,RHB,solid,H Patel,pace,avg,balanced,152,6,91,3,10,1,1
144,14,middle,H Pandya,RHB,solid,R Jadeja,spin,good,balanced,152,0,101,4,4,0,0
144,15,middle,H Pandya,RHB,solid,J Bumrah,pace,elite,balanced,152,6,105,4,3,0,0
144,16,death,H Pandya,RHB,solid,K Ahmed,pace,avg,balanced,152,12,108,4,9,0,0
144,17,death,H Pandya,RHB,solid,A Rashid,spin,elite,balanced,152,18,117,4,7,1,0
144,18,death,R Pant,LHB,top,M Shami,pace,good,balanced,152,0,124,5,8,0,0
144,19,death,R Pant,LHB,top,H Patel,pace,avg,balanced,152,6,132,5,12,0,1
144,20,death,R Pant,LHB,top,R Jadeja,spin,good,balanced,152,12,144,5,6,1,1
145,1,powerplay,S Gill,RHB,solid,Y Chahal,spin,good,balanced,165,0,0,0,8,0,0
145,2,powerplay,S Gill,RHB,solid,A Rashid,spin,elite,balanced,165,6,8,0,4,1,1
145,3,powerplay,R Sharma,RHB,top,K Ahmed,pace,avg,balanced,165,0,12,1,4,0,0
145,4,powerplay,R Sharma,RHB,top,H Patel,pace,avg,balanced,165,6,16,1,5,0,0
145,5,powerplay,R Sharma,RHB,top,R Jadeja,spin,good,balanced,165,12,21,1,9,0,1
145,6,powerplay,R Sharma,RHB,top,J Bumrah,pace,elite,balanced,165,18,30,1,14,0,1
145,7,middle,R Sharma,RHB,top,Y Chahal,spin,good,balanced,165,24,44,1,13,0,1
145,8,middle,R Sharma,RHB,top,A Rashid,spin,elite,balanced,165,30,57,1,11,0,0
145,9,middle,R Sharma,RHB,top,K Ahmed,pace,avg,balanced,165,36,68,1,21,0,1
145,10,middle,R Sharma,RHB,top,H Patel,pace,avg,balanced,165,42,89,1,11,0,1
145,11,middle,R Sharma,RHB,top,R Jadeja,spin,good,balanced,165,48,100,1,10,0,0
145,12,middle,R Sharma,RHB,top,J Bumrah,pace,elite,balanced,165,54,110,1,7,0,0
145,13,middle,R Sharma,RHB,top,Y Chahal,spin,good,balanced,165,60,117,1,7,1,1
145,14,middle,KL Rahul,RHB,solid,A Rashid,spin,elite,balanced,165,0,124,2,6,0,0
145,15,middle,KL Rahul,RHB,solid,K Ahmed,pace,avg,balanced,165,6,130,2,9,1,0
145,16,death,R Pant,LHB,top,H Patel,pace,avg,balanced,165,0,139,3,1,1,1
145,17,death,V Kohli,RHB,top,R Jadeja,spin,good,balanced,165,0,140,4,10,1,0
145,18,death,D Padikkal,LHB,avg,J Bumrah,pace,elite,balanced,165,0,150,5,3,1,0
146,1,powerplay,D Padikkal,LHB,avg,T Boult,pace,good,seaming_track,160,0,0,0,0,1,0
146,2,powerplay,S Yadav,RHB,top,A Rashid,spin,elite,seaming_track,160,0,0,1,2,0,0
146,3,powerplay,S Yadav,RHB,top,K Ahmed,pace,avg,seaming_track,160,6,2,1,8,0,0
146,4,powerplay,S Yadav,RHB,top,R Jadeja,spin,good,seaming_track,160,12,10,1,10,0,0
146,5,powerplay,S Yadav,RHB,top,Y Chahal,spin,good,seaming_track,160,18,20,1,5,0,0
146,6,powerplay,S Yadav,RHB,top,M Shami,pace,good,seaming_track,160,24,25,1,8,1,0
146,7,middle,H Pandya,RHB,solid,T Boult,pace,good,seaming_track,160,0,33,2,3,0,0
146,8,middle,H Pandya,RHB,solid,A Rashid,spin,elite,seaming_track,160,6,36,2,4,0,0
146,9,middle,H Pandya,RHB,solid,K Ahmed,pace,avg,seaming_track,160,12,40,2,7,0,0
146,10,middle,H Pandya,RHB,solid,R Jadeja,spin,good,seaming_track,160,18,47,2,10,0,0
146,11,middle,H Pandya,RHB,solid,Y Chahal,spin,good,seaming_track,160,24,57,2,4,0,0
146,12,middle,H Pandya,RHB,solid,M Shami,pace,good,seaming_track,160,30,61,2,6,0,0
146,13,middle,H Pandya,RHB,solid,T Boult,pace,good,seaming_track,160,36,67,2,4,0,0
146,14,middle,H Pandya,RHB,solid,A Rashid,spin,elite,seaming_track,160,42,71,2,4,1,0
146,15,middle,N Pooran,LHB,top,K Ahmed,pace,avg,seaming_track,160,0,75,3,4,0,0
146,16,death,N Pooran,LHB,top,R Jadeja,spin,good,seaming_track,160,6,79,3,4,0,0
146,17,death,N Pooran,LHB,top,Y Chahal,spin,good,seaming_track,160,12,83,3,14,0,2
146,18,death,N Pooran,LHB,top,M Shami,pace,good,seaming_track,160,18,97,3,14,1,1
146,19,death,V Kohli,RHB,top,T Boult,pace,good,seaming_track,160,0,111,4,7,0,1
146,20,death,V Kohli,RHB,top,A Rashid,spin,elite,seaming_track,160,6,118,4,8,1,1
147,1,powerplay,R Parag,RHB,avg,R Jadeja,spin,good,slow_turner,177,0,0,0,5,0,0
147,2,powerplay,R Parag,RHB,avg,J Bumrah,pace,elite,slow_turner,177,6,5,0,1,1,0
147,3,powerplay,R Sharma,RHB,top,A Rashid,spin,elite,slow_turner,177,0,6,1,2,0,0
147,4,powerplay,R Sharma,RHB,top,M Shami,pace,good,slow_turner,177,6,8,1,3,0,1
147,5,powerplay,R Sharma,RHB,top,Y Chahal,spin,good,slow_turner,177,12,11,1,1,1,0
147,6,powerplay,S Gill,RHB,solid,H Patel,pace,avg,slow_turner,177,0,12,2,1,1,0
147,7,middle,KL Rahul,RHB,solid,R Jadeja,spin,good,slow_turner,177,0,13,3,3,0,0
147,8,middle,KL Rahul,RHB,solid,J Bumrah,pace,elite,slow_turner,177,6,16,3,2,0,0
147,9,middle,KL Rahul,RHB,solid,A Rashid,spin,elite,slow_turner,177,12,18,3,2,0,0
147,10,middle,KL Rahul,RHB,solid,M Shami,pace,good,slow_turner,177,18,20,3,3,0,0
147,11,middle,KL Rahul,RHB,solid,Y Chahal,spin,good,slow_turner,177,24,23,3,2,0,1
147,12,middle,KL Rahul,RHB,solid,H Patel,pace,avg,slow_turner,177,30,25,3,10,0,0
147,13,middle,KL Rahul,RHB,solid,R Jadeja,spin,good,slow_turner,177,36,35,3,7,0,0
147,14,middle,KL Rahul,RHB,solid,J Bumrah,pace,elite,slow_turner,177,42,42,3,6,1,0
147,15,middle,R Pant,LHB,top,A Rashid,spin,elite,slow_turner,177,0,48,4,6,0,0
147,16,death,R Pant,LHB,top,M Shami,pace,good,slow_turner,177,6,54,4,9,1,0
147,17,death,V Kohli,RHB,top,Y Chahal,spin,good,slow_turner,177,0,63,5,6,1,1
148,1,powerplay,S Yadav,RHB,top,H Patel,pace,avg,slow_turner,145,0,0,0,9,1,0
148,2,powerplay,R Pant,LHB,top,R Jadeja,spin,good,slow_turner,145,0,9,1,5,0,0
148,3,powerplay,R Pant,LHB,top,A Rashid,spin,elite,slow_turner,145,6,14,1,5,1,0
148,4,powerplay,D Padikkal,LHB,avg,J Bumrah,pace,elite,slow_turner,145,0,19,2,4,1,0
148,5,powerplay,H Pandya,RHB,solid,M Shami,pace,good,slow_turner,145,0,23,3,3,0,0
148,6,powerplay,H Pandya,RHB,solid,Y Chahal,spin,good,slow_turner,145,6,26,3,4,1,0
148,7,middle,V Kohli,RHB,top,H Patel,pace,avg,slow_turner,145,0,30,4,6,0,1
148,8,middle,V Kohli,RHB,top,R Jadeja,spin,good,slow_turner,145,6,36,4,4,0,0
148,9,middle,V Kohli,RHB,top,A Rashid,spin,elite,slow_turner,145,12,40,4,3,1,0
148,10,middle,N Pooran,LHB,top,J Bumrah,pace,elite,slow_turner,145,0,43,5,8,1,0
149,1,powerplay,R Sharma,RHB,top,T Boult,pace,good,batting_paradise,187,0,0,0,11,0,0
149,2,powerplay,R Sharma,RHB,top,K Ahmed,pace,avg,batting_paradise,187,6,11,0,10,1,1
149,3,powerplay,KL Rahul,RHB,solid,J Bumrah,pace,elite,batting_paradise,187,0,21,1,2,0,0
149,4,powerplay,KL Rahul,RHB,solid,H Patel,pace,avg,batting_paradise,187,6,23,1,7,0,0
149,5,powerplay,KL Rahul,RHB,solid,R Jadeja,spin,good,batting_paradise,187,12,30,1,7,0,0
149,6,powerplay,KL Rahul,RHB,solid,M Shami,pace,good,batting_paradise,187,18,37,1,6,0,0
149,7,middle,KL Rahul,RHB,solid,T Boult,pace,good,batting_paradise,187,24,43,1,7,0,0
149,8,middle,KL Rahul,RHB,solid,K Ahmed,pace,avg,batting_paradise,187,30,50,1,12,0,1
149,9,middle,KL Rahul,RHB,solid,J Bumrah,pace,elite,batting_paradise,187,36,62,1,8,0,0
149,10,middle,KL Rahul,RHB,solid,H Patel,pace,avg,batting_paradise,187,42,70,1,14,0,1
149,11,middle,KL Rahul,RHB,solid,R Jadeja,spin,good,batting_paradise,187,48,84,1,10,0,0
149,12,middle,KL Rahul,RHB,solid,M Shami,pace,good,batting_paradise,187,54,94,1,6,1,0
149,13,middle,H Pandya,RHB,solid,T Boult,pace,good,batting_paradise,187,0,100,2,9,0,0
149,14,middle,H Pandya,RHB,solid,K Ahmed,pace,avg,batting_paradise,187,6,109,2,15,0,1
149,15,middle,H Pandya,RHB,solid,J Bumrah,pace,elite,batting_paradise,187,12,124,2,3,1,0
149,16,death,N Pooran,LHB,top,H Patel,pace,avg,batting_paradise,187,0,127,3,21,0,1
149,17,death,N Pooran,LHB,top,R Jadeja,spin,good,batting_paradise,187,6,148,3,8,1,0
149,18,death,R Parag,RHB,avg,M Shami,pace,good,batting_paradise,187,0,156,4,10,0,0
149,19,death,R Parag,RHB,avg,T Boult,pace,good,batting_paradise,187,6,166,4,4,0,0
149,20,death,R Parag,RHB,avg,K Ahmed,pace,avg,batting_paradise,187,12,170,4,10,1,0
150,1,powerplay,S Yadav,RHB,top,K Ahmed,pace,avg,batting_paradise,152,0,0,0,16,0,1
150,2,powerplay,S Yadav,RHB,top,A Rashid,spin,elite,batting_paradise,152,6,16,0,10,0,0
150,3,powerplay,S Yadav,RHB,top,H Patel,pace,avg,batting_paradise,152,12,26,0,10,1,0
150,4,powerplay,D Padikkal,LHB,avg,Y Chahal,spin,good,batting_paradise,152,0,36,1,6,0,0
150,5,powerplay,D Padikkal,LHB,avg,M Shami,pace,good,batting_paradise,152,6,42,1,8,0,0
150,6,powerplay,D Padikkal,LHB,avg,R Jadeja,spin,good,batting_paradise,152,12,50,1,10,0,0
150,7,middle,D Padikkal,LHB,avg,K Ahmed,pace,avg,batting_paradise,152,18,60,1,5,0,0
150,8,middle,D Padikkal,LHB,avg,A Rashid,spin,elite,batting_paradise,152,24,65,1,11,0,0
150,9,middle,D Padikkal,LHB,avg,H Patel,pace,avg,batting_paradise,152,30,76,1,3,0,0
150,10,middle,D Padikkal,LHB,avg,Y Chahal,spin,good,batting_paradise,152,36,79,1,8,0,0
150,11,middle,D Padikkal,LHB,avg,M Shami,pace,good,batting_paradise,152,42,87,1,6,0,0
150,12,middle,D Padikkal,LHB,avg,R Jadeja,spin,good,batting_paradise,152,48,93,1,7,0,0
150,13,middle,D Padikkal,LHB,avg,K Ahmed,pace,avg,batting_paradise,152,54,100,1,5,0,0
150,14,middle,D Padikkal,LHB,avg,A Rashid,spin,elite,batting_paradise,152,60,105,1,8,0,0
150,15,middle,D Padikkal,LHB,avg,H Patel,pace,avg,batting_paradise,152,66,113,1,8,0,0
150,16,death,D Padikkal,LHB,avg,Y Chahal,spin,good,batting_paradise,152,72,121,1,12,0,2
150,17,death,D Padikkal,LHB,avg,M Shami,pace,good,batting_paradise,152,78,133,1,17,0,1
150,18,death,D Padikkal,LHB,avg,R Jadeja,spin,good,batting_paradise,152,84,150,1,14,0,1
150,19,death,D Padikkal,LHB,avg,K Ahmed,pace,avg,batting_paradise,152,90,164,1,9,0,1
150,20,death,D Padikkal,LHB,avg,A Rashid,spin,elite,batting_paradise,152,96,173,1,10,1,0
151,1,powerplay,D Padikkal,LHB,avg,R Jadeja,spin,good,slow_turner,177,0,0,0,3,1,0
151,2,powerplay,KL Rahul,RHB,solid,K Ahmed,pace,avg,slow_turner,177,0,3,1,7,1,0
151,3,powerplay,R Parag,RHB,avg,Y Chahal,spin,good,slow_turner,177,0,10,2,8,0,0
151,4,powerplay,R Parag,RHB,avg,H Patel,pace,avg,slow_turner,177,6,18,2,1,1,0
151,5,powerplay,N Pooran,LHB,top,T Boult,pace,good,slow_turner,177,0,19,3,8,0,0
151,6,powerplay,N Pooran,LHB,top,A Rashid,spin,elite,slow_turner,177,6,27,3,3,0,0
151,7,middle,N Pooran,LHB,top,R Jadeja,spin,good,slow_turner,177,12,30,3,7,0,0
151,8,middle,N Pooran,LHB,top,K Ahmed,pace,avg,slow_turner,177,18,37,3,6,0,0
151,9,middle,N Pooran,LHB,top,Y Chahal,spin,good,slow_turner,177,24,43,3,5,0,1
151,10,middle,N Pooran,LHB,top,H Patel,pace,avg,slow_turner,177,30,48,3,14,0,1
151,11,middle,N Pooran,LHB,top,T Boult,pace,good,slow_turner,177,36,62,3,12,0,2
151,12,middle,N Pooran,LHB,top,A Rashid,spin,elite,slow_turner,177,42,74,3,7,0,0
151,13,middle,N Pooran,LHB,top,R Jadeja,spin,good,slow_turner,177,48,81,3,8,0,0
151,14,middle,N Pooran,LHB,top,K Ahmed,pace,avg,slow_turner,177,54,89,3,10,1,0
151,15,middle,H Pandya,RHB,solid,Y Chahal,spin,good,slow_turner,177,0,99,4,4,0,0
151,16,death,H Pandya,RHB,solid,H Patel,pace,avg,slow_turner,177,6,103,4,2,1,0
151,17,death,S Yadav,RHB,top,T Boult,pace,good,slow_turner,177,0,105,5,8,1,0
152,1,powerplay,H Pandya,RHB,solid,K Ahmed,pace,avg,batting_paradise,190,0,0,0,14,0,1
152,2,powerplay,H Pandya,RHB,solid,M Shami,pace,good,batting_paradise,190,6,14,0,7,0,0
152,3,powerplay,H Pandya,RHB,solid,Y Chahal,spin,good,batting_paradise,190,12,21,0,11,1,0
152,4,powerplay,R Parag,RHB,avg,R Jadeja,spin,good,batting_paradise,190,0,32,1,6,0,0
152,5,powerplay,R Parag,RHB,avg,H Patel,pace,avg,batting_paradise,190,6,38,1,12,0,1
152,6,powerplay,R Parag,RHB,avg,A Rashid,spin,elite,batting_paradise,190,12,50,1,6,0,0
152,7,middle,R Parag,RHB,avg,K Ahmed,pace,avg,batting_paradise,190,18,56,1,9,0,0
152,8,middle,R Parag,RHB,avg,M Shami,pace,good,batting_paradise,190,24,65,1,7,0,0
152,9,middle,R Parag,RHB,avg,Y Chahal,spin,good,batting_paradise,190,30,72,1,6,1,0
152,10,middle,S Gill,RHB,solid,R Jadeja,spin,good,batting_paradise,190,0,78,2,6,0,0
152,11,middle,S Gill,RHB,solid,H Patel,pace,avg,batting_paradise,190,6,84,2,7,1,0
152,12,middle,V Kohli,RHB,top,A Rashid,spin,elite,batting_paradise,190,0,91,3,7,0,0
152,13,middle,V Kohli,RHB,top,K Ahmed,pace,avg,batting_paradise,190,6,98,3,13,0,1
152,14,middle,V Kohli,RHB,top,M Shami,pace,good,batting_paradise,190,12,111,3,11,1,0
152,15,middle,N Pooran,LHB,top,Y Chahal,spin,good,batting_paradise,190,0,122,4,11,0,0
152,16,death,N Pooran,LHB,top,R Jadeja,spin,good,batting_paradise,190,6,133,4,5,1,0
152,17,death,D Padikkal,LHB,avg,H Patel,pace,avg,batting_paradise,190,0,138,5,10,1,0
153,1,powerplay,R Sharma,RHB,top,J Bumrah,pace,elite,slow_turner,175,0,0,0,4,0,1
153,2,powerplay,R Sharma,RHB,top,K Ahmed,pace,avg,slow_turner,175,6,4,0,4,0,0
153,3,powerplay,R Sharma,RHB,top,Y Chahal,spin,good,slow_turner,175,12,8,0,2,1,1
153,4,powerplay,V Kohli,RHB,top,R Jadeja,spin,good,slow_turner,175,0,10,1,4,0,0
153,5,powerplay,V Kohli,RHB,top,H Patel,pace,avg,slow_turner,175,6,14,1,5,1,0
153,6,powerplay,D Padikkal,LHB,avg,A Rashid,spin,elite,slow_turner,175,0,19,2,0,1,0
153,7,middle,H Pandya,RHB,solid,J Bumrah,pace,elite,slow_turner,175,0,19,3,6,0,0
153,8,middle,H Pandya,RHB,solid,K Ahmed,pace,avg,slow_turner,175,6,25,3,6,0,0
153,9,middle,H Pandya,RHB,solid,Y Chahal,spin,good,slow_turner,175,12,31,3,6,1,0
153,10,middle,S Gill,RHB,solid,R Jadeja,spin,good,slow_turner,175,0,37,4,1,1,0
153,11,middle,R Pant,LHB,top,H Patel,pace,avg,slow_turner,175,0,38,5,3,1,0
154,1,powerplay,KL Rahul,RHB,solid,Y Chahal,spin,good,balanced,177,0,0,0,2,0,0
154,2,powerplay,KL Rahul,RHB,solid,H Patel,pace,avg,balanced,177,6,2,0,7,1,0
154,3,powerplay,R Pant,LHB,top,A Rashid,spin,elite,balanced,177,0,9,1,0,1,0
154,4,powerplay,S Yadav,RHB,top,K Ahmed,pace,avg,balanced,177,0,9,2,10,0,0
154,5,powerplay,S Yadav,RHB,top,J Bumrah,pace,elite,balanced,177,6,19,2,7,0,0
154,6,powerplay,S Yadav,RHB,top,R Jadeja,spin,good,balanced,177,12,26,2,6,0,0
154,7,middle,S Yadav,RHB,top,Y Chahal,spin,good,balanced,177,18,32,2,10,0,0
154,8,middle,S Yadav,RHB,top,H Patel,pace,avg,balanced,177,24,42,2,11,0,0
154,9,middle,S Yadav,RHB,top,A Rashid,spin,elite,balanced,177,30,53,2,9,1,0
154,10,middle,R Parag,RHB,avg,K Ahmed,pace,avg,balanced,177,0,62,3,8,0,0
154,11,middle,R Parag,RHB,avg,J Bumrah,pace,elite,balanced,177,6,70,3,1,1,0
154,12,middle,H Pandya,RHB,solid,R Jadeja,spin,good,balanced,177,0,71,4,6,1,0
154,13,middle,R Sharma,RHB,top,Y Chahal,spin,good,balanced,177,0,77,5,0,1,0
155,1,powerplay,KL Rahul,RHB,solid,R Jadeja,spin,good,seaming_track,145,0,0,0,3,1,0
155,2,powerplay,V Kohli,RHB,top,Y Chahal,spin,good,seaming_track,145,0,3,1,5,0,0
155,3,powerplay,V Kohli,RHB,top,M Shami,pace,good,seaming_track,145,6,8,1,2,1,0
155,4,powerplay,D Padikkal,LHB,avg,T Boult,pace,good,seaming_track,145,0,10,2,0,1,0
155,5,powerplay,H Pandya,RHB,solid,H Patel,pace,avg,seaming_track,145,0,10,3,8,0,0
155,6,powerplay,H Pandya,RHB,solid,K Ahmed,pace,avg,seaming_track,145,6,18,3,1,0,0
155,7,middle,H Pandya,RHB,solid,R Jadeja,spin,good,seaming_track,145,12,19,3,8,0,0
155,8,middle,H Pandya,RHB,solid,Y Chahal,spin,good,seaming_track,145,18,27,3,4,1,0
155,9,middle,S Yadav,RHB,top,M Shami,pace,good,seaming_track,145,0,31,4,8,0,0
155,10,middle,S Yadav,RHB,top,T Boult,pace,good,seaming_track,145,6,39,4,4,0,1
155,11,middle,S Yadav,RHB,top,H Patel,pace,avg,seaming_track,145,12,43,4,5,0,0
155,12,middle,S Yadav,RHB,top,K Ahmed,pace,avg,seaming_track,145,18,48,4,13,0,2
155,13,middle,S Yadav,RHB,top,R Jadeja,spin,good,seaming_track,145,24,61,4,4,1,0
155,14,middle,R Pant,LHB,top,Y Chahal,spin,good,seaming_track,145,0,65,5,6,0,0
155,15,middle,R Pant,LHB,top,M Shami,pace,good,seaming_track,145,6,71,5,3,1,1
156,1,powerplay,D Padikkal,LHB,avg,K Ahmed,pace,avg,batting_paradise,180,0,0,0,5,0,0
156,2,powerplay,D Padikkal,LHB,avg,R Jadeja,spin,good,batting_paradise,180,6,5,0,3,1,0
156,3,powerplay,H Pandya,RHB,solid,J Bumrah,pace,elite,batting_paradise,180,0,8,1,10,1,1
156,4,powerplay,KL Rahul,RHB,solid,A Rashid,spin,elite,batting_paradise,180,0,18,2,10,0,0
156,5,powerplay,KL Rahul,RHB,solid,T Boult,pace,good,batting_paradise,180,6,28,2,0,1,0
156,6,powerplay,R Pant,LHB,top,Y Chahal,spin,good,batting_paradise,180,0,28,3,7,1,0
156,7,middle,S Yadav,RHB,top,K Ahmed,pace,avg,batting_paradise,180,0,35,4,11,0,1
156,8,middle,S Yadav,RHB,top,R Jadeja,spin,good,batting_paradise,180,6,46,4,9,0,0
156,9,middle,S Yadav,RHB,top,J Bumrah,pace,elite,batting_paradise,180,12,55,4,15,0,1
156,10,middle,S Yadav,RHB,top,A Rashid,spin,elite,batting_paradise,180,18,70,4,5,0,0
156,11,middle,S Yadav,RHB,top,T Boult,pace,good,batting_paradise,180,24,75,4,13,0,1
156,12,middle,S Yadav,RHB,top,Y Chahal,spin,good,batting_paradise,180,30,88,4,13,0,1
156,13,middle,S Yadav,RHB,top,K Ahmed,pace,avg,batting_paradise,180,36,101,4,15,0,1
156,14,middle,S Yadav,RHB,top,R Jadeja,spin,good,batting_paradise,180,42,116,4,14,0,1
156,15,middle,S Yadav,RHB,top,J Bumrah,pace,elite,batting_paradise,180,48,130,4,9,0,0
156,16,death,S Yadav,RHB,top,A Rashid,spin,elite,batting_paradise,180,54,139,4,16,0,1
156,17,death,S Yadav,RHB,top,T Boult,pace,good,batting_paradise,180,60,155,4,24,0,1
156,18,death,S Yadav,RHB,top,Y Chahal,spin,good,batting_paradise,180,66,179,4,10,0,0
156,19,death,S Yadav,RHB,top,K Ahmed,pace,avg,batting_paradise,180,72,189,4,26,0,2
156,20,death,S Yadav,RHB,top,R Jadeja,spin,good,batting_paradise,180,78,215,4,13,0,1
157,1,powerplay,S Gill,RHB,solid,T Boult,pace,good,balanced,166,0,0,0,7,0,0
157,2,powerplay,S Gill,RHB,solid,R Jadeja,spin,good,balanced,166,6,7,0,2,0,0
157,3,powerplay,S Gill,RHB,solid,A Rashid,spin,elite,balanced,166,12,9,0,9,0,0
157,4,powerplay,S Gill,RHB,solid,Y Chahal,spin,good,balanced,166,18,18,0,8,0,0
157,5,powerplay,S Gill,RHB,solid,K Ahmed,pace,avg,balanced,166,24,26,0,12,0,1
157,6,powerplay,S Gill,RHB,solid,J Bumrah,pace,elite,balanced,166,30,38,0,8,1,0
157,7,middle,D Padikkal,LHB,avg,T Boult,pace,good,balanced,166,0,46,1,8,1,0
157,8,middle,R Pant,LHB,top,R Jadeja,spin,good,balanced,166,0,54,2,6,0,0
157,9,middle,R Pant,LHB,top,A Rashid,spin,elite,balanced,166,6,60,2,8,0,0
157,10,middle,R Pant,LHB,top,Y Chahal,spin,good,balanced,166,12,68,2,5,0,0
157,11,middle,R Pant,LHB,top,K Ahmed,pace,avg,balanced,166,18,73,2,11,0,0
157,12,middle,R Pant,LHB,top,J Bumrah,pace,elite,balanced,166,24,84,2,11,0,1
157,13,middle,R Pant,LHB,top,T Boult,pace,good,balanced,166,30,95,2,15,0,2
157,14,middle,R Pant,LHB,top,R Jadeja,spin,good,balanced,166,36,110,2,12,0,1
157,15,middle,R Pant,LHB,top,A Rashid,spin,elite,balanced,166,42,122,2,12,1,2
157,16,death,H Pandya,RHB,solid,Y Chahal,spin,good,balanced,166,0,134,3,10,0,0
157,17,death,H Pandya,RHB,solid,K Ahmed,pace,avg,balanced,166,6,144,3,0,1,0
157,18,death,V Kohli,RHB,top,J Bumrah,pace,elite,balanced,166,0,144,4,9,0,0
157,19,death,V Kohli,RHB,top,T Boult,pace,good,balanced,166,6,153,4,13,0,1
157,20,death,V Kohli,RHB,top,R Jadeja,spin,good,balanced,166,12,166,4,13,0,1
158,1,powerplay,V Kohli,RHB,top,R Jadeja,spin,good,batting_paradise,179,0,0,0,6,1,0
158,2,powerplay,N Pooran,LHB,top,M Shami,pace,good,batting_paradise,179,0,6,1,13,0,1
158,3,powerplay,N Pooran,LHB,top,T Boult,pace,good,batting_paradise,179,6,19,1,10,0,0
158,4,powerplay,N Pooran,LHB,top,J Bumrah,pace,elite,batting_paradise,179,12,29,1,4,0,0
158,5,powerplay,N Pooran,LHB,top,Y Chahal,spin,good,batting_paradise,179,18,33,1,13,0,2
158,6,powerplay,N Pooran,LHB,top,A Rashid,spin,elite,batting_paradise,179,24,46,1,15,0,2
158,7,middle,N Pooran,LHB,top,R Jadeja,spin,good,batting_paradise,179,30,61,1,10,1,0
158,8,middle,R Parag,RHB,avg,M Shami,pace,good,batting_paradise,179,0,71,2,9,1,0
158,9,middle,R Pant,LHB,top,T Boult,pace,good,batting_paradise,179,0,80,3,17,0,1
158,10,middle,R Pant,LHB,top,J Bumrah,pace,elite,batting_paradise,179,6,97,3,4,0,0
158,11,middle,R Pant,LHB,top,Y Chahal,spin,good,batting_paradise,179,12,101,3,16,0,2
158,12,middle,R Pant,LHB,top,A Rashid,spin,elite,batting_paradise,179,18,117,3,12,0,1
158,13,middle,R Pant,LHB,top,R Jadeja,spin,good,batting_paradise,179,24,129,3,11,0,0
158,14,middle,R Pant,LHB,top,M Shami,pace,good,batting_paradise,179,30,140,3,16,0,2
158,15,middle,R Pant,LHB,top,T Boult,pace,good,batting_paradise,179,36,156,3,12,0,2
158,16,death,R Pant,LHB,top,J Bumrah,pace,elite,batting_paradise,179,42,168,3,9,0,1
158,17,death,R Pant,LHB,top,Y Chahal,spin,good,batting_paradise,179,48,177,3,17,0,2
158,18,death,R Pant,LHB,top,A Rashid,spin,elite,batting_paradise,179,54,194,3,18,0,1
158,19,death,R Pant,LHB,top,R Jadeja,spin,good,batting_paradise,179,60,212,3,17,0,2
158,20,death,R Pant,LHB,top,M Shami,pace,good,batting_paradise,179,66,229,3,26,0,2
159,1,powerplay,R Sharma,RHB,top,Y Chahal,spin,good,batting_paradise,158,0,0,0,5,0,0
159,2,powerplay,R Sharma,RHB,top,R Jadeja,spin,good,batting_paradise,158,6,5,0,8,0,0
159,3,powerplay,R Sharma,RHB,top,A Rashid,spin,elite,batting_paradise,158,12,13,0,5,0,0
159,4,powerplay,R Sharma,RHB,top,J Bumrah,pace,elite,batting_paradise,158,18,18,0,4,1,0
159,5,powerplay,R Pant,LHB,top,T Boult,pace,good,batting_paradise,158,0,22,1,11,0,0
159,6,powerplay,R Pant,LHB,top,H Patel,pace,avg,batting_paradise,158,6,33,1,8,0,0
159,7,middle,R Pant,LHB,top,Y Chahal,spin,good,batting_paradise,158,12,41,1,9,0,0
159,8,middle,R Pant,LHB,top,R Jadeja,spin,good,batting_paradise,158,18,50,1,14,0,1
159,9,middle,R Pant,LHB,top,A Rashid,spin,elite,batting_paradise,158,24,64,1,7,0,0
159,10,middle,R Pant,LHB,top,J Bumrah,pace,elite,batting_paradise,158,30,71,1,10,0,0
159,11,middle,R Pant,LHB,top,T Boult,pace,good,batting_paradise,158,36,81,1,14,0,1
159,12,middle,R Pant,LHB,top,H Patel,pace,avg,batting_paradise,158,42,95,1,15,0,1
159,13,middle,R Pant,LHB,top,Y Chahal,spin,good,batting_paradise,158,48,110,1,8,0,1
159,14,middle,R Pant,LHB,top,R Jadeja,spin,good,batting_paradise,158,54,118,1,11,0,1
159,15,middle,R Pant,LHB,top,A Rashid,spin,elite,batting_paradise,158,60,129,1,15,0,2
159,16,death,R Pant,LHB,top,J Bumrah,pace,elite,batting_paradise,158,66,144,1,18,1,1
159,17,death,S Gill,RHB,solid,T Boult,pace,good,batting_paradise,158,0,162,2,10,0,1
159,18,death,S Gill,RHB,solid,H Patel,pace,avg,batting_paradise,158,6,172,2,17,0,1
159,19,death,S Gill,RHB,solid,Y Chahal,spin,good,batting_paradise,158,12,189,2,11,0,0
159,20,death,S Gill,RHB,solid,R Jadeja,spin,good,batting_paradise,158,18,200,2,14,0,1
160,1,powerplay,R Pant,LHB,top,M Shami,pace,good,balanced,170,0,0,0,1,1,0
160,2,powerplay,KL Rahul,RHB,solid,A Rashid,spin,elite,balanced,170,0,1,1,1,1,0
160,3,powerplay,D Padikkal,LHB,avg,R Jadeja,spin,good,balanced,170,0,2,2,4,1,0
160,4,powerplay,S Yadav,RHB,top,H Patel,pace,avg,balanced,170,0,6,3,5,0,1
160,5,powerplay,S Yadav,RHB,top,Y Chahal,spin,good,balanced,170,6,11,3,0,1,1
160,6,powerplay,N Pooran,LHB,top,T Boult,pace,good,balanced,170,0,11,4,2,0,0
160,7,middle,N Pooran,LHB,top,M Shami,pace,good,balanced,170,6,13,4,3,1,0
160,8,middle,R Parag,RHB,avg,A Rashid,spin,elite,balanced,170,0,16,5,0,1,0
161,1,powerplay,R Parag,RHB,avg,H Patel,pace,avg,seaming_track,155,0,0,0,2,1,0
161,2,powerplay,S Yadav,RHB,top,K Ahmed,pace,avg,seaming_track,155,0,2,1,8,0,0
161,3,powerplay,S Yadav,RHB,top,R Jadeja,spin,good,seaming_track,155,6,10,1,4,0,0
161,4,powerplay,S Yadav,RHB,top,A Rashid,spin,elite,seaming_track,155,12,14,1,10,0,0
161,5,powerplay,S Yadav,RHB,top,J Bumrah,pace,elite,seaming_track,155,18,24,1,8,0,0
161,6,powerplay,S Yadav,RHB,top,T Boult,pace,good,seaming_track,155,24,32,1,11,1,0
161,7,middle,KL Rahul,RHB,solid,H Patel,pace,avg,seaming_track,155,0,43,2,4,0,0
161,8,middle,KL Rahul,RHB,solid,K Ahmed,pace,avg,seaming_track,155,6,47,2,8,0,1
161,9,middle,KL Rahul,RHB,solid,R Jadeja,spin,good,seaming_track,155,12,55,2,4,0,0
161,10,middle,KL Rahul,RHB,solid,A Rashid,spin,elite,seaming_track,155,18,59,2,4,0,1
161,11,middle,KL Rahul,RHB,solid,J Bumrah,pace,elite,seaming_track,155,24,63,2,2,1,0
161,12,middle,R Pant,LHB,top,T Boult,pace,good,seaming_track,155,0,65,3,7,0,0
161,13,middle,R Pant,LHB,top,H Patel,pace,avg,seaming_track,155,6,72,3,6,0,0
161,14,middle,R Pant,LHB,top,K Ahmed,pace,avg,seaming_track,155,12,78,3,8,0,0
161,15,middle,R Pant,LHB,top,R Jadeja,spin,good,seaming_track,155,18,86,3,5,0,0
161,16,death,R Pant,LHB,top,A Rashid,spin,elite,seaming_track,155,24,91,3,8,0,0
161,17,death,R Pant,LHB,top,J Bumrah,pace,elite,seaming_track,155,30,99,3,14,0,1
161,18,death,R Pant,LHB,top,T Boult,pace,good,seaming_track,155,36,113,3,12,1,1
161,19,death,D Padikkal,LHB,avg,H Patel,pace,avg,seaming_track,155,0,125,4,8,1,0
161,20,death,V Kohli,RHB,top,K Ahmed,pace,avg,seaming_track,155,0,133,5,14,0,1
162,1,powerplay,V Kohli,RHB,top,K Ahmed,pace,avg,batting_paradise,135,0,0,0,13,0,2
162,2,powerplay,V Kohli,RHB,top,A Rashid,spin,elite,batting_paradise,135,6,13,0,8,0,0
162,3,powerplay,V Kohli,RHB,top,T Boult,pace,good,batting_paradise,135,12,21,0,19,0,2
162,4,powerplay,V Kohli,RHB,top,H Patel,pace,avg,batting_paradise,135,18,40,0,14,0,1
162,5,powerplay,V Kohli,RHB,top,M Shami,pace,good,batting_paradise,135,24,54,0,16,0,1
162,6,powerplay,V Kohli,RHB,top,Y Chahal,spin,good,batting_paradise,135,30,70,0,11,0,1
162,7,middle,V Kohli,RHB,top,K Ahmed,pace,avg,batting_paradise,135,36,81,0,20,0,2
162,8,middle,V Kohli,RHB,top,A Rashid,spin,elite,batting_paradise,135,42,101,0,8,0,1
162,9,middle,V Kohli,RHB,top,T Boult,pace,good,batting_paradise,135,48,109,0,7,1,0
162,10,middle,N Pooran,LHB,top,H Patel,pace,avg,batting_paradise,135,0,116,1,7,0,1
162,11,middle,N Pooran,LHB,top,M Shami,pace,good,batting_paradise,135,6,123,1,6,0,0
162,12,middle,N Pooran,LHB,top,Y Chahal,spin,good,batting_paradise,135,12,129,1,7,1,0
162,13,middle,H Pandya,RHB,solid,K Ahmed,pace,avg,batting_paradise,135,0,136,2,9,0,0
162,14,middle,H Pandya,RHB,solid,A Rashid,spin,elite,batting_paradise,135,6,145,2,8,0,0
162,15,middle,H Pandya,RHB,solid,T Boult,pace,good,batting_paradise,135,12,153,2,9,1,0
162,16,death,R Pant,LHB,top,H Patel,pace,avg,batting_paradise,135,0,162,3,16,0,2
162,17,death,R Pant,LHB,top,M Shami,pace,good,batting_paradise,135,6,178,3,10,1,0
162,18,death,R Sharma,RHB,top,Y Chahal,spin,good,batting_paradise,135,0,188,4,7,1,1
162,19,death,S Gill,RHB,solid,K Ahmed,pace,avg,batting_paradise,135,0,195,5,10,1,1
163,1,powerplay,S Gill,RHB,solid,M Shami,pace,good,batting_paradise,147,0,0,0,5,1,0
163,2,powerplay,R Pant,LHB,top,J Bumrah,pace,elite,batting_paradise,147,0,5,1,6,0,0
163,3,powerplay,R Pant,LHB,top,A Rashid,spin,elite,batting_paradise,147,6,11,1,8,0,0
163,4,powerplay,R Pant,LHB,top,H Patel,pace,avg,batting_paradise,147,12,19,1,11,0,1
163,5,powerplay,R Pant,LHB,top,T Boult,pace,good,batting_paradise,147,18,30,1,16,0,2
163,6,powerplay,R Pant,LHB,top,Y Chahal,spin,good,batting_paradise,147,24,46,1,18,0,1
163,7,middle,R Pant,LHB,top,M Shami,pace,good,batting_paradise,147,30,64,1,17,0,2
163,8,middle,R Pant,LHB,top,J Bumrah,pace,elite,batting_paradise,147,36,81,1,13,0,1
163,9,middle,R Pant,LHB,top,A Rashid,spin,elite,batting_paradise,147,42,94,1,12,0,1
163,10,middle,R Pant,LHB,top,H Patel,pace,avg,batting_paradise,147,48,106,1,20,0,2
163,11,middle,R Pant,LHB,top,T Boult,pace,good,batting_paradise,147,54,126,1,15,0,1
163,12,middle,R Pant,LHB,top,Y Chahal,spin,good,batting_paradise,147,60,141,1,13,1,2
163,13,middle,D Padikkal,LHB,avg,M Shami,pace,good,batting_paradise,147,0,154,2,6,0,1
163,14,middle,D Padikkal,LHB,avg,J Bumrah,pace,elite,batting_paradise,147,6,160,2,0,1,0
163,15,middle,S Yadav,RHB,top,A Rashid,spin,elite,batting_paradise,147,0,160,3,1,1,0
163,16,death,N Pooran,LHB,top,H Patel,pace,avg,batting_paradise,147,0,161,4,8,0,0
163,17,death,N Pooran,LHB,top,T Boult,pace,good,batting_paradise,147,6,169,4,15,0,1
163,18,death,N Pooran,LHB,top,Y Chahal,spin,good,batting_paradise,147,12,184,4,13,0,1
163,19,death,N Pooran,LHB,top,M Shami,pace,good,batting_paradise,147,18,197,4,23,0,1
163,20,death,N Pooran,LHB,top,J Bumrah,pace,elite,batting_paradise,147,24,220,4,18,1,2
164,1,powerplay,R Parag,RHB,avg,J Bumrah,pace,elite,slow_turner,185,0,0,0,4,1,0
164,2,powerplay,N Pooran,LHB,top,M Shami,pace,good,slow_turner,185,0,4,1,9,0,0
164,3,powerplay,N Pooran,LHB,top,K Ahmed,pace,avg,slow_turner,185,6,13,1,6,0,0
164,4,powerplay,N Pooran,LHB,top,R Jadeja,spin,good,slow_turner,185,12,19,1,9,0,0
164,5,powerplay,N Pooran,LHB,top,T Boult,pace,good,slow_turner,185,18,28,1,10,0,0
164,6,powerplay,N Pooran,LHB,top,A Rashid,spin,elite,slow_turner,185,24,38,1,12,0,1
164,7,middle,N Pooran,LHB,top,J Bumrah,pace,elite,slow_turner,185,30,50,1,2,0,0
164,8,middle,N Pooran,LHB,top,M Shami,pace,good,slow_turner,185,36,52,1,5,0,0
164,9,middle,N Pooran,LHB,top,K Ahmed,pace,avg,slow_turner,185,42,57,1,11,0,0
164,10,middle,N Pooran,LHB,top,R Jadeja,spin,good,slow_turner,185,48,68,1,5,0,0
164,11,middle,N Pooran,LHB,top,T Boult,pace,good,slow_turner,185,54,73,1,7,0,0
164,12,middle,N Pooran,LHB,top,A Rashid,spin,elite,slow_turner,185,60,80,1,5,0,0
164,13,middle,N Pooran,LHB,top,J Bumrah,pace,elite,slow_turner,185,66,85,1,7,0,0
164,14,middle,N Pooran,LHB,top,M Shami,pace,good,slow_turner,185,72,92,1,0,1,0
164,15,middle,R Sharma,RHB,top,K Ahmed,pace,avg,slow_turner,185,0,92,2,6,0,0
164,16,death,R Sharma,RHB,top,R Jadeja,spin,good,slow_turner,185,6,98,2,2,1,0
164,17,death,S Gill,RHB,solid,T Boult,pace,good,slow_turner,185,0,100,3,6,1,0
164,18,death,KL Rahul,RHB,solid,A Rashid,spin,elite,slow_turner,185,0,106,4,5,1,0
164,19,death,D Padikkal,LHB,avg,J Bumrah,pace,elite,slow_turner,185,0,111,5,3,0,0
164,20,death,D Padikkal,LHB,avg,M Shami,pace,good,slow_turner,185,6,114,5,4,0,0
165,1,powerplay,H Pandya,RHB,solid,H Patel,pace,avg,slow_turner,137,0,0,0,7,0,0
165,2,powerplay,H Pandya,RHB,solid,J Bumrah,pace,elite,slow_turner,137,6,7,0,3,1,0
165,3,powerplay,D Padikkal,LHB,avg,Y Chahal,spin,good,slow_turner,137,0,10,1,6,1,0
165,4,powerplay,N Pooran,LHB,top,M Shami,pace,good,slow_turner,137,0,16,2,5,0,0
165,5,powerplay,N Pooran,LHB,top,R Jadeja,spin,good,slow_turner,137,6,21,2,3,0,1
165,6,powerplay,N Pooran,LHB,top,K Ahmed,pace,avg,slow_turner,137,12,24,2,9,0,0
165,7,middle,N Pooran,LHB,top,H Patel,pace,avg,slow_turner,137,18,33,2,10,0,0
165,8,middle,N Pooran,LHB,top,J Bumrah,pace,elite,slow_turner,137,24,43,2,6,0,0
165,9,middle,N Pooran,LHB,top,Y Chahal,spin,good,slow_turner,137,30,49,2,8,0,1
165,10,middle,N Pooran,LHB,top,M Shami,pace,good,slow_turner,137,36,57,2,4,0,0
165,11,middle,N Pooran,LHB,top,R Jadeja,spin,good,slow_turner,137,42,61,2,9,0,0
165,12,middle,N Pooran,LHB,top,K Ahmed,pace,avg,slow_turner,137,48,70,2,9,1,0
165,13,middle,KL Rahul,RHB,solid,H Patel,pace,avg,slow_turner,137,0,79,3,8,0,0
165,14,middle,KL Rahul,RHB,solid,J Bumrah,pace,elite,slow_turner,137,6,87,3,4,0,0
165,15,middle,KL Rahul,RHB,solid,Y Chahal,spin,good,slow_turner,137,12,91,3,2,1,0
165,16,death,R Parag,RHB,avg,M Shami,pace,good,slow_turner,137,0,93,4,2,0,0
165,17,death,R Parag,RHB,avg,R Jadeja,spin,good,slow_turner,137,6,95,4,5,0,0
165,18,death,R Parag,RHB,avg,K Ahmed,pace,avg,slow_turner,137,12,100,4,7,1,0
165,19,death,V Kohli,RHB,top,H Patel,pace,avg,slow_turner,137,0,107,5,11,1,0
166,1,powerplay,S Gill,RHB,solid,M Shami,pace,good,batting_paradise,189,0,0,0,6,0,0
166,2,powerplay,S Gill,RHB,solid,Y Chahal,spin,good,batting_paradise,189,6,6,0,3,1,0
166,3,powerplay,KL Rahul,RHB,solid,H Patel,pace,avg,batting_paradise,189,0,9,1,10,0,1
166,4,powerplay,KL Rahul,RHB,solid,R Jadeja,spin,good,batting_paradise,189,6,19,1,5,0,0
166,5,powerplay,KL Rahul,RHB,solid,J Bumrah,pace,elite,batting_paradise,189,12,24,1,8,1,1
166,6,powerplay,R Sharma,RHB,top,A Rashid,spin,elite,batting_paradise,189,0,32,2,4,0,1
166,7,middle,R Sharma,RHB,top,M Shami,pace,good,batting_paradise,189,6,36,2,12,0,1
166,8,middle,R Sharma,RHB,top,Y Chahal,spin,good,batting_paradise,189,12,48,2,8,0,0
166,9,middle,R Sharma,RHB,top,H Patel,pace,avg,batting_paradise,189,18,56,2,18,0,1
166,10,middle,R Sharma,RHB,top,R Jadeja,spin,good,batting_paradise,189,24,74,2,10,0,1
166,11,middle,R Sharma,RHB,top,J Bumrah,pace,elite,batting_paradise,189,30,84,2,15,0,1
166,12,middle,R Sharma,RHB,top,A Rashid,spin,elite,batting_paradise,189,36,99,2,15,0,1
166,13,middle,R Sharma,RHB,top,M Shami,pace,good,batting_paradise,189,42,114,2,6,0,0
166,14,middle,R Sharma,RHB,top,Y Chahal,spin,good,batting_paradise,189,48,120,2,14,0,1
166,15,middle,R Sharma,RHB,top,H Patel,pace,avg,batting_paradise,189,54,134,2,5,0,0
166,16,death,R Sharma,RHB,top,R Jadeja,spin,good,batting_paradise,189,60,139,2,13,0,1
166,17,death,R Sharma,RHB,top,J Bumrah,pace,elite,batting_paradise,189,66,152,2,15,1,2
166,18,death,D Padikkal,LHB,avg,A Rashid,spin,elite,batting_paradise,189,0,167,3,3,1,0
166,19,death,H Pandya,RHB,solid,M Shami,pace,good,batting_paradise,189,0,170,4,8,0,0
166,20,death,H Pandya,RHB,solid,Y Chahal,spin,good,batting_paradise,189,6,178,4,7,0,0
167,1,powerplay,R Pant,LHB,top,T Boult,pace,good,balanced,181,0,0,0,8,0,0
167,2,powerplay,R Pant,LHB,top,M Shami,pace,good,balanced,181,6,8,0,9,1,1
167,3,powerplay,KL Rahul,RHB,solid,Y Chahal,spin,good,balanced,181,0,17,1,3,0,0
167,4,powerplay,KL Rahul,RHB,solid,H Patel,pace,avg,balanced,181,6,20,1,6,0,1
167,5,powerplay,KL Rahul,RHB,solid,J Bumrah,pace,elite,balanced,181,12,26,1,5,0,0
167,6,powerplay,KL Rahul,RHB,solid,A Rashid,spin,elite,balanced,181,18,31,1,3,0,1
167,7,middle,KL Rahul,RHB,solid,T Boult,pace,good,balanced,181,24,34,1,11,0,0
167,8,middle,KL Rahul,RHB,solid,M Shami,pace,good,balanced,181,30,45,1,8,1,1
167,9,middle,D Padikkal,LHB,avg,Y Chahal,spin,good,balanced,181,0,53,2,4,0,0
167,10,middle,D Padikkal,LHB,avg,H Patel,pace,avg,balanced,181,6,57,2,3,1,0
167,11,middle,R Parag,RHB,avg,J Bumrah,pace,elite,balanced,181,0,60,3,4,1,0
167,12,middle,V Kohli,RHB,top,A Rashid,spin,elite,balanced,181,0,64,4,4,0,0
167,13,middle,V Kohli,RHB,top,T Boult,pace,good,balanced,181,6,68,4,7,0,0
167,14,middle,V Kohli,RHB,top,M Shami,pace,good,balanced,181,12,75,4,5,0,1
167,15,middle,V Kohli,RHB,top,Y Chahal,spin,good,balanced,181,18,80,4,13,0,2
167,16,death,V Kohli,RHB,top,H Patel,pace,avg,balanced,181,24,93,4,12,1,2
167,17,death,R Sharma,RHB,top,J Bumrah,pace,elite,balanced,181,0,105,5,6,1,0
168,1,powerplay,S Gill,RHB,solid,K Ahmed,pace,avg,seaming_track,161,0,0,0,2,1,0
168,2,powerplay,N Pooran,LHB,top,H Patel,pace,avg,seaming_track,161,0,2,1,10,0,0
168,3,powerplay,N Pooran,LHB,top,A Rashid,spin,elite,seaming_track,161,6,12,1,5,1,0
168,4,powerplay,V Kohli,RHB,top,M Shami,pace,good,seaming_track,161,0,17,2,4,1,0
168,5,powerplay,S Yadav,RHB,top,T Boult,pace,good,seaming_track,161,0,21,3,7,0,0
168,6,powerplay,S Yadav,RHB,top,Y Chahal,spin,good,seaming_track,161,6,28,3,6,1,0
168,7,middle,H Pandya,RHB,solid,K Ahmed,pace,avg,seaming_track,161,0,34,4,3,1,0
168,8,middle,D Padikkal,LHB,avg,H Patel,pace,avg,seaming_track,161,0,37,5,5,0,0
168,9,middle,D Padikkal,LHB,avg,A Rashid,spin,elite,seaming_track,161,6,42,5,9,1,0
169,1,powerplay,N Pooran,LHB,top,A Rashid,spin,elite,balanced,183,0,0,0,5,0,0
169,2,powerplay,N Pooran,LHB,top,K Ahmed,pace,avg,balanced,183,6,5,0,13,0,1
169,3,powerplay,N Pooran,LHB,top,T Boult,pace,good,balanced,183,12,18,0,10,0,0
169,4,powerplay,N Pooran,LHB,top,H Patel,pace,avg,balanced,183,18,28,0,7,1,0
169,5,powerplay,S Gill,RHB,solid,J Bumrah,pace,elite,balanced,183,0,35,1,6,0,0
169,6,powerplay,S Gill,RHB,solid,R Jadeja,spin,good,balanced,183,6,41,1,4,1,0
169,7,middle,V Kohli,RHB,top,A Rashid,spin,elite,balanced,183,0,45,2,6,1,1
169,8,middle,R Pant,LHB,top,K Ahmed,pace,avg,balanced,183,0,51,3,12,0,1
169,9,middle,R Pant,LHB,top,T Boult,pace,good,balanced,183,6,63,3,5,1,1
169,10,middle,R Sharma,RHB,top,H Patel,pace,avg,balanced,183,0,68,4,10,0,0
169,11,middle,R Sharma,RHB,top,J Bumrah,pace,elite,balanced,183,6,78,4,8,0,0
169,12,middle,R Sharma,RHB,top,R Jadeja,spin,good,balanced,183,12,86,4,5,1,0
169,13,middle,S Yadav,RHB,top,A Rashid,spin,elite,balanced,183,0,91,5,5,1,0
170,1,powerplay,N Pooran,LHB,top,K Ahmed,pace,avg,balanced,163,0,0,0,11,0,0
170,2,powerplay,N Pooran,LHB,top,M Shami,pace,good,balanced,163,6,11,0,6,0,0
170,3,powerplay,N Pooran,LHB,top,H Patel,pace,avg,balanced,163,12,17,0,9,0,0
170,4,powerplay,N Pooran,LHB,top,R Jadeja,spin,good,balanced,163,18,26,0,3,0,0
170,5,powerplay,N Pooran,LHB,top,A Rashid,spin,elite,balanced,163,24,29,0,6,1,1
170,6,powerplay,R Sharma,RHB,top,Y Chahal,spin,good,balanced,163,0,35,1,7,0,0
170,7,middle,R Sharma,RHB,top,K Ahmed,pace,avg,balanced,163,6,42,1,9,0,1
170,8,middle,R Sharma,RHB,top,M Shami,pace,good,balanced,163,12,51,1,5,0,0
170,9,middle,R Sharma,RHB,top,H Patel,pace,avg,balanced,163,18,56,1,14,0,1
170,10,middle,R Sharma,RHB,top,R Jadeja,spin,good,balanced,163,24,70,1,8,0,0
170,11,middle,R Sharma,RHB,top,A Rashid,spin,elite,balanced,163,30,78,1,5,0,0
170,12,middle,R Sharma,RHB,top,Y Chahal,spin,good,balanced,163,36,83,1,4,1,0
170,13,middle,R Pant,LHB,top,K Ahmed,pace,avg,balanced,163,0,87,2,7,0,0
170,14,middle,R Pant,LHB,top,M Shami,pace,good,balanced,163,6,94,2,6,0,0
170,15,middle,R Pant,LHB,top,H Patel,pace,avg,balanced,163,12,100,2,7,0,1
170,16,death,R Pant,LHB,top,R Jadeja,spin,good,balanced,163,18,107,2,15,0,2
170,17,death,R Pant,LHB,top,A Rashid,spin,elite,balanced,163,24,122,2,12,0,1
170,18,death,R Pant,LHB,top,Y Chahal,spin,good,balanced,163,30,134,2,15,0,1
170,19,death,R Pant,LHB,top,K Ahmed,pace,avg,balanced,163,36,149,2,16,0,2
170,20,death,R Pant,LHB,top,M Shami,pace,good,balanced,163,42,165,2,24,0,1
171,1,powerplay,KL Rahul,RHB,solid,Y Chahal,spin,good,seaming_track,147,0,0,0,4,1,0
171,2,powerplay,S Yadav,RHB,top,R Jadeja,spin,good,seaming_track,147,0,4,1,5,0,0
171,3,powerplay,S Yadav,RHB,top,M Shami,pace,good,seaming_track,147,6,9,1,9,1,0
171,4,powerplay,S Gill,RHB,solid,H Patel,pace,avg,seaming_track,147,0,18,2,11,1,0
171,5,powerplay,R Pant,LHB,top,K Ahmed,pace,avg,seaming_track,147,0,29,3,9,0,0
171,6,powerplay,R Pant,LHB,top,A Rashid,spin,elite,seaming_track,147,6,38,3,5,0,0
171,7,middle,R Pant,LHB,top,Y Chahal,spin,good,seaming_track,147,12,43,3,5,0,0
171,8,middle,R Pant,LHB,top,R Jadeja,spin,good,seaming_track,147,18,48,3,9,0,0
171,9,middle,R Pant,LHB,top,M Shami,pace,good,seaming_track,147,24,57,3,7,0,0
171,10,middle,R Pant,LHB,top,H Patel,pace,avg,seaming_track,147,30,64,3,14,0,1
171,11,middle,R Pant,LHB,top,K Ahmed,pace,avg,seaming_track,147,36,78,3,10,0,0
171,12,middle,R Pant,LHB,top,A Rashid,spin,elite,seaming_track,147,42,88,3,0,1,0
171,13,middle,V Kohli,RHB,top,Y Chahal,spin,good,seaming_track,147,0,88,4,7,0,0
171,14,middle,V Kohli,RHB,top,R Jadeja,spin,good,seaming_track,147,6,95,4,8,0,0
171,15,middle,V Kohli,RHB,top,M Shami,pace,good,seaming_track,147,12,103,4,11,0,0
171,16,death,V Kohli,RHB,top,H Patel,pace,avg,seaming_track,147,18,114,4,14,0,1
171,17,death,V Kohli,RHB,top,K Ahmed,pace,avg,seaming_track,147,24,128,4,20,0,1
171,18,death,V Kohli,RHB,top,A Rashid,spin,elite,seaming_track,147,30,148,4,7,1,0
171,19,death,D Padikkal,LHB,avg,Y Chahal,spin,good,seaming_track,147,0,155,5,2,1,0
172,1,powerplay,S Yadav,RHB,top,J Bumrah,pace,elite,balanced,173,0,0,0,8,1,0
172,2,powerplay,KL Rahul,RHB,solid,H Patel,pace,avg,balanced,173,0,8,1,14,0,1
172,3,powerplay,KL Rahul,RHB,solid,T Boult,pace,good,balanced,173,6,22,1,7,0,0
172,4,powerplay,KL Rahul,RHB,solid,R Jadeja,spin,good,balanced,173,12,29,1,9,0,1
172,5,powerplay,KL Rahul,RHB,solid,K Ahmed,pace,avg,balanced,173,18,38,1,10,0,0
172,6,powerplay,KL Rahul,RHB,solid,M Shami,pace,good,balanced,173,24,48,1,8,0,0
172,7,middle,KL Rahul,RHB,solid,J Bumrah,pace,elite,balanced,173,30,56,1,4,1,0
172,8,middle,R Pant,LHB,top,H Patel,pace,avg,balanced,173,0,60,2,7,0,1
172,9,middle,R Pant,LHB,top,T Boult,pace,good,balanced,173,6,67,2,8,0,1
172,10,middle,R Pant,LHB,top,R Jadeja,spin,good,balanced,173,12,75,2,5,1,0
172,11,middle,S Gill,RHB,solid,K Ahmed,pace,avg,balanced,173,0,80,3,9,0,0
172,12,middle,S Gill,RHB,solid,M Shami,pace,good,balanced,173,6,89,3,4,0,0
172,13,middle,S Gill,RHB,solid,J Bumrah,pace,elite,balanced,173,12,93,3,5,0,0
172,14,middle,S Gill,RHB,solid,H Patel,pace,avg,balanced,173,18,98,3,9,0,1
172,15,middle,S Gill,RHB,solid,T Boult,pace,good,balanced,173,24,107,3,8,0,0
172,16,death,S Gill,RHB,solid,R Jadeja,spin,good,balanced,173,30,115,3,6,0,0
172,17,death,S Gill,RHB,solid,K Ahmed,pace,avg,balanced,173,36,121,3,10,0,0
172,18,death,S Gill,RHB,solid,M Shami,pace,good,balanced,173,42,131,3,7,1,0
172,19,death,H Pandya,RHB,solid,J Bumrah,pace,elite,balanced,173,0,138,4,9,0,0
172,20,death,H Pandya,RHB,solid,H Patel,pace,avg,balanced,173,6,147,4,12,0,1
173,1,powerplay,R Parag,RHB,avg,R Jadeja,spin,good,slow_turner,146,0,0,0,1,1,0
173,2,powerplay,N Pooran,LHB,top,Y Chahal,spin,good,slow_turner,146,0,1,1,8,1,0
173,3,powerplay,R Sharma,RHB,top,H Patel,pace,avg,slow_turner,146,0,9,2,8,1,0
173,4,powerplay,H Pandya,RHB,solid,M Shami,pace,good,slow_turner,146,0,17,3,5,0,0
173,5,powerplay,H Pandya,RHB,solid,T Boult,pace,good,slow_turner,146,6,22,3,8,0,0
173,6,powerplay,H Pandya,RHB,solid,K Ahmed,pace,avg,slow_turner,146,12,30,3,6,0,1
173,7,middle,H Pandya,RHB,solid,R Jadeja,spin,good,slow_turner,146,18,36,3,7,0,0
173,8,middle,H Pandya,RHB,solid,Y Chahal,spin,good,slow_turner,146,24,43,3,5,1,0
173,9,middle,S Gill,RHB,solid,H Patel,pace,avg,slow_turner,146,0,48,4,7,0,0
173,10,middle,S Gill,RHB,solid,M Shami,pace,good,slow_turner,146,6,55,4,3,0,0
173,11,middle,S Gill,RHB,solid,T Boult,pace,good,slow_turner,146,12,58,4,4,0,0
173,12,middle,S Gill,RHB,solid,K Ahmed,pace,avg,slow_turner,146,18,62,4,6,0,0
173,13,middle,S Gill,RHB,solid,R Jadeja,spin,good,slow_turner,146,24,68,4,5,0,0
173,14,middle,S Gill,RHB,solid,Y Chahal,spin,good,slow_turner,146,30,73,4,2,0,0
173,15,middle,S Gill,RHB,solid,H Patel,pace,avg,slow_turner,146,36,75,4,8,0,0
173,16,death,S Gill,RHB,solid,M Shami,pace,good,slow_turner,146,42,83,4,9,1,1
173,17,death,D Padikkal,LHB,avg,T Boult,pace,good,slow_turner,146,0,92,5,1,1,0
174,1,powerplay,N Pooran,LHB,top,M Shami,pace,good,batting_paradise,144,0,0,0,11,1,0
174,2,powerplay,S Yadav,RHB,top,R Jadeja,spin,good,batting_paradise,144,0,11,1,16,0,1
174,3,powerplay,S Yadav,RHB,top,H Patel,pace,avg,batting_paradise,144,6,27,1,19,0,1
174,4,powerplay,S Yadav,RHB,top,Y Chahal,spin,good,batting_paradise,144,12,46,1,14,1,1
174,5,powerplay,R Sharma,RHB,top,J Bumrah,pace,elite,batting_paradise,144,0,60,2,7,1,1
174,6,powerplay,S Gill,RHB,solid,K Ahmed,pace,avg,batting_paradise,144,0,67,3,10,0,0
174,7,middle,S Gill,RHB,solid,M Shami,pace,good,batting_paradise,144,6,77,3,10,0,0
174,8,middle,S Gill,RHB,solid,R Jadeja,spin,good,batting_paradise,144,12,87,3,7,0,0
174,9,middle,S Gill,RHB,solid,H Patel,pace,avg,batting_paradise,144,18,94,3,11,0,0
174,10,middle,S Gill,RHB,solid,Y Chahal,spin,good,batting_paradise,144,24,105,3,10,1,0
174,11,middle,V Kohli,RHB,top,J Bumrah,pace,elite,batting_paradise,144,0,115,4,7,0,0
174,12,middle,V Kohli,RHB,top,K Ahmed,pace,avg,batting_paradise,144,6,122,4,12,0,1
174,13,middle,V Kohli,RHB,top,M Shami,pace,good,batting_paradise,144,12,134,4,9,0,1
174,14,middle,V Kohli,RHB,top,R Jadeja,spin,good,batting_paradise,144,18,143,4,8,0,0
174,15,middle,V Kohli,RHB,top,H Patel,pace,avg,batting_paradise,144,24,151,4,18,1,1
174,16,death,H Pandya,RHB,solid,Y Chahal,spin,good,batting_paradise,144,0,169,5,6,1,1
175,1,powerplay,R Pant,LHB,top,J Bumrah,pace,elite,slow_turner,129,0,0,0,1,1,0
175,2,powerplay,H Pandya,RHB,solid,Y Chahal,spin,good,slow_turner,129,0,1,1,6,1,0
175,3,powerplay,D Padikkal,LHB,avg,H Patel,pace,avg,slow_turner,129,0,7,2,6,0,0
175,4,powerplay,D Padikkal,LHB,avg,M Shami,pace,good,slow_turner,129,6,13,2,3,0,0
175,5,powerplay,D Padikkal,LHB,avg,A Rashid,spin,elite,slow_turner,129,12,16,2,6,1,0
175,6,powerplay,KL Rahul,RHB,solid,K Ahmed,pace,avg,slow_turner,129,0,22,3,5,0,1
175,7,middle,KL Rahul,RHB,solid,J Bumrah,pace,elite,slow_turner,129,6,27,3,2,1,1
175,8,middle,S Gill,RHB,solid,Y Chahal,spin,good,slow_turner,129,0,29,4,2,1,0
175,9,middle,R Parag,RHB,avg,H Patel,pace,avg,slow_turner,129,0,31,5,2,1,0
176,1,powerplay,R Pant,LHB,top,Y Chahal,spin,good,slow_turner,185,0,0,0,8,0,1
176,2,powerplay,R Pant,LHB,top,T Boult,pace,good,slow_turner,185,6,8,0,5,1,0
176,3,powerplay,H Pandya,RHB,solid,H Patel,pace,avg,slow_turner,185,0,13,1,3,1,0
176,4,powerplay,KL Rahul,RHB,solid,A Rashid,spin,elite,slow_turner,185,0,16,2,4,0,0
176,5,powerplay,KL Rahul,RHB,solid,J Bumrah,pace,elite,slow_turner,185,6,20,2,5,1,0
176,6,powerplay,R Sharma,RHB,top,M Shami,pace,good,slow_turner,185,0,25,3,0,1,0
176,7,middle,R Parag,RHB,avg,Y Chahal,spin,good,slow_turner,185,0,25,4,5,0,0
176,8,middle,R Parag,RHB,avg,T Boult,pace,good,slow_turner,185,6,30,4,2,0,0
176,9,middle,R Parag,RHB,avg,H Patel,pace,avg,slow_turner,185,12,32,4,3,0,0
176,10,middle,R Parag,RHB,avg,A Rashid,spin,elite,slow_turner,185,18,35,4,1,1,0
176,11,middle,N Pooran,LHB,top,J Bumrah,pace,elite,slow_turner,185,0,36,5,10,1,1
177,1,powerplay,S Gill,RHB,solid,A Rashid,spin,elite,seaming_track,174,0,0,0,4,1,1
177,2,powerplay,D Padikkal,LHB,avg,R Jadeja,spin,good,seaming_track,174,0,4,1,2,0,0
177,3,powerplay,D Padikkal,LHB,avg,M Shami,pace,good,seaming_track,174,6,6,1,2,1,0
177,4,powerplay,KL Rahul,RHB,solid,Y Chahal,spin,good,seaming_track,174,0,8,2,0,1,0
177,5,powerplay,S Yadav,RHB,top,T Boult,pace,good,seaming_track,174,0,8,3,7,0,1
177,6,powerplay,S Yadav,RHB,top,J Bumrah,pace,elite,seaming_track,174,6,15,3,4,1,0
177,7,middle,R Pant,LHB,top,A Rashid,spin,elite,seaming_track,174,0,19,4,6,1,0
177,8,middle,H Pandya,RHB,solid,R Jadeja,spin,good,seaming_track,174,0,25,5,1,1,0
178,1,powerplay,S Yadav,RHB,top,M Shami,pace,good,seaming_track,185,0,0,0,8,1,0
178,2,powerplay,D Padikkal,LHB,avg,A Rashid,spin,elite,seaming_track,185,0,8,1,4,0,0
178,3,powerplay,D Padikkal,LHB,avg,K Ahmed,pace,avg,seaming_track,185,6,12,1,3,0,0
178,4,powerplay,D Padikkal,LHB,avg,T Boult,pace,good,seaming_track,185,12,15,1,0,1,0
178,5,powerplay,V Kohli,RHB,top,Y Chahal,spin,good,seaming_track,185,0,15,2,2,1,1
178,6,powerplay,S Gill,RHB,solid,H Patel,pace,avg,seaming_track,185,0,17,3,5,0,0
178,7,middle,S Gill,RHB,solid,M Shami,pace,good,seaming_track,185,6,22,3,9,0,0
178,8,middle,S Gill,RHB,solid,A Rashid,spin,elite,seaming_track,185,12,31,3,3,1,0
178,9,middle,R Pant,LHB,top,K Ahmed,pace,avg,seaming_track,185,0,34,4,8,1,0
178,10,middle,N Pooran,LHB,top,T Boult,pace,good,seaming_track,185,0,42,5,4,1,0
179,1,powerplay,V Kohli,RHB,top,J Bumrah,pace,elite,slow_turner,167,0,0,0,4,0,0
179,2,powerplay,V Kohli,RHB,top,R Jadeja,spin,good,slow_turner,167,6,4,0,0,1,0
179,3,powerplay,H Pandya,RHB,solid,M Shami,pace,good,slow_turner,167,0,4,1,1,1,0
179,4,powerplay,R Pant,LHB,top,K Ahmed,pace,avg,slow_turner,167,0,5,2,8,0,0
179,5,powerplay,R Pant,LHB,top,T Boult,pace,good,slow_turner,167,6,13,2,9,1,0
179,6,powerplay,S Yadav,RHB,top,H Patel,pace,avg,slow_turner,167,0,22,3,7,0,1
179,7,middle,S Yadav,RHB,top,J Bumrah,pace,elite,slow_turner,167,6,29,3,5,1,0
179,8,middle,R Sharma,RHB,top,R Jadeja,spin,good,slow_turner,167,0,34,4,4,0,0
179,9,middle,R Sharma,RHB,top,M Shami,pace,good,slow_turner,167,6,38,4,11,0,0
179,10,middle,R Sharma,RHB,top,K Ahmed,pace,avg,slow_turner,167,12,49,4,11,0,1
179,11,middle,R Sharma,RHB,top,T Boult,pace,good,slow_turner,167,18,60,4,7,0,0
179,12,middle,R Sharma,RHB,top,H Patel,pace,avg,slow_turner,167,24,67,4,8,0,0
179,13,middle,R Sharma,RHB,top,J Bumrah,pace,elite,slow_turner,167,30,75,4,2,0,0
179,14,middle,R Sharma,RHB,top,R Jadeja,spin,good,slow_turner,167,36,77,4,11,0,0
179,15,middle,R Sharma,RHB,top,M Shami,pace,good,slow_turner,167,42,88,4,12,1,2
179,16,death,N Pooran,LHB,top,K Ahmed,pace,avg,slow_turner,167,0,100,5,7,1,0
180,1,powerplay,KL Rahul,RHB,solid,Y Chahal,spin,good,balanced,193,0,0,0,2,1,0
180,2,powerplay,R Parag,RHB,avg,T Boult,pace,good,balanced,193,0,2,1,2,1,0
180,3,powerplay,N Pooran,LHB,top,A Rashid,spin,elite,balanced,193,0,4,2,5,0,0
180,4,powerplay,N Pooran,LHB,top,K Ahmed,pace,avg,balanced,193,6,9,2,8,0,0
180,5,powerplay,N Pooran,LHB,top,J Bumrah,pace,elite,balanced,193,12,17,2,9,1,0
180,6,powerplay,S Yadav,RHB,top,M Shami,pace,good,balanced,193,0,26,3,7,0,0
180,7,middle,S Yadav,RHB,top,Y Chahal,spin,good,balanced,193,6,33,3,11,0,0
180,8,middle,S Yadav,RHB,top,T Boult,pace,good,balanced,193,12,44,3,6,1,1
180,9,middle,R Sharma,RHB,top,A Rashid,spin,elite,balanced,193,0,50,4,6,1,0
180,10,middle,D Padikkal,LHB,avg,K Ahmed,pace,avg,balanced,193,0,56,5,9,1,0
181,1,powerplay,D Padikkal,LHB,avg,A Rashid,spin,elite,balanced,171,0,0,0,3,1,0
181,2,powerplay,N Pooran,LHB,top,R Jadeja,spin,good,balanced,171,0,3,1,6,1,0
181,3,powerplay,R Sharma,RHB,top,J Bumrah,pace,elite,balanced,171,0,9,2,6,0,0
181,4,powerplay,R Sharma,RHB,top,Y Chahal,spin,good,balanced,171,6,15,2,1,0,0
181,5,powerplay,R Sharma,RHB,top,M Shami,pace,good,balanced,171,12,16,2,16,1,1
181,6,powerplay,KL Rahul,RHB,solid,H Patel,pace,avg,balanced,171,0,32,3,10,1,0
181,7,middle,R Parag,RHB,avg,A Rashid,spin,elite,balanced,171,0,42,4,5,1,0
181,8,middle,S Yadav,RHB,top,R Jadeja,spin,good,balanced,171,0,47,5,5,0,0
181,9,middle,S Yadav,RHB,top,J Bumrah,pace,elite,balanced,171,6,52,5,7,0,0
181,10,middle,S Yadav,RHB,top,Y Chahal,spin,good,balanced,171,12,59,5,12,0,1
181,11,middle,S Yadav,RHB,top,M Shami,pace,good,balanced,171,18,71,5,10,0,0
181,12,middle,S Yadav,RHB,top,H Patel,pace,avg,balanced,171,24,81,5,14,1,1
182,1,powerplay,V Kohli,RHB,top,H Patel,pace,avg,balanced,163,0,0,0,8,0,0
182,2,powerplay,V Kohli,RHB,top,M Shami,pace,good,balanced,163,6,8,0,6,1,1
182,3,powerplay,KL Rahul,RHB,solid,R Jadeja,spin,good,balanced,163,0,14,1,3,0,0
182,4,powerplay,KL Rahul,RHB,solid,K Ahmed,pace,avg,balanced,163,6,17,1,5,0,0
182,5,powerplay,KL Rahul,RHB,solid,T Boult,pace,good,balanced,163,12,22,1,9,0,0
182,6,powerplay,KL Rahul,RHB,solid,Y Chahal,spin,good,balanced,163,18,31,1,4,0,0
182,7,middle,KL Rahul,RHB,solid,H Patel,pace,avg,balanced,163,24,35,1,7,0,1
182,8,middle,KL Rahul,RHB,solid,M Shami,pace,good,balanced,163,30,42,1,7,1,1
182,9,middle,H Pandya,RHB,solid,R Jadeja,spin,good,balanced,163,0,49,2,3,0,0
182,10,middle,H Pandya,RHB,solid,K Ahmed,pace,avg,balanced,163,6,52,2,6,0,0
182,11,middle,H Pandya,RHB,solid,T Boult,pace,good,balanced,163,12,58,2,7,0,0
182,12,middle,H Pandya,RHB,solid,Y Chahal,spin,good,balanced,163,18,65,2,7,0,1
182,13,middle,H Pandya,RHB,solid,H Patel,pace,avg,balanced,163,24,72,2,9,1,0
182,14,middle,R Parag,RHB,avg,M Shami,pace,good,balanced,163,0,81,3,0,1,0
182,15,middle,S Yadav,RHB,top,R Jadeja,spin,good,balanced,163,0,81,4,3,0,0
182,16,death,S Yadav,RHB,top,K Ahmed,pace,avg,balanced,163,6,84,4,11,1,1
182,17,death,N Pooran,LHB,top,T Boult,pace,good,balanced,163,0,95,5,12,0,1
182,18,death,N Pooran,LHB,top,Y Chahal,spin,good,balanced,163,6,107,5,3,0,0
182,19,death,N Pooran,LHB,top,H Patel,pace,avg,balanced,163,12,110,5,19,1,1
183,1,powerplay,R Pant,LHB,top,T Boult,pace,good,slow_turner,131,0,0,0,6,0,1
183,2,powerplay,R Pant,LHB,top,H Patel,pace,avg,slow_turner,131,6,6,0,9,0,0
183,3,powerplay,R Pant,LHB,top,J Bumrah,pace,elite,slow_turner,131,12,15,0,8,0,0
183,4,powerplay,R Pant,LHB,top,Y Chahal,spin,good,slow_turner,131,18,23,0,5,0,0
183,5,powerplay,R Pant,LHB,top,A Rashid,spin,elite,slow_turner,131,24,28,0,16,0,1
183,6,powerplay,R Pant,LHB,top,R Jadeja,spin,good,slow_turner,131,30,44,0,7,1,0
183,7,middle,V Kohli,RHB,top,T Boult,pace,good,slow_turner,131,0,51,1,6,0,0
183,8,middle,V Kohli,RHB,top,H Patel,pace,avg,slow_turner,131,6,57,1,7,1,0
183,9,middle,R Sharma,RHB,top,J Bumrah,pace,elite,slow_turner,131,0,64,2,2,1,0
183,10,middle,H Pandya,RHB,solid,Y Chahal,spin,good,slow_turner,131,0,66,3,0,1,0
183,11,middle,D Padikkal,LHB,avg,A Rashid,spin,elite,slow_turner,131,0,66,4,2,0,0
183,12,middle,D Padikkal,LHB,avg,R Jadeja,spin,good,slow_turner,131,6,68,4,4,0,0
183,13,middle,D Padikkal,LHB,avg,T Boult,pace,good,slow_turner,131,12,72,4,2,0,0
183,14,middle,D Padikkal,LHB,avg,H Patel,pace,avg,slow_turner,131,18,74,4,4,0,0
183,15,middle,D Padikkal,LHB,avg,J Bumrah,pace,elite,slow_turner,131,24,78,4,1,1,1
183,16,death,KL Rahul,RHB,solid,Y Chahal,spin,good,slow_turner,131,0,79,5,4,1,0
184,1,powerplay,R Sharma,RHB,top,Y Chahal,spin,good,seaming_track,185,0,0,0,2,1,0
184,2,powerplay,R Pant,LHB,top,J Bumrah,pace,elite,seaming_track,185,0,2,1,5,1,0
184,3,powerplay,D Padikkal,LHB,avg,R Jadeja,spin,good,seaming_track,185,0,7,2,5,1,0
184,4,powerplay,S Gill,RHB,solid,M Shami,pace,good,seaming_track,185,0,12,3,4,1,0
184,5,powerplay,V Kohli,RHB,top,H Patel,pace,avg,seaming_track,185,0,16,4,14,0,2
184,6,powerplay,V Kohli,RHB,top,K Ahmed,pace,avg,seaming_track,185,6,30,4,4,0,0
184,7,middle,V Kohli,RHB,top,Y Chahal,spin,good,seaming_track,185,12,34,4,2,0,1
184,8,middle,V Kohli,RHB,top,J Bumrah,pace,elite,seaming_track,185,18,36,4,7,0,0
184,9,middle,V Kohli,RHB,top,R Jadeja,spin,good,seaming_track,185,24,43,4,4,0,0
184,10,middle,V Kohli,RHB,top,M Shami,pace,good,seaming_track,185,30,47,4,8,0,0
184,11,middle,V Kohli,RHB,top,H Patel,pace,avg,seaming_track,185,36,55,4,7,1,1
184,12,middle,S Yadav,RHB,top,K Ahmed,pace,avg,seaming_track,185,0,62,5,8,1,0
185,1,powerplay,N Pooran,LHB,top,J Bumrah,pace,elite,batting_paradise,147,0,0,0,7,0,0
185,2,powerplay,N Pooran,LHB,top,T Boult,pace,good,batting_paradise,147,6,7,0,11,1,0
185,3,powerplay,S Gill,RHB,solid,M Shami,pace,good,batting_paradise,147,0,18,1,7,0,0
185,4,powerplay,S Gill,RHB,solid,K Ahmed,pace,avg,batting_paradise,147,6,25,1,5,0,0
185,5,powerplay,S Gill,RHB,solid,Y Chahal,spin,good,batting_paradise,147,12,30,1,12,0,1
185,6,powerplay,S Gill,RHB,solid,R Jadeja,spin,good,batting_paradise,147,18,42,1,8,0,0
185,7,middle,S Gill,RHB,solid,J Bumrah,pace,elite,batting_paradise,147,24,50,1,7,1,1
185,8,middle,V Kohli,RHB,top,T Boult,pace,good,batting_paradise,147,0,57,2,11,0,0
185,9,middle,V Kohli,RHB,top,M Shami,pace,good,batting_paradise,147,6,68,2,7,0,1
185,10,middle,V Kohli,RHB,top,K Ahmed,pace,avg,batting_paradise,147,12,75,2,18,0,1
185,11,middle,V Kohli,RHB,top,Y Chahal,spin,good,batting_paradise,147,18,93,2,14,0,1
185,12,middle,V Kohli,RHB,top,R Jadeja,spin,good,batting_paradise,147,24,107,2,11,0,0
185,13,middle,V Kohli,RHB,top,J Bumrah,pace,elite,batting_paradise,147,30,118,2,12,0,1
185,14,middle,V Kohli,RHB,top,T Boult,pace,good,batting_paradise,147,36,130,2,12,0,2
185,15,middle,V Kohli,RHB,top,M Shami,pace,good,batting_paradise,147,42,142,2,9,1,0
185,16,death,H Pandya,RHB,solid,K Ahmed,pace,avg,batting_paradise,147,0,151,3,11,1,0
185,17,death,R Pant,LHB,top,Y Chahal,spin,good,batting_paradise,147,0,162,4,14,0,2
185,18,death,R Pant,LHB,top,R Jadeja,spin,good,batting_paradise,147,6,176,4,8,1,0
185,19,death,R Parag,RHB,avg,J Bumrah,pace,elite,batting_paradise,147,0,184,5,2,1,0
186,1,powerplay,S Gill,RHB,solid,K Ahmed,pace,avg,balanced,175,0,0,0,8,1,0
186,2,powerplay,R Sharma,RHB,top,J Bumrah,pace,elite,balanced,175,0,8,1,5,1,0
186,3,powerplay,N Pooran,LHB,top,R Jadeja,spin,good,balanced,175,0,13,2,2,0,0
186,4,powerplay,N Pooran,LHB,top,Y Chahal,spin,good,balanced,175,6,15,2,5,1,0
186,5,powerplay,R Pant,LHB,top,T Boult,pace,good,balanced,175,0,20,3,8,1,1
186,6,powerplay,S Yadav,RHB,top,M Shami,pace,good,balanced,175,0,28,4,8,0,0
186,7,middle,S Yadav,RHB,top,K Ahmed,pace,avg,balanced,175,6,36,4,12,0,1
186,8,middle,S Yadav,RHB,top,J Bumrah,pace,elite,balanced,175,12,48,4,8,0,0
186,9,middle,S Yadav,RHB,top,R Jadeja,spin,good,balanced,175,18,56,4,7,0,0
186,10,middle,S Yadav,RHB,top,Y Chahal,spin,good,balanced,175,24,63,4,13,0,1
186,11,middle,S Yadav,RHB,top,T Boult,pace,good,balanced,175,30,76,4,6,1,1
186,12,middle,KL Rahul,RHB,solid,M Shami,pace,good,balanced,175,0,82,5,3,1,0
187,1,powerplay,D Padikkal,LHB,avg,M Shami,pace,good,balanced,141,0,0,0,0,1,0
187,2,powerplay,R Sharma,RHB,top,H Patel,pace,avg,balanced,141,0,0,1,11,1,1
187,3,powerplay,R Parag,RHB,avg,J Bumrah,pace,elite,balanced,141,0,11,2,5,1,0
187,4,powerplay,V Kohli,RHB,top,Y Chahal,spin,good,balanced,141,0,16,3,5,0,0
187,5,powerplay,V Kohli,RHB,top,T Boult,pace,good,balanced,141,6,21,3,8,0,0
187,6,powerplay,V Kohli,RHB,top,K Ahmed,pace,avg,balanced,141,12,29,3,10,0,1
187,7,middle,V Kohli,RHB,top,M Shami,pace,good,balanced,141,18,39,3,9,0,0
187,8,middle,V Kohli,RHB,top,H Patel,pace,avg,balanced,141,24,48,3,13,0,1
187,9,middle,V Kohli,RHB,top,J Bumrah,pace,elite,balanced,141,30,61,3,8,0,0
187,10,middle,V Kohli,RHB,top,Y Chahal,spin,good,balanced,141,36,69,3,9,0,0
187,11,middle,V Kohli,RHB,top,T Boult,pace,good,balanced,141,42,78,3,9,0,0
187,12,middle,V Kohli,RHB,top,K Ahmed,pace,avg,balanced,141,48,87,3,8,0,1
187,13,middle,V Kohli,RHB,top,M Shami,pace,good,balanced,141,54,95,3,12,1,1
187,14,middle,R Pant,LHB,top,H Patel,pace,avg,balanced,141,0,107,4,9,1,0
187,15,middle,S Yadav,RHB,top,J Bumrah,pace,elite,balanced,141,0,116,5,5,0,0
187,16,death,S Yadav,RHB,top,Y Chahal,spin,good,balanced,141,6,121,5,9,1,0
188,1,powerplay,D Padikkal,LHB,avg,K Ahmed,pace,avg,balanced,175,0,0,0,7,0,0
188,2,powerplay,D Padikkal,LHB,avg,H Patel,pace,avg,balanced,175,6,7,0,6,0,0
188,3,powerplay,D Padikkal,LHB,avg,Y Chahal,spin,good,balanced,175,12,13,0,5,1,0
188,4,powerplay,KL Rahul,RHB,solid,A Rashid,spin,elite,balanced,175,0,18,1,1,0,0
188,5,powerplay,KL Rahul,RHB,solid,R Jadeja,spin,good,balanced,175,6,19,1,4,0,0
188,6,powerplay,KL Rahul,RHB,solid,T Boult,pace,good,balanced,175,12,23,1,8,0,0
188,7,middle,KL Rahul,RHB,solid,K Ahmed,pace,avg,balanced,175,18,31,1,11,0,0
188,8,middle,KL Rahul,RHB,solid,H Patel,pace,avg,balanced,175,24,42,1,13,0,2
188,9,middle,KL Rahul,RHB,solid,Y Chahal,spin,good,balanced,175,30,55,1,8,0,0
188,10,middle,KL Rahul,RHB,solid,A Rashid,spin,elite,balanced,175,36,63,1,9,0,0
188,11,middle,KL Rahul,RHB,solid,R Jadeja,spin,good,balanced,175,42,72,1,6,0,0
188,12,middle,KL Rahul,RHB,solid,T Boult,pace,good,balanced,175,48,78,1,10,0,0
188,13,middle,KL Rahul,RHB,solid,K Ahmed,pace,avg,balanced,175,54,88,1,9,0,0
188,14,middle,KL Rahul,RHB,solid,H Patel,pace,avg,balanced,175,60,97,1,11,0,1
188,15,middle,KL Rahul,RHB,solid,Y Chahal,spin,good,balanced,175,66,108,1,5,0,0
188,16,death,KL Rahul,RHB,solid,A Rashid,spin,elite,balanced,175,72,113,1,5,0,1
188,17,death,KL Rahul,RHB,solid,R Jadeja,spin,good,balanced,175,78,118,1,8,0,0
188,18,death,KL Rahul,RHB,solid,T Boult,pace,good,balanced,175,84,126,1,8,1,0
188,19,death,R Sharma,RHB,top,K Ahmed,pace,avg,balanced,175,0,134,2,6,1,0
188,20,death,N Pooran,LHB,top,H Patel,pace,avg,balanced,175,0,140,3,10,0,0
189,1,powerplay,R Pant,LHB,top,M Shami,pace,good,balanced,163,0,0,0,6,0,0
189,2,powerplay,R Pant,LHB,top,K Ahmed,pace,avg,balanced,163,6,6,0,7,0,0
189,3,powerplay,R Pant,LHB,top,Y Chahal,spin,good,balanced,163,12,13,0,12,0,2
189,4,powerplay,R Pant,LHB,top,A Rashid,spin,elite,balanced,163,18,25,0,5,0,1
189,5,powerplay,R Pant,LHB,top,T Boult,pace,good,balanced,163,24,30,0,8,0,0
189,6,powerplay,R Pant,LHB,top,H Patel,pace,avg,balanced,163,30,38,0,18,0,1
189,7,middle,R Pant,LHB,top,M Shami,pace,good,balanced,163,36,56,0,10,0,0
189,8,middle,R Pant,LHB,top,K Ahmed,pace,avg,balanced,163,42,66,0,16,0,1
189,9,middle,R Pant,LHB,top,Y Chahal,spin,good,balanced,163,48,82,0,7,0,1
189,10,middle,R Pant,LHB,top,A Rashid,spin,elite,balanced,163,54,89,0,4,1,0
189,11,middle,N Pooran,LHB,top,T Boult,pace,good,balanced,163,0,93,1,8,0,0
189,12,middle,N Pooran,LHB,top,H Patel,pace,avg,balanced,163,6,101,1,6,0,0
189,13,middle,N Pooran,LHB,top,M Shami,pace,good,balanced,163,12,107,1,11,0,0
189,14,middle,N Pooran,LHB,top,K Ahmed,pace,avg,balanced,163,18,118,1,10,0,1
189,15,middle,N Pooran,LHB,top,Y Chahal,spin,good,balanced,163,24,128,1,2,1,0
189,16,death,D Padikkal,LHB,avg,A Rashid,spin,elite,balanced,163,0,130,2,6,1,0
189,17,death,R Sharma,RHB,top,T Boult,pace,good,balanced,163,0,136,3,5,1,0
189,18,death,S Gill,RHB,solid,H Patel,pace,avg,balanced,163,0,141,4,4,1,0
189,19,death,R Parag,RHB,avg,M Shami,pace,good,balanced,163,0,145,5,8,1,0
190,1,powerplay,KL Rahul,RHB,solid,J Bumrah,pace,elite,slow_turner,160,0,0,0,5,1,0
190,2,powerplay,R Sharma,RHB,top,H Patel,pace,avg,slow_turner,160,0,5,1,2,0,0
190,3,powerplay,R Sharma,RHB,top,M Shami,pace,good,slow_turner,160,6,7,1,0,1,0
190,4,powerplay,S Gill,RHB,solid,Y Chahal,spin,good,slow_turner,160,0,7,2,3,0,0
190,5,powerplay,S Gill,RHB,solid,T Boult,pace,good,slow_turner,160,6,10,2,3,1,1
190,6,powerplay,R Pant,LHB,top,A Rashid,spin,elite,slow_turner,160,0,13,3,1,1,0
190,7,middle,N Pooran,LHB,top,J Bumrah,pace,elite,slow_turner,160,0,14,4,5,0,0
190,8,middle,N Pooran,LHB,top,H Patel,pace,avg,slow_turner,160,6,19,4,4,0,0
190,9,middle,N Pooran,LHB,top,M Shami,pace,good,slow_turner,160,12,23,4,4,1,0
190,10,middle,H Pandya,RHB,solid,Y Chahal,spin,good,slow_turner,160,0,27,5,1,0,0
190,11,middle,H Pandya,RHB,solid,T Boult,pace,good,slow_turner,160,6,28,5,5,1,1
191,1,powerplay,R Parag,RHB,avg,J Bumrah,pace,elite,batting_paradise,174,0,0,0,4,0,0
191,2,powerplay,R Parag,RHB,avg,Y Chahal,spin,good,batting_paradise,174,6,4,0,6,0,1
191,3,powerplay,R Parag,RHB,avg,M Shami,pace,good,batting_paradise,174,12,10,0,13,0,1
191,4,powerplay,R Parag,RHB,avg,T Boult,pace,good,batting_paradise,174,18,23,0,10,0,1
191,5,powerplay,R Parag,RHB,avg,A Rashid,spin,elite,batting_paradise,174,24,33,0,5,0,0
191,6,powerplay,R Parag,RHB,avg,R Jadeja,spin,good,batting_paradise,174,30,38,0,10,0,1
191,7,middle,R Parag,RHB,avg,J Bumrah,pace,elite,batting_paradise,174,36,48,0,2,1,0
191,8,middle,N Pooran,LHB,top,Y Chahal,spin,good,batting_paradise,174,0,50,1,12,0,1
191,9,middle,N Pooran,LHB,top,M Shami,pace,good,batting_paradise,174,6,62,1,8,0,0
191,10,middle,N Pooran,LHB,top,T Boult,pace,good,batting_paradise,174,12,70,1,9,0,0
191,11,middle,N Pooran,LHB,top,A Rashid,spin,elite,batting_paradise,174,18,79,1,14,0,1
191,12,middle,N Pooran,LHB,top,R Jadeja,spin,good,batting_paradise,174,24,93,1,9,0,1
191,13,middle,N Pooran,LHB,top,J Bumrah,pace,elite,batting_paradise,174,30,102,1,15,0,1
191,14,middle,N Pooran,LHB,top,Y Chahal,spin,good,batting_paradise,174,36,117,1,10,0,1
191,15,middle,N Pooran,LHB,top,M Shami,pace,good,batting_paradise,174,42,127,1,10,0,0
191,16,death,N Pooran,LHB,top,T Boult,pace,good,batting_paradise,174,48,137,1,13,0,1
191,17,death,N Pooran,LHB,top,A Rashid,spin,elite,batting_paradise,174,54,150,1,17,0,1
191,18,death,N Pooran,LHB,top,R Jadeja,spin,good,batting_paradise,174,60,167,1,9,1,0
191,19,death,R Sharma,RHB,top,J Bumrah,pace,elite,batting_paradise,174,0,176,2,13,1,1
191,20,death,KL Rahul,RHB,solid,Y Chahal,spin,good,batting_paradise,174,0,189,3,8,1,0
192,1,powerplay,KL Rahul,RHB,solid,T Boult,pace,good,balanced,172,0,0,0,6,0,0
192,2,powerplay,KL Rahul,RHB,solid,H Patel,pace,avg,balanced,172,6,6,0,8,0,1
192,3,powerplay,KL Rahul,RHB,solid,Y Chahal,spin,good,balanced,172,12,14,0,10,1,0
192,4,powerplay,S Gill,RHB,solid,K Ahmed,pace,avg,balanced,172,0,24,1,3,0,0
192,5,powerplay,S Gill,RHB,solid,R Jadeja,spin,good,balanced,172,6,27,1,4,0,0
192,6,powerplay,S Gill,RHB,solid,A Rashid,spin,elite,balanced,172,12,31,1,10,0,0
192,7,middle,S Gill,RHB,solid,T Boult,pace,good,balanced,172,18,41,1,7,0,0
192,8,middle,S Gill,RHB,solid,H Patel,pace,avg,balanced,172,24,48,1,10,0,0
192,9,middle,S Gill,RHB,solid,Y Chahal,spin,good,balanced,172,30,58,1,9,0,0
192,10,middle,S Gill,RHB,solid,K Ahmed,pace,avg,balanced,172,36,67,1,15,0,1
192,11,middle,S Gill,RHB,solid,R Jadeja,spin,good,balanced,172,42,82,1,7,0,0
192,12,middle,S Gill,RHB,solid,A Rashid,spin,elite,balanced,172,48,89,1,7,1,0
192,13,middle,D Padikkal,LHB,avg,T Boult,pace,good,balanced,172,0,96,2,5,0,0
192,14,middle,D Padikkal,LHB,avg,H Patel,pace,avg,balanced,172,6,101,2,2,1,0
192,15,middle,V Kohli,RHB,top,Y Chahal,spin,good,balanced,172,0,103,3,4,0,0
192,16,death,V Kohli,RHB,top,K Ahmed,pace,avg,balanced,172,6,107,3,3,1,1
192,17,death,S Yadav,RHB,top,R Jadeja,spin,good,balanced,172,0,110,4,9,1,1
192,18,death,R Pant,LHB,top,A Rashid,spin,elite,balanced,172,0,119,5,4,0,0
192,19,death,R Pant,LHB,top,T Boult,pace,good,balanced,172,6,123,5,11,1,1
193,1,powerplay,S Yadav,RHB,top,R Jadeja,spin,good,batting_paradise,153,0,0,0,10,0,0
193,2,powerplay,S Yadav,RHB,top,J Bumrah,pace,elite,batting_paradise,153,6,10,0,11,0,0
193,3,powerplay,S Yadav,RHB,top,M Shami,pace,good,batting_paradise,153,12,21,0,12,0,1
193,4,powerplay,S Yadav,RHB,top,Y Chahal,spin,good,batting_paradise,153,18,33,0,8,0,0
193,5,powerplay,S Yadav,RHB,top,H Patel,pace,avg,batting_paradise,153,24,41,0,23,1,2
193,6,powerplay,N Pooran,LHB,top,K Ahmed,pace,avg,batting_paradise,153,0,64,1,18,0,2
193,7,middle,N Pooran,LHB,top,R Jadeja,spin,good,batting_paradise,153,6,82,1,6,0,0
193,8,middle,N Pooran,LHB,top,J Bumrah,pace,elite,batting_paradise,153,12,88,1,13,0,1
193,9,middle,N Pooran,LHB,top,M Shami,pace,good,batting_paradise,153,18,101,1,15,0,1
193,10,middle,N Pooran,LHB,top,Y Chahal,spin,good,batting_paradise,153,24,116,1,11,0,0
193,11,middle,N Pooran,LHB,top,H Patel,pace,avg,batting_paradise,153,30,127,1,18,0,1
193,12,middle,N Pooran,LHB,top,K Ahmed,pace,avg,batting_paradise,153,36,145,1,25,0,1
193,13,middle,N Pooran,LHB,top,R Jadeja,spin,good,batting_paradise,153,42,170,1,9,0,1
193,14,middle,N Pooran,LHB,top,J Bumrah,pace,elite,batting_paradise,153,48,179,1,17,0,1
193,15,middle,N Pooran,LHB,top,M Shami,pace,good,batting_paradise,153,54,196,1,8,0,0
193,16,death,N Pooran,LHB,top,Y Chahal,spin,good,batting_paradise,153,60,204,1,8,0,1
193,17,death,N Pooran,LHB,top,H Patel,pace,avg,batting_paradise,153,66,212,1,22,1,1
193,18,death,D Padikkal,LHB,avg,K Ahmed,pace,avg,batting_paradise,153,0,234,2,6,0,0
193,19,death,D Padikkal,LHB,avg,R Jadeja,spin,good,batting_paradise,153,6,240,2,6,0,0
193,20,death,D Padikkal,LHB,avg,J Bumrah,pace,elite,batting_paradise,153,12,246,2,4,1,0
194,1,powerplay,H Pandya,RHB,solid,Y Chahal,spin,good,batting_paradise,187,0,0,0,5,1,0
194,2,powerplay,N Pooran,LHB,top,H Patel,pace,avg,batting_paradise,187,0,5,1,14,1,2
194,3,powerplay,V Kohli,RHB,top,A Rashid,spin,elite,batting_paradise,187,0,19,2,7,1,0
194,4,powerplay,R Sharma,RHB,top,J Bumrah,pace,elite,batting_paradise,187,0,26,3,11,0,0
194,5,powerplay,R Sharma,RHB,top,T Boult,pace,good,batting_paradise,187,6,37,3,6,1,0
194,6,powerplay,D Padikkal,LHB,avg,M Shami,pace,good,batting_paradise,187,0,43,4,7,0,0
194,7,middle,D Padikkal,LHB,avg,Y Chahal,spin,good,batting_paradise,187,6,50,4,8,0,0
194,8,middle,D Padikkal,LHB,avg,H Patel,pace,avg,batting_paradise,187,12,58,4,10,0,0
194,9,middle,D Padikkal,LHB,avg,A Rashid,spin,elite,batting_paradise,187,18,68,4,4,0,0
194,10,middle,D Padikkal,LHB,avg,J Bumrah,pace,elite,batting_paradise,187,24,72,4,8,0,0
194,11,middle,D Padikkal,LHB,avg,T Boult,pace,good,batting_paradise,187,30,80,4,6,0,0
194,12,middle,D Padikkal,LHB,avg,M Shami,pace,good,batting_paradise,187,36,86,4,6,0,0
194,13,middle,D Padikkal,LHB,avg,Y Chahal,spin,good,batting_paradise,187,42,92,4,6,0,0
194,14,middle,D Padikkal,LHB,avg,H Patel,pace,avg,batting_paradise,187,48,98,4,13,0,1
194,15,middle,D Padikkal,LHB,avg,A Rashid,spin,elite,batting_paradise,187,54,111,4,3,0,0
194,16,death,D Padikkal,LHB,avg,J Bumrah,pace,elite,batting_paradise,187,60,114,4,2,1,0
194,17,death,KL Rahul,RHB,solid,T Boult,pace,good,batting_paradise,187,0,116,5,1,1,0
195,1,powerplay,S Gill,RHB,solid,A Rashid,spin,elite,batting_paradise,124,0,0,0,3,0,0
195,2,powerplay,S Gill,RHB,solid,R Jadeja,spin,good,batting_paradise,124,6,3,0,9,0,0
195,3,powerplay,S Gill,RHB,solid,T Boult,pace,good,batting_paradise,124,12,12,0,9,1,0
195,4,powerplay,H Pandya,RHB,solid,J Bumrah,pace,elite,batting_paradise,124,0,21,1,5,0,0
195,5,powerplay,H Pandya,RHB,solid,K Ahmed,pace,avg,batting_paradise,124,6,26,1,6,0,0
195,6,powerplay,H Pandya,RHB,solid,Y Chahal,spin,good,batting_paradise,124,12,32,1,8,0,0
195,7,middle,H Pandya,RHB,solid,A Rashid,spin,elite,batting_paradise,124,18,40,1,4,1,0
195,8,middle,KL Rahul,RHB,solid,R Jadeja,spin,good,batting_paradise,124,0,44,2,7,0,0
195,9,middle,KL Rahul,RHB,solid,T Boult,pace,good,batting_paradise,124,6,51,2,8,0,1
195,10,middle,KL Rahul,RHB,solid,J Bumrah,pace,elite,batting_paradise,124,12,59,2,7,0,0
195,11,middle,KL Rahul,RHB,solid,K Ahmed,pace,avg,batting_paradise,124,18,66,2,10,0,1
195,12,middle,KL Rahul,RHB,solid,Y Chahal,spin,good,batting_paradise,124,24,76,2,13,1,1
195,13,middle,S Yadav,RHB,top,A Rashid,spin,elite,batting_paradise,124,0,89,3,0,1,0
195,14,middle,D Padikkal,LHB,avg,R Jadeja,spin,good,batting_paradise,124,0,89,4,6,0,0
195,15,middle,D Padikkal,LHB,avg,T Boult,pace,good,batting_paradise,124,6,95,4,2,1,0
195,16,death,R Parag,RHB,avg,J Bumrah,pace,elite,batting_paradise,124,0,97,5,0,1,0
196,1,powerplay,V Kohli,RHB,top,K Ahmed,pace,avg,batting_paradise,161,0,0,0,13,0,2
196,2,powerplay,V Kohli,RHB,top,H Patel,pace,avg,batting_paradise,161,6,13,0,11,1,0
196,3,powerplay,R Parag,RHB,avg,M Shami,pace,good,batting_paradise,161,0,24,1,4,0,0
196,4,powerplay,R Parag,RHB,avg,T Boult,pace,good,batting_paradise,161,6,28,1,3,0,1
196,5,powerplay,R Parag,RHB,avg,J Bumrah,pace,elite,batting_paradise,161,12,31,1,10,0,0
196,6,powerplay,R Parag,RHB,avg,Y Chahal,spin,good,batting_paradise,161,18,41,1,13,0,1
196,7,middle,R Parag,RHB,avg,K Ahmed,pace,avg,batting_paradise,161,24,54,1,11,0,1
196,8,middle,R Parag,RHB,avg,H Patel,pace,avg,batting_paradise,161,30,65,1,9,0,0
196,9,middle,R Parag,RHB,avg,M Shami,pace,good,batting_paradise,161,36,74,1,4,1,0
196,10,middle,R Pant,LHB,top,T Boult,pace,good,batting_paradise,161,0,78,2,6,1,1
196,11,middle,KL Rahul,RHB,solid,J Bumrah,pace,elite,batting_paradise,161,0,84,3,8,1,0
196,12,middle,D Padikkal,LHB,avg,Y Chahal,spin,good,batting_paradise,161,0,92,4,2,0,0
196,13,middle,D Padikkal,LHB,avg,K Ahmed,pace,avg,batting_paradise,161,6,94,4,3,0,0
196,14,middle,D Padikkal,LHB,avg,H Patel,pace,avg,batting_paradise,161,12,97,4,0,1,0
196,15,middle,S Gill,RHB,solid,M Shami,pace,good,batting_paradise,161,0,97,5,6,0,0
196,16,death,S Gill,RHB,solid,T Boult,pace,good,batting_paradise,161,6,103,5,6,0,0
196,17,death,S Gill,RHB,solid,J Bumrah,pace,elite,batting_paradise,161,12,109,5,15,0,1
196,18,death,S Gill,RHB,solid,Y Chahal,spin,good,batting_paradise,161,18,124,5,10,1,0
197,1,powerplay,V Kohli,RHB,top,A Rashid,spin,elite,balanced,173,0,0,0,6,0,0
197,2,powerplay,V Kohli,RHB,top,R Jadeja,spin,good,balanced,173,6,6,0,8,0,0
197,3,powerplay,V Kohli,RHB,top,Y Chahal,spin,good,balanced,173,12,14,0,7,0,1
197,4,powerplay,V Kohli,RHB,top,H Patel,pace,avg,balanced,173,18,21,0,13,0,1
197,5,powerplay,V Kohli,RHB,top,T Boult,pace,good,balanced,173,24,34,0,3,0,1
197,6,powerplay,V Kohli,RHB,top,K Ahmed,pace,avg,balanced,173,30,37,0,16,0,2
197,7,middle,V Kohli,RHB,top,A Rashid,spin,elite,balanced,173,36,53,0,11,0,0
197,8,middle,V Kohli,RHB,top,R Jadeja,spin,good,balanced,173,42,64,0,7,1,0
197,9,middle,S Gill,RHB,solid,Y Chahal,spin,good,balanced,173,0,71,1,2,0,0
197,10,middle,S Gill,RHB,solid,H Patel,pace,avg,balanced,173,6,73,1,5,0,0
197,11,middle,S Gill,RHB,solid,T Boult,pace,good,balanced,173,12,78,1,7,0,0
197,12,middle,S Gill,RHB,solid,K Ahmed,pace,avg,balanced,173,18,85,1,7,0,0
197,13,middle,S Gill,RHB,solid,A Rashid,spin,elite,balanced,173,24,92,1,6,0,0
197,14,middle,S Gill,RHB,solid,R Jadeja,spin,good,balanced,173,30,98,1,7,0,0
197,15,middle,S Gill,RHB,solid,Y Chahal,spin,good,balanced,173,36,105,1,10,0,0
197,16,death,S Gill,RHB,solid,H Patel,pace,avg,balanced,173,42,115,1,10,1,0
197,17,death,R Pant,LHB,top,T Boult,pace,good,balanced,173,0,125,2,8,0,0
197,18,death,R Pant,LHB,top,K Ahmed,pace,avg,balanced,173,6,133,2,12,0,2
197,19,death,R Pant,LHB,top,A Rashid,spin,elite,balanced,173,12,145,2,13,1,1
197,20,death,D Padikkal,LHB,avg,R Jadeja,spin,good,balanced,173,0,158,3,5,0,1
198,1,powerplay,S Yadav,RHB,top,M Shami,pace,good,seaming_track,138,0,0,0,6,0,0
198,2,powerplay,S Yadav,RHB,top,K Ahmed,pace,avg,seaming_track,138,6,6,0,9,0,0
198,3,powerplay,S Yadav,RHB,top,R Jadeja,spin,good,seaming_track,138,12,15,0,6,1,0
198,4,powerplay,S Gill,RHB,solid,Y Chahal,spin,good,seaming_track,138,0,21,1,9,1,0
198,5,powerplay,V Kohli,RHB,top,A Rashid,spin,elite,seaming_track,138,0,30,2,0,1,0
198,6,powerplay,R Sharma,RHB,top,H Patel,pace,avg,seaming_track,138,0,30,3,6,0,0
198,7,middle,R Sharma,RHB,top,M Shami,pace,good,seaming_track,138,6,36,3,7,0,0
198,8,middle,R Sharma,RHB,top,K Ahmed,pace,avg,seaming_track,138,12,43,3,7,0,0
198,9,middle,R Sharma,RHB,top,R Jadeja,spin,good,seaming_track,138,18,50,3,6,0,0
198,10,middle,R Sharma,RHB,top,Y Chahal,spin,good,seaming_track,138,24,56,3,6,0,0
198,11,middle,R Sharma,RHB,top,A Rashid,spin,elite,seaming_track,138,30,62,3,5,1,0
198,12,middle,D Padikkal,LHB,avg,H Patel,pace,avg,seaming_track,138,0,67,4,1,1,0
198,13,middle,R Pant,LHB,top,M Shami,pace,good,seaming_track,138,0,68,5,3,0,0
198,14,middle,R Pant,LHB,top,K Ahmed,pace,avg,seaming_track,138,6,71,5,3,0,0
198,15,middle,R Pant,LHB,top,R Jadeja,spin,good,seaming_track,138,12,74,5,5,1,1
199,1,powerplay,R Parag,RHB,avg,A Rashid,spin,elite,balanced,159,0,0,0,1,1,0
199,2,powerplay,R Sharma,RHB,top,R Jadeja,spin,good,balanced,159,0,1,1,4,0,0
199,3,powerplay,R Sharma,RHB,top,T Boult,pace,good,balanced,159,6,5,1,9,0,0
199,4,powerplay,R Sharma,RHB,top,K Ahmed,pace,avg,balanced,159,12,14,1,12,0,1
199,5,powerplay,R Sharma,RHB,top,J Bumrah,pace,elite,balanced,159,18,26,1,5,0,0
199,6,powerplay,R Sharma,RHB,top,Y Chahal,spin,good,balanced,159,24,31,1,8,0,0
199,7,middle,R Sharma,RHB,top,A Rashid,spin,elite,balanced,159,30,39,1,7,0,0
199,8,middle,R Sharma,RHB,top,R Jadeja,spin,good,balanced,159,36,46,1,6,0,0
199,9,middle,R Sharma,RHB,top,T Boult,pace,good,balanced,159,42,52,1,11,0,0
199,10,middle,R Sharma,RHB,top,K Ahmed,pace,avg,balanced,159,48,63,1,7,1,0
199,11,middle,KL Rahul,RHB,solid,J Bumrah,pace,elite,balanced,159,0,70,2,3,1,0
199,12,middle,V Kohli,RHB,top,Y Chahal,spin,good,balanced,159,0,73,3,7,0,0
199,13,middle,V Kohli,RHB,top,A Rashid,spin,elite,balanced,159,6,80,3,4,1,0
199,14,middle,D Padikkal,LHB,avg,R Jadeja,spin,good,balanced,159,0,84,4,3,0,0
199,15,middle,D Padikkal,LHB,avg,T Boult,pace,good,balanced,159,6,87,4,2,1,0
199,16,death,S Gill,RHB,solid,K Ahmed,pace,avg,balanced,159,0,89,5,15,0,1
199,17,death,S Gill,RHB,solid,J Bumrah,pace,elite,balanced,159,6,104,5,4,0,0
199,18,death,S Gill,RHB,solid,Y Chahal,spin,good,balanced,159,12,108,5,12,0,1
199,19,death,S Gill,RHB,solid,A Rashid,spin,elite,balanced,159,18,120,5,8,1,0
200,1,powerplay,R Sharma,RHB,top,M Shami,pace,good,slow_turner,157,0,0,0,4,1,0
200,2,powerplay,H Pandya,RHB,solid,A Rashid,spin,elite,slow_turner,157,0,4,1,8,0,0
200,3,powerplay,H Pandya,RHB,solid,H Patel,pace,avg,slow_turner,157,6,12,1,6,0,0
200,4,powerplay,H Pandya,RHB,solid,K Ahmed,pace,avg,slow_turner,157,12,18,1,10,0,0
200,5,powerplay,H Pandya,RHB,solid,J Bumrah,pace,elite,slow_turner,157,18,28,1,6,1,0
200,6,powerplay,KL Rahul,RHB,solid,Y Chahal,spin,good,slow_turner,157,0,34,2,3,0,0
200,7,middle,KL Rahul,RHB,solid,M Shami,pace,good,slow_turner,157,6,37,2,4,0,0
200,8,middle,KL Rahul,RHB,solid,A Rashid,spin,elite,slow_turner,157,12,41,2,4,1,0
200,9,middle,D Padikkal,LHB,avg,H Patel,pace,avg,slow_turner,157,0,45,3,4,1,0
200,10,middle,N Pooran,LHB,top,K Ahmed,pace,avg,slow_turner,157,0,49,4,10,0,0
200,11,middle,N Pooran,LHB,top,J Bumrah,pace,elite,slow_turner,157,6,59,4,2,0,0
200,12,middle,N Pooran,LHB,top,Y Chahal,spin,good,slow_turner,157,12,61,4,8,0,0
200,13,middle,N Pooran,LHB,top,M Shami,pace,good,slow_turner,157,18,69,4,4,0,0
200,14,middle,N Pooran,LHB,top,A Rashid,spin,elite,slow_turner,157,24,73,4,9,1,0
200,15,middle,V Kohli,RHB,top,H Patel,pace,avg,slow_turner,157,0,82,5,6,1,0
201,1,powerplay,H Pandya,RHB,solid,J Bumrah,pace,elite,balanced,169,0,0,0,4,0,0
201,2,powerplay,H Pandya,RHB,solid,Y Chahal,spin,good,balanced,169,6,4,0,5,0,0
201,3,powerplay,H Pandya,RHB,solid,T Boult,pace,good,balanced,169,12,9,0,6,0,0
201,4,powerplay,H Pandya,RHB,solid,H Patel,pace,avg,balanced,169,18,15,0,11,0,0
201,5,powerplay,H Pandya,RHB,solid,K Ahmed,pace,avg,balanced,169,24,26,0,13,1,2
201,6,powerplay,R Parag,RHB,avg,A Rashid,spin,elite,balanced,169,0,39,1,0,1,0
201,7,middle,S Yadav,RHB,top,J Bumrah,pace,elite,balanced,169,0,39,2,7,1,0
201,8,middle,D Padikkal,LHB,avg,Y Chahal,spin,good,balanced,169,0,46,3,7,1,0
201,9,middle,R Sharma,RHB,top,T Boult,pace,good,balanced,169,0,53,4,6,0,0
201,10,middle,R Sharma,RHB,top,H Patel,pace,avg,balanced,169,6,59,4,8,0,1
201,11,middle,R Sharma,RHB,top,K Ahmed,pace,avg,balanced,169,12,67,4,14,0,1
201,12,middle,R Sharma,RHB,top,A Rashid,spin,elite,balanced,169,18,81,4,4,0,0
201,13,middle,R Sharma,RHB,top,J Bumrah,pace,elite,balanced,169,24,85,4,7,0,0
201,14,middle,R Sharma,RHB,top,Y Chahal,spin,good,balanced,169,30,92,4,6,1,0
201,15,middle,KL Rahul,RHB,solid,T Boult,pace,good,balanced,169,0,98,5,10,1,0
202,1,powerplay,N Pooran,LHB,top,T Boult,pace,good,seaming_track,149,0,0,0,3,1,1
202,2,powerplay,D Padikkal,LHB,avg,H Patel,pace,avg,seaming_track,149,0,3,1,4,1,0
202,3,powerplay,R Parag,RHB,avg,R Jadeja,spin,good,seaming_track,149,0,7,2,5,0,0
202,4,powerplay,R Parag,RHB,avg,A Rashid,spin,elite,seaming_track,149,6,12,2,0,1,0
202,5,powerplay,R Pant,LHB,top,K Ahmed,pace,avg,seaming_track,149,0,12,3,8,0,0
202,6,powerplay,R Pant,LHB,top,J Bumrah,pace,elite,seaming_track,149,6,20,3,7,0,0
202,7,middle,R Pant,LHB,top,T Boult,pace,good,seaming_track,149,12,27,3,7,0,0
202,8,middle,R Pant,LHB,top,H Patel,pace,avg,seaming_track,149,18,34,3,9,0,1
202,9,middle,R Pant,LHB,top,R Jadeja,spin,good,seaming_track,149,24,43,3,3,0,0
202,10,middle,R Pant,LHB,top,A Rashid,spin,elite,seaming_track,149,30,46,3,5,0,0
202,11,middle,R Pant,LHB,top,K Ahmed,pace,avg,seaming_track,149,36,51,3,15,0,2
202,12,middle,R Pant,LHB,top,J Bumrah,pace,elite,seaming_track,149,42,66,3,11,0,0
202,13,middle,R Pant,LHB,top,T Boult,pace,good,seaming_track,149,48,77,3,8,0,0
202,14,middle,R Pant,LHB,top,H Patel,pace,avg,seaming_track,149,54,85,3,12,0,2
202,15,middle,R Pant,LHB,top,R Jadeja,spin,good,seaming_track,149,60,97,3,11,1,0
202,16,death,S Yadav,RHB,top,A Rashid,spin,elite,seaming_track,149,0,108,4,7,1,0
202,17,death,R Sharma,RHB,top,K Ahmed,pace,avg,seaming_track,149,0,115,5,9,0,0
202,18,death,R Sharma,RHB,top,J Bumrah,pace,elite,seaming_track,149,6,124,5,6,0,0
202,19,death,R Sharma,RHB,top,T Boult,pace,good,seaming_track,149,12,130,5,5,1,0
203,1,powerplay,S Yadav,RHB,top,Y Chahal,spin,good,balanced,159,0,0,0,9,0,0
203,2,powerplay,S Yadav,RHB,top,J Bumrah,pace,elite,balanced,159,6,9,0,3,0,0
203,3,powerplay,S Yadav,RHB,top,T Boult,pace,good,balanced,159,12,12,0,3,1,0
203,4,powerplay,KL Rahul,RHB,solid,A Rashid,spin,elite,balanced,159,0,15,1,1,0,0
203,5,powerplay,KL Rahul,RHB,solid,M Shami,pace,good,balanced,159,6,16,1,7,1,0
203,6,powerplay,R Parag,RHB,avg,H Patel,pace,avg,balanced,159,0,23,2,6,0,0
203,7,middle,R Parag,RHB,avg,Y Chahal,spin,good,balanced,159,6,29,2,3,0,0
203,8,middle,R Parag,RHB,avg,J Bumrah,pace,elite,balanced,159,12,32,2,2,0,0
203,9,middle,R Parag,RHB,avg,T Boult,pace,good,balanced,159,18,34,2,5,0,0
203,10,middle,R Parag,RHB,avg,A Rashid,spin,elite,balanced,159,24,39,2,2,1,0
203,11,middle,S Gill,RHB,solid,M Shami,pace,good,balanced,159,0,41,3,8,0,1
203,12,middle,S Gill,RHB,solid,H Patel,pace,avg,balanced,159,6,49,3,6,0,0
203,13,middle,S Gill,RHB,solid,Y Chahal,spin,good,balanced,159,12,55,3,6,0,0
203,14,middle,S Gill,RHB,solid,J Bumrah,pace,elite,balanced,159,18,61,3,4,0,0
203,15,middle,S Gill,RHB,solid,T Boult,pace,good,balanced,159,24,65,3,5,0,0
203,16,death,S Gill,RHB,solid,A Rashid,spin,elite,balanced,159,30,70,3,4,1,0
203,17,death,R Sharma,RHB,top,M Shami,pace,good,balanced,159,0,74,4,13,1,2
203,18,death,H Pandya,RHB,solid,H Patel,pace,avg,balanced,159,0,87,5,7,1,0
204,1,powerplay,S Yadav,RHB,top,M Shami,pace,good,balanced,161,0,0,0,7,1,0
204,2,powerplay,N Pooran,LHB,top,A Rashid,spin,elite,balanced,161,0,7,1,4,0,0
204,3,powerplay,N Pooran,LHB,top,T Boult,pace,good,balanced,161,6,11,1,7,0,0
204,4,powerplay,N Pooran,LHB,top,J Bumrah,pace,elite,balanced,161,12,18,1,8,0,0
204,5,powerplay,N Pooran,LHB,top,H Patel,pace,avg,balanced,161,18,26,1,11,0,0
204,6,powerplay,N Pooran,LHB,top,R Jadeja,spin,good,balanced,161,24,37,1,10,0,1
204,7,middle,N Pooran,LHB,top,M Shami,pace,good,balanced,161,30,47,1,12,0,1
204,8,middle,N Pooran,LHB,top,A Rashid,spin,elite,balanced,161,36,59,1,12,0,1
204,9,middle,N Pooran,LHB,top,T Boult,pace,good,balanced,161,42,71,1,10,0,0
204,10,middle,N Pooran,LHB,top,J Bumrah,pace,elite,balanced,161,48,81,1,7,0,0
204,11,middle,N Pooran,LHB,top,H Patel,pace,avg,balanced,161,54,88,1,10,0,1
204,12,middle,N Pooran,LHB,top,R Jadeja,spin,good,balanced,161,60,98,1,3,0,0
204,13,middle,N Pooran,LHB,top,M Shami,pace,good,balanced,161,66,101,1,12,0,1
204,14,middle,N Pooran,LHB,top,A Rashid,spin,elite,balanced,161,72,113,1,9,0,0
204,15,middle,N Pooran,LHB,top,T Boult,pace,good,balanced,161,78,122,1,6,1,0
204,16,death,S Gill,RHB,solid,J Bumrah,pace,elite,balanced,161,0,128,2,3,0,0
204,17,death,S Gill,RHB,solid,H Patel,pace,avg,balanced,161,6,131,2,10,1,0
204,18,death,D Padikkal,LHB,avg,R Jadeja,spin,good,balanced,161,0,141,3,5,0,0
204,19,death,D Padikkal,LHB,avg,M Shami,pace,good,balanced,161,6,146,3,5,0,0
204,20,death,D Padikkal,LHB,avg,A Rashid,spin,elite,balanced,161,12,151,3,10,1,1
205,1,powerplay,S Gill,RHB,solid,A Rashid,spin,elite,seaming_track,163,0,0,0,3,1,0
205,2,powerplay,R Parag,RHB,avg,Y Chahal,spin,good,seaming_track,163,0,3,1,2,1,0
205,3,powerplay,S Yadav,RHB,top,H Patel,pace,avg,seaming_track,163,0,5,2,6,0,0
205,4,powerplay,S Yadav,RHB,top,R Jadeja,spin,good,seaming_track,163,6,11,2,2,0,0
205,5,powerplay,S Yadav,RHB,top,M Shami,pace,good,seaming_track,163,12,13,2,9,1,1
205,6,powerplay,R Pant,LHB,top,J Bumrah,pace,elite,seaming_track,163,0,22,3,6,1,0
205,7,middle,V Kohli,RHB,top,A Rashid,spin,elite,seaming_track,163,0,28,4,7,0,0
205,8,middle,V Kohli,RHB,top,Y Chahal,spin,good,seaming_track,163,6,35,4,2,0,0
205,9,middle,V Kohli,RHB,top,H Patel,pace,avg,seaming_track,163,12,37,4,11,0,0
205,10,middle,V Kohli,RHB,top,R Jadeja,spin,good,seaming_track,163,18,48,4,2,0,0
205,11,middle,V Kohli,RHB,top,M Shami,pace,good,seaming_track,163,24,50,4,12,0,1
205,12,middle,V Kohli,RHB,top,J Bumrah,pace,elite,seaming_track,163,30,62,4,7,0,0
205,13,middle,V Kohli,RHB,top,A Rashid,spin,elite,seaming_track,163,36,69,4,5,0,0
205,14,middle,V Kohli,RHB,top,Y Chahal,spin,good,seaming_track,163,42,74,4,5,1,0
205,15,middle,N Pooran,LHB,top,H Patel,pace,avg,seaming_track,163,0,79,5,7,1,0
206,1,powerplay,V Kohli,RHB,top,A Rashid,spin,elite,seaming_track,141,0,0,0,4,1,0
206,2,powerplay,R Sharma,RHB,top,Y Chahal,spin,good,seaming_track,141,0,4,1,1,1,0
206,3,powerplay,N Pooran,LHB,top,K Ahmed,pace,avg,seaming_track,141,0,5,2,11,0,0
206,4,powerplay,N Pooran,LHB,top,R Jadeja,spin,good,seaming_track,141,6,16,2,2,0,0
206,5,powerplay,N Pooran,LHB,top,J Bumrah,pace,elite,seaming_track,141,12,18,2,10,0,0
206,6,powerplay,N Pooran,LHB,top,M Shami,pace,good,seaming_track,141,18,28,2,7,1,1
206,7,middle,S Yadav,RHB,top,A Rashid,spin,elite,seaming_track,141,0,35,3,3,0,0
206,8,middle,S Yadav,RHB,top,Y Chahal,spin,good,seaming_track,141,6,38,3,8,0,0
206,9,middle,S Yadav,RHB,top,K Ahmed,pace,avg,seaming_track,141,12,46,3,13,0,1
206,10,middle,S Yadav,RHB,top,R Jadeja,spin,good,seaming_track,141,18,59,3,4,1,0
206,11,middle,R Parag,RHB,avg,J Bumrah,pace,elite,seaming_track,141,0,63,4,0,1,0
206,12,middle,KL Rahul,RHB,solid,M Shami,pace,good,seaming_track,141,0,63,5,4,1,0
207,1,powerplay,R Sharma,RHB,top,R Jadeja,spin,good,seaming_track,158,0,0,0,4,0,0
207,2,powerplay,R Sharma,RHB,top,J Bumrah,pace,elite,seaming_track,158,6,4,0,6,1,0
207,3,powerplay,S Gill,RHB,solid,T Boult,pace,good,seaming_track,158,0,10,1,2,0,0
207,4,powerplay,S Gill,RHB,solid,M Shami,pace,good,seaming_track,158,6,12,1,2,0,1
207,5,powerplay,S Gill,RHB,solid,K Ahmed,pace,avg,seaming_track,158,12,14,1,13,0,2
207,6,powerplay,S Gill,RHB,solid,Y Chahal,spin,good,seaming_track,158,18,27,1,4,1,0
207,7,middle,V Kohli,RHB,top,R Jadeja,spin,good,seaming_track,158,0,31,2,1,1,0
207,8,middle,R Parag,RHB,avg,J Bumrah,pace,elite,seaming_track,158,0,32,3,0,1,0
207,9,middle,R Pant,LHB,top,T Boult,pace,good,seaming_track,158,0,32,4,6,0,0
207,10,middle,R Pant,LHB,top,M Shami,pace,good,seaming_track,158,6,38,4,13,0,1
207,11,middle,R Pant,LHB,top,K Ahmed,pace,avg,seaming_track,158,12,51,4,5,0,0
207,12,middle,R Pant,LHB,top,Y Chahal,spin,good,seaming_track,158,18,56,4,7,0,1
207,13,middle,R Pant,LHB,top,R Jadeja,spin,good,seaming_track,158,24,63,4,6,0,0
207,14,middle,R Pant,LHB,top,J Bumrah,pace,elite,seaming_track,158,30,69,4,9,1,1
207,15,middle,H Pandya,RHB,solid,T Boult,pace,good,seaming_track,158,0,78,5,5,0,0
207,16,death,H Pandya,RHB,solid,M Shami,pace,good,seaming_track,158,6,83,5,10,1,0
208,1,powerplay,H Pandya,RHB,solid,T Boult,pace,good,balanced,124,0,0,0,11,0,0
208,2,powerplay,H Pandya,RHB,solid,Y Chahal,spin,good,balanced,124,6,11,0,6,0,1
208,3,powerplay,H Pandya,RHB,solid,K Ahmed,pace,avg,balanced,124,12,17,0,4,1,0
208,4,powerplay,D Padikkal,LHB,avg,H Patel,pace,avg,balanced,124,0,21,1,4,0,0
208,5,powerplay,D Padikkal,LHB,avg,J Bumrah,pace,elite,balanced,124,6,25,1,0,1,0
208,6,powerplay,S Gill,RHB,solid,M Shami,pace,good,balanced,124,0,25,2,3,0,0
208,7,middle,S Gill,RHB,solid,T Boult,pace,good,balanced,124,6,28,2,3,1,0
208,8,middle,N Pooran,LHB,top,Y Chahal,spin,good,balanced,124,0,31,3,8,0,1
208,9,middle,N Pooran,LHB,top,K Ahmed,pace,avg,balanced,124,6,39,3,8,0,0
208,10,middle,N Pooran,LHB,top,H Patel,pace,avg,balanced,124,12,47,3,15,0,1
208,11,middle,N Pooran,LHB,top,J Bumrah,pace,elite,balanced,124,18,62,3,3,1,0
208,12,middle,R Pant,LHB,top,M Shami,pace,good,balanced,124,0,65,4,5,0,0
208,13,middle,R Pant,LHB,top,T Boult,pace,good,balanced,124,6,70,4,9,0,0
208,14,middle,R Pant,LHB,top,Y Chahal,spin,good,balanced,124,12,79,4,8,0,1
208,15,middle,R Pant,LHB,top,K Ahmed,pace,avg,balanced,124,18,87,4,14,0,1
208,16,death,R Pant,LHB,top,H Patel,pace,avg,balanced,124,24,101,4,18,0,2
208,17,death,R Pant,LHB,top,J Bumrah,pace,elite,balanced,124,30,119,4,7,1,1
208,18,death,S Yadav,RHB,top,M Shami,pace,good,balanced,124,0,126,5,16,1,1
209,1,powerplay,N Pooran,LHB,top,A Rashid,spin,elite,seaming_track,140,0,0,0,6,0,0
209,2,powerplay,N Pooran,LHB,top,Y Chahal,spin,good,seaming_track,140,6,6,0,6,0,0
209,3,powerplay,N Pooran,LHB,top,K Ahmed,pace,avg,seaming_track,140,12,12,0,6,0,0
209,4,powerplay,N Pooran,LHB,top,R Jadeja,spin,good,seaming_track,140,18,18,0,8,0,0
209,5,powerplay,N Pooran,LHB,top,M Shami,pace,good,seaming_track,140,24,26,0,8,1,1
209,6,powerplay,S Yadav,RHB,top,J Bumrah,pace,elite,seaming_track,140,0,34,1,5,0,0
209,7,middle,S Yadav,RHB,top,A Rashid,spin,elite,seaming_track,140,6,39,1,7,0,0
209,8,middle,S Yadav,RHB,top,Y Chahal,spin,good,seaming_track,140,12,46,1,11,0,1
209,9,middle,S Yadav,RHB,top,K Ahmed,pace,avg,seaming_track,140,18,57,1,4,0,0
209,10,middle,S Yadav,RHB,top,R Jadeja,spin,good,seaming_track,140,24,61,1,6,1,0
209,11,middle,S Gill,RHB,solid,M Shami,pace,good,seaming_track,140,0,67,2,6,1,0
209,12,middle,D Padikkal,LHB,avg,J Bumrah,pace,elite,seaming_track,140,0,73,3,0,1,0
209,13,middle,R Pant,LHB,top,A Rashid,spin,elite,seaming_track,140,0,73,4,5,1,0
209,14,middle,V Kohli,RHB,top,Y Chahal,spin,good,seaming_track,140,0,78,5,6,0,0
209,15,middle,V Kohli,RHB,top,K Ahmed,pace,avg,seaming_track,140,6,84,5,9,0,0
209,16,death,V Kohli,RHB,top,R Jadeja,spin,good,seaming_track,140,12,93,5,8,1,0
210,1,powerplay,KL Rahul,RHB,solid,T Boult,pace,good,batting_paradise,176,0,0,0,5,1,0
210,2,powerplay,R Parag,RHB,avg,R Jadeja,spin,good,batting_paradise,176,0,5,1,7,1,0
210,3,powerplay,V Kohli,RHB,top,A Rashid,spin,elite,batting_paradise,176,0,12,2,5,0,0
210,4,powerplay,V Kohli,RHB,top,H Patel,pace,avg,batting_paradise,176,6,17,2,15,0,1
210,5,powerplay,V Kohli,RHB,top,Y Chahal,spin,good,batting_paradise,176,12,32,2,15,1,1
210,6,powerplay,R Pant,LHB,top,K Ahmed,pace,avg,batting_paradise,176,0,47,3,14,0,2
210,7,middle,R Pant,LHB,top,T Boult,pace,good,batting_paradise,176,6,61,3,4,1,0
210,8,middle,S Gill,RHB,solid,R Jadeja,spin,good,batting_paradise,176,0,65,4,3,0,0
210,9,middle,S Gill,RHB,solid,A Rashid,spin,elite,batting_paradise,176,6,68,4,8,0,0
210,10,middle,S Gill,RHB,solid,H Patel,pace,avg,batting_paradise,176,12,76,4,10,0,0
210,11,middle,S Gill,RHB,solid,Y Chahal,spin,good,batting_paradise,176,18,86,4,4,0,1
210,12,middle,S Gill,RHB,solid,K Ahmed,pace,avg,batting_paradise,176,24,90,4,3,1,0
210,13,middle,S Yadav,RHB,top,T Boult,pace,good,batting_paradise,176,0,93,5,9,0,0
210,14,middle,S Yadav,RHB,top,R Jadeja,spin,good,batting_paradise,176,6,102,5,8,0,0
210,15,middle,S Yadav,RHB,top,A Rashid,spin,elite,batting_paradise,176,12,110,5,13,0,2
210,16,death,S Yadav,RHB,top,H Patel,pace,avg,batting_paradise,176,18,123,5,21,1,2
211,1,powerplay,H Pandya,RHB,solid,J Bumrah,pace,elite,seaming_track,147,0,0,0,1,0,0
211,2,powerplay,H Pandya,RHB,solid,T Boult,pace,good,seaming_track,147,6,1,0,0,1,1
211,3,powerplay,KL Rahul,RHB,solid,H Patel,pace,avg,seaming_track,147,0,1,1,6,0,0
211,4,powerplay,KL Rahul,RHB,solid,R Jadeja,spin,good,seaming_track,147,6,7,1,3,1,0
211,5,powerplay,D Padikkal,LHB,avg,M Shami,pace,good,seaming_track,147,0,10,2,0,1,0
211,6,powerplay,S Gill,RHB,solid,Y Chahal,spin,good,seaming_track,147,0,10,3,4,0,0
211,7,middle,S Gill,RHB,solid,J Bumrah,pace,elite,seaming_track,147,6,14,3,9,0,0
211,8,middle,S Gill,RHB,solid,T Boult,pace,good,seaming_track,147,12,23,3,7,0,0
211,9,middle,S Gill,RHB,solid,H Patel,pace,avg,seaming_track,147,18,30,3,8,0,0
211,10,middle,S Gill,RHB,solid,R Jadeja,spin,good,seaming_track,147,24,38,3,12,0,1
211,11,middle,S Gill,RHB,solid,M Shami,pace,good,seaming_track,147,30,50,3,6,0,0
211,12,middle,S Gill,RHB,solid,Y Chahal,spin,good,seaming_track,147,36,56,3,7,1,1
211,13,middle,N Pooran,LHB,top,J Bumrah,pace,elite,seaming_track,147,0,63,4,1,1,0
211,14,middle,R Sharma,RHB,top,T Boult,pace,good,seaming_track,147,0,64,5,6,1,0
212,1,powerplay,R Pant,LHB,top,M Shami,pace,good,batting_paradise,155,0,0,0,9,0,0
212,2,powerplay,R Pant,LHB,top,T Boult,pace,good,batting_paradise,155,6,9,0,7,0,0
212,3,powerplay,R Pant,LHB,top,H Patel,pace,avg,batting_paradise,155,12,16,0,11,0,0
212,4,powerplay,R Pant,LHB,top,K Ahmed,pace,avg,batting_paradise,155,18,27,0,31,0,1
212,5,powerplay,R Pant,LHB,top,A Rashid,spin,elite,batting_paradise,155,24,58,0,12,1,1
212,6,powerplay,S Gill,RHB,solid,J Bumrah,pace,elite,batting_paradise,155,0,70,1,6,0,0
212,7,middle,S Gill,RHB,solid,M Shami,pace,good,batting_paradise,155,6,76,1,5,1,0
212,8,middle,R Parag,RHB,avg,T Boult,pace,good,batting_paradise,155,0,81,2,12,1,1
212,9,middle,D Padikkal,LHB,avg,H Patel,pace,avg,batting_paradise,155,0,93,3,2,0,0
212,10,middle,D Padikkal,LHB,avg,K Ahmed,pace,avg,batting_paradise,155,6,95,3,5,0,0
212,11,middle,D Padikkal,LHB,avg,A Rashid,spin,elite,batting_paradise,155,12,100,3,3,0,0
212,12,middle,D Padikkal,LHB,avg,J Bumrah,pace,elite,batting_paradise,155,18,103,3,5,0,0
212,13,middle,D Padikkal,LHB,avg,M Shami,pace,good,batting_paradise,155,24,108,3,10,0,0
212,14,middle,D Padikkal,LHB,avg,T Boult,pace,good,batting_paradise,155,30,118,3,2,0,0
212,15,middle,D Padikkal,LHB,avg,H Patel,pace,avg,batting_paradise,155,36,120,3,8,0,1
212,16,death,D Padikkal,LHB,avg,K Ahmed,pace,avg,batting_paradise,155,42,128,3,9,1,0
212,17,death,KL Rahul,RHB,solid,A Rashid,spin,elite,batting_paradise,155,0,137,4,11,1,0
212,18,death,N Pooran,LHB,top,J Bumrah,pace,elite,batting_paradise,155,0,148,5,8,1,0
213,1,powerplay,V Kohli,RHB,top,A Rashid,spin,elite,seaming_track,149,0,0,0,9,1,0
213,2,powerplay,H Pandya,RHB,solid,K Ahmed,pace,avg,seaming_track,149,0,9,1,2,0,1
213,3,powerplay,H Pandya,RHB,solid,H Patel,pace,avg,seaming_track,149,6,11,1,6,1,0
213,4,powerplay,R Parag,RHB,avg,M Shami,pace,good,seaming_track,149,0,17,2,0,1,0
213,5,powerplay,R Pant,LHB,top,T Boult,pace,good,seaming_track,149,0,17,3,5,1,0
213,6,powerplay,KL Rahul,RHB,solid,J Bumrah,pace,elite,seaming_track,149,0,22,4,3,1,0
213,7,middle,D Padikkal,LHB,avg,A Rashid,spin,elite,seaming_track,149,0,25,5,1,1,0
214,1,powerplay,KL Rahul,RHB,solid,Y Chahal,spin,good,balanced,147,0,0,0,4,1,0
214,2,powerplay,S Gill,RHB,solid,A Rashid,spin,elite,balanced,147,0,4,1,6,0,0
214,3,powerplay,S Gill,RHB,solid,K Ahmed,pace,avg,balanced,147,6,10,1,4,0,0
214,4,powerplay,S Gill,RHB,solid,J Bumrah,pace,elite,balanced,147,12,14,1,6,1,1
214,5,powerplay,D Padikkal,LHB,avg,R Jadeja,spin,good,balanced,147,0,20,2,2,1,0
214,6,powerplay,H Pandya,RHB,solid,H Patel,pace,avg,balanced,147,0,22,3,5,1,0
214,7,middle,R Pant,LHB,top,Y Chahal,spin,good,balanced,147,0,27,4,6,0,0
214,8,middle,R Pant,LHB,top,A Rashid,spin,elite,balanced,147,6,33,4,8,1,0
214,9,middle,R Parag,RHB,avg,K Ahmed,pace,avg,balanced,147,0,41,5,4,0,0
214,10,middle,R Parag,RHB,avg,J Bumrah,pace,elite,balanced,147,6,45,5,3,1,0
215,1,powerplay,R Pant,LHB,top,K Ahmed,pace,avg,batting_paradise,141,0,0,0,16,1,2
215,2,powerplay,KL Rahul,RHB,solid,M Shami,pace,good,batting_paradise,141,0,16,1,8,1,0
215,3,powerplay,N Pooran,LHB,top,J Bumrah,pace,elite,batting_paradise,141,0,24,2,6,0,0
215,4,powerplay,N Pooran,LHB,top,H Patel,pace,avg,batting_paradise,141,6,30,2,13,0,2
215,5,powerplay,N Pooran,LHB,top,A Rashid,spin,elite,batting_paradise,141,12,43,2,8,0,0
215,6,powerplay,N Pooran,LHB,top,R Jadeja,spin,good,batting_paradise,141,18,51,2,10,0,0
215,7,middle,N Pooran,LHB,top,K Ahmed,pace,avg,batting_paradise,141,24,61,2,16,0,2
215,8,middle,N Pooran,LHB,top,M Shami,pace,good,batting_paradise,141,30,77,2,13,0,1
215,9,middle,N Pooran,LHB,top,J Bumrah,pace,elite,batting_paradise,141,36,90,2,10,0,0
215,10,middle,N Pooran,LHB,top,H Patel,pace,avg,batting_paradise,141,42,100,2,16,0,1
215,11,middle,N Pooran,LHB,top,A Rashid,spin,elite,batting_paradise,141,48,116,2,15,0,1
215,12,middle,N Pooran,LHB,top,R Jadeja,spin,good,batting_paradise,141,54,131,2,7,0,0
215,13,middle,N Pooran,LHB,top,K Ahmed,pace,avg,batting_paradise,141,60,138,2,11,0,1
215,14,middle,N Pooran,LHB,top,M Shami,pace,good,batting_paradise,141,66,149,2,9,1,0
215,15,middle,V Kohli,RHB,top,J Bumrah,pace,elite,batting_paradise,141,0,158,3,3,0,0
215,16,death,V Kohli,RHB,top,H Patel,pace,avg,batting_paradise,141,6,161,3,9,1,0
215,17,death,S Gill,RHB,solid,A Rashid,spin,elite,batting_paradise,141,0,170,4,4,1,0
215,18,death,R Sharma,RHB,top,R Jadeja,spin,good,batting_paradise,141,0,174,5,4,1,0
216,1,powerplay,R Sharma,RHB,top,J Bumrah,pace,elite,seaming_track,144,0,0,0,4,1,0
216,2,powerplay,S Gill,RHB,solid,K Ahmed,pace,avg,seaming_track,144,0,4,1,9,1,0
216,3,powerplay,H Pandya,RHB,solid,A Rashid,spin,elite,seaming_track,144,0,13,2,6,0,0
216,4,powerplay,H Pandya,RHB,solid,M Shami,pace,good,seaming_track,144,6,19,2,4,1,0
216,5,powerplay,R Pant,LHB,top,H Patel,pace,avg,seaming_track,144,0,23,3,7,0,0
216,6,powerplay,R Pant,LHB,top,Y Chahal,spin,good,seaming_track,144,6,30,3,5,1,0
216,7,middle,N Pooran,LHB,top,J Bumrah,pace,elite,seaming_track,144,0,35,4,5,0,0
216,8,middle,N Pooran,LHB,top,K Ahmed,pace,avg,seaming_track,144,6,40,4,8,0,0
216,9,middle,N Pooran,LHB,top,A Rashid,spin,elite,seaming_track,144,12,48,4,6,1,0
216,10,middle,D Padikkal,LHB,avg,M Shami,pace,good,seaming_track,144,0,54,5,7,1,0
217,1,powerplay,S Gill,RHB,solid,J Bumrah,pace,elite,slow_turner,189,0,0,0,8,0,0
217,2,powerplay,S Gill,RHB,solid,Y Chahal,spin,good,slow_turner,189,6,8,0,4,1,0
217,3,powerplay,R Pant,LHB,top,T Boult,pace,good,slow_turner,189,0,12,1,7,0,0
217,4,powerplay,R Pant,LHB,top,A Rashid,spin,elite,slow_turner,189,6,19,1,8,1,0
217,5,powerplay,N Pooran,LHB,top,R Jadeja,spin,good,slow_turner,189,0,27,2,3,0,0
217,6,powerplay,N Pooran,LHB,top,M Shami,pace,good,slow_turner,189,6,30,2,5,0,0
217,7,middle,N Pooran,LHB,top,J Bumrah,pace,elite,slow_turner,189,12,35,2,3,0,0
217,8,middle,N Pooran,LHB,top,Y Chahal,spin,good,slow_turner,189,18,38,2,4,0,0
217,9,middle,N Pooran,LHB,top,T Boult,pace,good,slow_turner,189,24,42,2,12,0,1
217,10,middle,N Pooran,LHB,top,A Rashid,spin,elite,slow_turner,189,30,54,2,8,0,0
217,11,middle,N Pooran,LHB,top,R Jadeja,spin,good,slow_turner,189,36,62,2,9,0,0
217,12,middle,N Pooran,LHB,top,M Shami,pace,good,slow_turner,189,42,71,2,11,0,0
217,13,middle,N Pooran,LHB,top,J Bumrah,pace,elite,slow_turner,189,48,82,2,7,0,0
217,14,middle,N Pooran,LHB,top,Y Chahal,spin,good,slow_turner,189,54,89,2,7,0,0
217,15,middle,N Pooran,LHB,top,T Boult,pace,good,slow_turner,189,60,96,2,6,0,0
217,16,death,N Pooran,LHB,top,A Rashid,spin,elite,slow_turner,189,66,102,2,8,1,0
217,17,death,H Pandya,RHB,solid,R Jadeja,spin,good,slow_turner,189,0,110,3,4,0,0
217,18,death,H Pandya,RHB,solid,M Shami,pace,good,slow_turner,189,6,114,3,5,0,0
217,19,death,H Pandya,RHB,solid,J Bumrah,pace,elite,slow_turner,189,12,119,3,4,0,0
217,20,death,H Pandya,RHB,solid,Y Chahal,spin,good,slow_turner,189,18,123,3,7,0,0
218,1,powerplay,V Kohli,RHB,top,A Rashid,spin,elite,batting_paradise,152,0,0,0,7,0,0
218,2,powerplay,V Kohli,RHB,top,R Jadeja,spin,good,batting_paradise,152,6,7,0,4,0,0
218,3,powerplay,V Kohli,RHB,top,M Shami,pace,good,batting_paradise,152,12,11,0,14,0,1
218,4,powerplay,V Kohli,RHB,top,T Boult,pace,good,batting_paradise,152,18,25,0,13,0,1
218,5,powerplay,V Kohli,RHB,top,J Bumrah,pace,elite,batting_paradise,152,24,38,0,11,1,0
218,6,powerplay,S Gill,RHB,solid,K Ahmed,pace,avg,batting_paradise,152,0,49,1,9,0,0
218,7,middle,S Gill,RHB,solid,A Rashid,spin,elite,batting_paradise,152,6,58,1,6,0,0
218,8,middle,S Gill,RHB,solid,R Jadeja,spin,good,batting_paradise,152,12,64,1,7,0,1
218,9,middle,S Gill,RHB,solid,M Shami,pace,good,batting_paradise,152,18,71,1,4,0,0
218,10,middle,S Gill,RHB,solid,T Boult,pace,good,batting_paradise,152,24,75,1,11,0,0
218,11,middle,S Gill,RHB,solid,J Bumrah,pace,elite,batting_paradise,152,30,86,1,8,0,0
218,12,middle,S Gill,RHB,solid,K Ahmed,pace,avg,batting_paradise,152,36,94,1,11,0,0
218,13,middle,S Gill,RHB,solid,A Rashid,spin,elite,batting_paradise,152,42,105,1,12,0,1
218,14,middle,S Gill,RHB,solid,R Jadeja,spin,good,batting_paradise,152,48,117,1,8,0,0
218,15,middle,S Gill,RHB,solid,M Shami,pace,good,batting_paradise,152,54,125,1,9,0,0
218,16,death,S Gill,RHB,solid,T Boult,pace,good,batting_paradise,152,60,134,1,12,0,2
218,17,death,S Gill,RHB,solid,J Bumrah,pace,elite,batting_paradise,152,66,146,1,7,1,0
218,18,death,KL Rahul,RHB,solid,K Ahmed,pace,avg,batting_paradise,152,0,153,2,4,1,0
218,19,death,R Pant,LHB,top,A Rashid,spin,elite,batting_paradise,152,0,157,3,9,0,0
218,20,death,R Pant,LHB,top,R Jadeja,spin,good,batting_paradise,152,6,166,3,6,0,1
219,1,powerplay,R Sharma,RHB,top,M Shami,pace,good,batting_paradise,147,0,0,0,17,0,1
219,2,powerplay,R Sharma,RHB,top,Y Chahal,spin,good,batting_paradise,147,6,17,0,9,0,0
219,3,powerplay,R Sharma,RHB,top,H Patel,pace,avg,batting_paradise,147,12,26,0,12,0,1
219,4,powerplay,R Sharma,RHB,top,A Rashid,spin,elite,batting_paradise,147,18,38,0,7,0,0
219,5,powerplay,R Sharma,RHB,top,J Bumrah,pace,elite,batting_paradise,147,24,45,0,6,0,0
219,6,powerplay,R Sharma,RHB,top,T Boult,pace,good,batting_paradise,147,30,51,0,15,0,1
219,7,middle,R Sharma,RHB,top,M Shami,pace,good,batting_paradise,147,36,66,0,13,1,1
219,8,middle,S Gill,RHB,solid,Y Chahal,spin,good,batting_paradise,147,0,79,1,8,0,0
219,9,middle,S Gill,RHB,solid,H Patel,pace,avg,batting_paradise,147,6,87,1,8,0,0
219,10,middle,S Gill,RHB,solid,A Rashid,spin,elite,batting_paradise,147,12,95,1,14,0,1
219,11,middle,S Gill,RHB,solid,J Bumrah,pace,elite,batting_paradise,147,18,109,1,3,1,0
219,12,middle,KL Rahul,RHB,solid,T Boult,pace,good,batting_paradise,147,0,112,2,10,0,0
219,13,middle,KL Rahul,RHB,solid,M Shami,pace,good,batting_paradise,147,6,122,2,7,0,0
219,14,middle,KL Rahul,RHB,solid,Y Chahal,spin,good,batting_paradise,147,12,129,2,9,1,0
219,15,middle,N Pooran,LHB,top,H Patel,pace,avg,batting_paradise,147,0,138,3,11,0,1
219,16,death,N Pooran,LHB,top,A Rashid,spin,elite,batting_paradise,147,6,149,3,8,1,0
219,17,death,R Pant,LHB,top,J Bumrah,pace,elite,batting_paradise,147,0,157,4,9,0,0
219,18,death,R Pant,LHB,top,T Boult,pace,good,batting_paradise,147,6,166,4,7,0,1
219,19,death,R Pant,LHB,top,M Shami,pace,good,batting_paradise,147,12,173,4,16,1,2
219,20,death,D Padikkal,LHB,avg,Y Chahal,spin,good,batting_paradise,147,0,189,5,5,0,1
220,1,powerplay,R Sharma,RHB,top,M Shami,pace,good,seaming_track,168,0,0,0,6,1,0
220,2,powerplay,R Parag,RHB,avg,A Rashid,spin,elite,seaming_track,168,0,6,1,0,1,0
220,3,powerplay,H Pandya,RHB,solid,H Patel,pace,avg,seaming_track,168,0,6,2,2,1,0
220,4,powerplay,KL Rahul,RHB,solid,T Boult,pace,good,seaming_track,168,0,8,3,2,1,1
220,5,powerplay,V Kohli,RHB,top,K Ahmed,pace,avg,seaming_track,168,0,10,4,5,1,0
220,6,powerplay,S Gill,RHB,solid,R Jadeja,spin,good,seaming_track,168,0,15,5,3,1,0
221,1,powerplay,KL Rahul,RHB,solid,M Shami,pace,good,seaming_track,138,0,0,0,1,0,0
221,2,powerplay,KL Rahul,RHB,solid,K Ahmed,pace,avg,seaming_track,138,6,1,0,6,1,0
221,3,powerplay,N Pooran,LHB,top,J Bumrah,pace,elite,seaming_track,138,0,7,1,4,1,0
221,4,powerplay,S Yadav,RHB,top,R Jadeja,spin,good,seaming_track,138,0,11,2,6,0,0
221,5,powerplay,S Yadav,RHB,top,H Patel,pace,avg,seaming_track,138,6,17,2,6,0,1
221,6,powerplay,S Yadav,RHB,top,A Rashid,spin,elite,seaming_track,138,12,23,2,6,0,0
221,7,middle,S Yadav,RHB,top,M Shami,pace,good,seaming_track,138,18,29,2,3,0,0
221,8,middle,S Yadav,RHB,top,K Ahmed,pace,avg,seaming_track,138,24,32,2,5,0,0
221,9,middle,S Yadav,RHB,top,J Bumrah,pace,elite,seaming_track,138,30,37,2,6,1,0
221,10,middle,R Pant,LHB,top,R Jadeja,spin,good,seaming_track,138,0,43,3,1,0,0
221,11,middle,R Pant,LHB,top,H Patel,pace,avg,seaming_track,138,6,44,3,10,0,0
221,12,middle,R Pant,LHB,top,A Rashid,spin,elite,seaming_track,138,12,54,3,3,0,0
221,13,middle,R Pant,LHB,top,M Shami,pace,good,seaming_track,138,18,57,3,8,0,0
221,14,middle,R Pant,LHB,top,K Ahmed,pace,avg,seaming_track,138,24,65,3,12,0,2
221,15,middle,R Pant,LHB,top,J Bumrah,pace,elite,seaming_track,138,30,77,3,4,0,0
221,16,death,R Pant,LHB,top,R Jadeja,spin,good,seaming_track,138,36,81,3,9,1,0
221,17,death,D Padikkal,LHB,avg,H Patel,pace,avg,seaming_track,138,0,90,4,1,1,0
221,18,death,R Sharma,RHB,top,A Rashid,spin,elite,seaming_track,138,0,91,5,0,1,0
222,1,powerplay,S Yadav,RHB,top,J Bumrah,pace,elite,balanced,165,0,0,0,6,1,0
222,2,powerplay,R Sharma,RHB,top,T Boult,pace,good,balanced,165,0,6,1,5,1,0
222,3,powerplay,KL Rahul,RHB,solid,H Patel,pace,avg,balanced,165,0,11,2,4,1,0
222,4,powerplay,S Gill,RHB,solid,M Shami,pace,good,balanced,165,0,15,3,5,1,0
222,5,powerplay,R Parag,RHB,avg,R Jadeja,spin,good,balanced,165,0,20,4,3,1,0
222,6,powerplay,R Pant,LHB,top,K Ahmed,pace,avg,balanced,165,0,23,5,3,1,1
223,1,powerplay,S Gill,RHB,solid,K Ahmed,pace,avg,balanced,158,0,0,0,11,0,0
223,2,powerplay,S Gill,RHB,solid,H Patel,pace,avg,balanced,158,6,11,0,2,1,0
223,3,powerplay,H Pandya,RHB,solid,R Jadeja,spin,good,balanced,158,0,13,1,10,0,0
223,4,powerplay,H Pandya,RHB,solid,Y Chahal,spin,good,balanced,158,6,23,1,4,0,0
223,5,powerplay,H Pandya,RHB,solid,J Bumrah,pace,elite,balanced,158,12,27,1,8,0,0
223,6,powerplay,H Pandya,RHB,solid,A Rashid,spin,elite,balanced,158,18,35,1,6,0,0
223,7,middle,H Pandya,RHB,solid,K Ahmed,pace,avg,balanced,158,24,41,1,9,0,1
223,8,middle,H Pandya,RHB,solid,H Patel,pace,avg,balanced,158,30,50,1,10,0,1
223,9,middle,H Pandya,RHB,solid,R Jadeja,spin,good,balanced,158,36,60,1,9,0,0
223,10,middle,H Pandya,RHB,solid,Y Chahal,spin,good,balanced,158,42,69,1,7,0,0
223,11,middle,H Pandya,RHB,solid,J Bumrah,pace,elite,balanced,158,48,76,1,3,0,0
223,12,middle,H Pandya,RHB,solid,A Rashid,spin,elite,balanced,158,54,79,1,5,0,0
223,13,middle,H Pandya,RHB,solid,K Ahmed,pace,avg,balanced,158,60,84,1,11,0,0
223,14,middle,H Pandya,RHB,solid,H Patel,pace,avg,balanced,158,66,95,1,13,0,1
223,15,middle,H Pandya,RHB,solid,R Jadeja,spin,good,balanced,158,72,108,1,12,0,1
223,16,death,H Pandya,RHB,solid,Y Chahal,spin,good,balanced,158,78,120,1,9,0,1
223,17,death,H Pandya,RHB,solid,J Bumrah,pace,elite,balanced,158,84,129,1,6,1,0
223,18,death,S Yadav,RHB,top,A Rashid,spin,elite,balanced,158,0,135,2,9,0,1
223,19,death,S Yadav,RHB,top,K Ahmed,pace,avg,balanced,158,6,144,2,18,0,2
223,20,death,S Yadav,RHB,top,H Patel,pace,avg,balanced,158,12,162,2,11,1,0
224,1,powerplay,R Sharma,RHB,top,R Jadeja,spin,good,slow_turner,171,0,0,0,4,0,0
224,2,powerplay,R Sharma,RHB,top,J Bumrah,pace,elite,slow_turner,171,6,4,0,7,0,0
224,3,powerplay,R Sharma,RHB,top,Y Chahal,spin,good,slow_turner,171,12,11,0,12,0,2
224,4,powerplay,R Sharma,RHB,top,T Boult,pace,good,slow_turner,171,18,23,0,11,0,0
224,5,powerplay,R Sharma,RHB,top,A Rashid,spin,elite,slow_turner,171,24,34,0,5,0,0
224,6,powerplay,R Sharma,RHB,top,M Shami,pace,good,slow_turner,171,30,39,0,8,0,1
224,7,middle,R Sharma,RHB,top,R Jadeja,spin,good,slow_turner,171,36,47,0,6,0,0
224,8,middle,R Sharma,RHB,top,J Bumrah,pace,elite,slow_turner,171,42,53,0,4,0,1
224,9,middle,R Sharma,RHB,top,Y Chahal,spin,good,slow_turner,171,48,57,0,8,0,0
224,10,middle,R Sharma,RHB,top,T Boult,pace,good,slow_turner,171,54,65,0,7,0,0
224,11,middle,R Sharma,RHB,top,A Rashid,spin,elite,slow_turner,171,60,72,0,6,0,0
224,12,middle,R Sharma,RHB,top,M Shami,pace,good,slow_turner,171,66,78,0,6,1,1
224,13,middle,R Pant,LHB,top,R Jadeja,spin,good,slow_turner,171,0,84,1,1,0,0
224,14,middle,R Pant,LHB,top,J Bumrah,pace,elite,slow_turner,171,6,85,1,3,0,0
224,15,middle,R Pant,LHB,top,Y Chahal,spin,good,slow_turner,171,12,88,1,3,0,0
224,16,death,R Pant,LHB,top,T Boult,pace,good,slow_turner,171,18,91,1,13,1,1
224,17,death,S Yadav,RHB,top,A Rashid,spin,elite,slow_turner,171,0,104,2,3,1,0
224,18,death,KL Rahul,RHB,solid,M Shami,pace,good,slow_turner,171,0,107,3,8,1,0
224,19,death,V Kohli,RHB,top,R Jadeja,spin,good,slow_turner,171,0,115,4,4,0,1
224,20,death,V Kohli,RHB,top,J Bumrah,pace,elite,slow_turner,171,6,119,4,4,1,1
225,1,powerplay,S Gill,RHB,solid,M Shami,pace,good,seaming_track,157,0,0,0,5,0,1
225,2,powerplay,S Gill,RHB,solid,A Rashid,spin,elite,seaming_track,157,6,5,0,0,1,0
225,3,powerplay,V Kohli,RHB,top,J Bumrah,pace,elite,seaming_track,157,0,5,1,1,0,0
225,4,powerplay,V Kohli,RHB,top,K Ahmed,pace,avg,seaming_track,157,6,6,1,4,1,1
225,5,powerplay,N Pooran,LHB,top,Y Chahal,spin,good,seaming_track,157,0,10,2,6,1,0
225,6,powerplay,D Padikkal,LHB,avg,H Patel,pace,avg,seaming_track,157,0,16,3,4,0,0
225,7,middle,D Padikkal,LHB,avg,M Shami,pace,good,seaming_track,157,6,20,3,0,1,0
225,8,middle,KL Rahul,RHB,solid,A Rashid,spin,elite,seaming_track,157,0,20,4,3,1,0
225,9,middle,R Parag,RHB,avg,J Bumrah,pace,elite,seaming_track,157,0,23,5,3,0,0
225,10,middle,R Parag,RHB,avg,K Ahmed,pace,avg,seaming_track,157,6,26,5,3,0,0
225,11,middle,R Parag,RHB,avg,Y Chahal,spin,good,seaming_track,157,12,29,5,0,1,0
226,1,powerplay,R Pant,LHB,top,H Patel,pace,avg,seaming_track,173,0,0,0,7,0,0
226,2,powerplay,R Pant,LHB,top,Y Chahal,spin,good,seaming_track,173,6,7,0,3,1,0
226,3,powerplay,H Pandya,RHB,solid,J Bumrah,pace,elite,seaming_track,173,0,10,1,2,0,0
226,4,powerplay,H Pandya,RHB,solid,A Rashid,spin,elite,seaming_track,173,6,12,1,12,0,1
226,5,powerplay,H Pandya,RHB,solid,T Boult,pace,good,seaming_track,173,12,24,1,7,0,0
226,6,powerplay,H Pandya,RHB,solid,M Shami,pace,good,seaming_track,173,18,31,1,5,1,1
226,7,middle,S Yadav,RHB,top,H Patel,pace,avg,seaming_track,173,0,36,2,4,0,0
226,8,middle,S Yadav,RHB,top,Y Chahal,spin,good,seaming_track,173,6,40,2,9,0,0
226,9,middle,S Yadav,RHB,top,J Bumrah,pace,elite,seaming_track,173,12,49,2,6,0,0
226,10,middle,S Yadav,RHB,top,A Rashid,spin,elite,seaming_track,173,18,55,2,6,0,0
226,11,middle,S Yadav,RHB,top,T Boult,pace,good,seaming_track,173,24,61,2,10,1,0
226,12,middle,N Pooran,LHB,top,M Shami,pace,good,seaming_track,173,0,71,3,3,1,0
226,13,middle,V Kohli,RHB,top,H Patel,pace,avg,seaming_track,173,0,74,4,3,1,0
226,14,middle,KL Rahul,RHB,solid,Y Chahal,spin,good,seaming_track,173,0,77,5,4,0,0
226,15,middle,KL Rahul,RHB,solid,J Bumrah,pace,elite,seaming_track,173,6,81,5,5,1,0
227,1,powerplay,R Pant,LHB,top,A Rashid,spin,elite,slow_turner,182,0,0,0,4,1,0
227,2,powerplay,R Parag,RHB,avg,Y Chahal,spin,good,slow_turner,182,0,4,1,2,1,0
227,3,powerplay,D Padikkal,LHB,avg,H Patel,pace,avg,slow_turner,182,0,6,2,3,0,0
227,4,powerplay,D Padikkal,LHB,avg,R Jadeja,spin,good,slow_turner,182,6,9,2,1,0,0
227,5,powerplay,D Padikkal,LHB,avg,J Bumrah,pace,elite,slow_turner,182,12,10,2,1,0,0
227,6,powerplay,D Padikkal,LHB,avg,T Boult,pace,good,slow_turner,182,18,11,2,4,1,0
227,7,middle,N Pooran,LHB,top,A Rashid,spin,elite,slow_turner,182,0,15,3,3,1,0
227,8,middle,S Gill,RHB,solid,Y Chahal,spin,good,slow_turner,182,0,18,4,1,0,0
227,9,middle,S Gill,RHB,solid,H Patel,pace,avg,slow_turner,182,6,19,4,6,0,0
227,10,middle,S Gill,RHB,solid,R Jadeja,spin,good,slow_turner,182,12,25,4,9,0,0
227,11,middle,S Gill,RHB,solid,J Bumrah,pace,elite,slow_turner,182,18,34,4,4,1,0
227,12,middle,S Yadav,RHB,top,T Boult,pace,good,slow_turner,182,0,38,5,2,0,0
227,13,middle,S Yadav,RHB,top,A Rashid,spin,elite,slow_turner,182,6,40,5,4,1,0
228,1,powerplay,KL Rahul,RHB,solid,K Ahmed,pace,avg,slow_turner,139,0,0,0,7,0,0
228,2,powerplay,KL Rahul,RHB,solid,A Rashid,spin,elite,slow_turner,139,6,7,0,3,1,0
228,3,powerplay,R Sharma,RHB,top,Y Chahal,spin,good,slow_turner,139,0,10,1,10,0,0
228,4,powerplay,R Sharma,RHB,top,H Patel,pace,avg,slow_turner,139,6,20,1,6,0,0
228,5,powerplay,R Sharma,RHB,top,M Shami,pace,good,slow_turner,139,12,26,1,7,0,0
228,6,powerplay,R Sharma,RHB,top,R Jadeja,spin,good,slow_turner,139,18,33,1,3,1,0
228,7,middle,H Pandya,RHB,solid,K Ahmed,pace,avg,slow_turner,139,0,36,2,1,0,0
228,8,middle,H Pandya,RHB,solid,A Rashid,spin,elite,slow_turner,139,6,37,2,1,1,1
228,9,middle,N Pooran,LHB,top,Y Chahal,spin,good,slow_turner,139,0,38,3,6,1,0
228,10,middle,R Pant,LHB,top,H Patel,pace,avg,slow_turner,139,0,44,4,7,1,0
228,11,middle,S Yadav,RHB,top,M Shami,pace,good,slow_turner,139,0,51,5,3,0,0
228,12,middle,S Yadav,RHB,top,R Jadeja,spin,good,slow_turner,139,6,54,5,5,0,1
228,13,middle,S Yadav,RHB,top,K Ahmed,pace,avg,slow_turner,139,12,59,5,7,0,0
228,14,middle,S Yadav,RHB,top,A Rashid,spin,elite,slow_turner,139,18,66,5,3,1,0
229,1,powerplay,R Parag,RHB,avg,A Rashid,spin,elite,seaming_track,167,0,0,0,3,0,0
229,2,powerplay,R Parag,RHB,avg,T Boult,pace,good,seaming_track,167,6,3,0,0,1,0
229,3,powerplay,R Sharma,RHB,top,R Jadeja,spin,good,seaming_track,167,0,3,1,4,1,0
229,4,powerplay,S Gill,RHB,solid,H Patel,pace,avg,seaming_track,167,0,7,2,8,1,0
229,5,powerplay,S Yadav,RHB,top,J Bumrah,pace,elite,seaming_track,167,0,15,3,5,0,0
229,6,powerplay,S Yadav,RHB,top,M Shami,pace,good,seaming_track,167,6,20,3,3,1,0
229,7,middle,KL Rahul,RHB,solid,A Rashid,spin,elite,seaming_track,167,0,23,4,0,0,0
229,8,middle,KL Rahul,RHB,solid,T Boult,pace,good,seaming_track,167,6,23,4,4,1,1
229,9,middle,N Pooran,LHB,top,R Jadeja,spin,good,seaming_track,167,0,27,5,7,0,0
229,10,middle,N Pooran,LHB,top,H Patel,pace,avg,seaming_track,167,6,34,5,9,0,1
229,11,middle,N Pooran,LHB,top,J Bumrah,pace,elite,seaming_track,167,12,43,5,7,0,0
229,12,middle,N Pooran,LHB,top,M Shami,pace,good,seaming_track,167,18,50,5,8,0,0
229,13,middle,N Pooran,LHB,top,A Rashid,spin,elite,seaming_track,167,24,58,5,10,0,0
229,14,middle,N Pooran,LHB,top,T Boult,pace,good,seaming_track,167,30,68,5,14,0,1
229,15,middle,N Pooran,LHB,top,R Jadeja,spin,good,seaming_track,167,36,82,5,10,0,0
229,16,death,N Pooran,LHB,top,H Patel,pace,avg,seaming_track,167,42,92,5,15,0,1
229,17,death,N Pooran,LHB,top,J Bumrah,pace,elite,seaming_track,167,48,107,5,7,1,0
230,1,powerplay,R Parag,RHB,avg,R Jadeja,spin,good,seaming_track,165,0,0,0,7,1,0
230,2,powerplay,N Pooran,LHB,top,A Rashid,spin,elite,seaming_track,165,0,7,1,1,1,0
230,3,powerplay,D Padikkal,LHB,avg,J Bumrah,pace,elite,seaming_track,165,0,8,2,2,1,0
230,4,powerplay,V Kohli,RHB,top,H Patel,pace,avg,seaming_track,165,0,10,3,14,1,1
230,5,powerplay,R Sharma,RHB,top,M Shami,pace,good,seaming_track,165,0,24,4,2,1,0
230,6,powerplay,R Pant,LHB,top,Y Chahal,spin,good,seaming_track,165,0,26,5,1,1,1
231,1,powerplay,R Sharma,RHB,top,M Shami,pace,good,balanced,158,0,0,0,10,0,0
231,2,powerplay,R Sharma,RHB,top,R Jadeja,spin,good,balanced,158,6,10,0,7,0,0
231,3,powerplay,R Sharma,RHB,top,J Bumrah,pace,elite,balanced,158,12,17,0,3,1,0
231,4,powerplay,R Parag,RHB,avg,K Ahmed,pace,avg,balanced,158,0,20,1,1,1,1
231,5,powerplay,N Pooran,LHB,top,A Rashid,spin,elite,balanced,158,0,21,2,1,1,1
231,6,powerplay,H Pandya,RHB,solid,Y Chahal,spin,good,balanced,158,0,22,3,3,0,1
231,7,middle,H Pandya,RHB,solid,M Shami,pace,good,balanced,158,6,25,3,6,0,0
231,8,middle,H Pandya,RHB,solid,R Jadeja,spin,good,balanced,158,12,31,3,1,0,1
231,9,middle,H Pandya,RHB,solid,J Bumrah,pace,elite,balanced,158,18,32,3,3,0,0
231,10,middle,H Pandya,RHB,solid,K Ahmed,pace,avg,balanced,158,24,35,3,9,1,1
231,11,middle,V Kohli,RHB,top,A Rashid,spin,elite,balanced,158,0,44,4,2,0,0
231,12,middle,V Kohli,RHB,top,Y Chahal,spin,good,balanced,158,6,46,4,5,0,0
231,13,middle,V Kohli,RHB,top,M Shami,pace,good,balanced,158,12,51,4,6,1,0
231,14,middle,S Gill,RHB,solid,R Jadeja,spin,good,balanced,158,0,57,5,3,1,0
232,1,powerplay,KL Rahul,RHB,solid,K Ahmed,pace,avg,seaming_track,137,0,0,0,9,0,0
232,2,powerplay,KL Rahul,RHB,solid,H Patel,pace,avg,seaming_track,137,6,9,0,5,0,1
232,3,powerplay,KL Rahul,RHB,solid,A Rashid,spin,elite,seaming_track,137,12,14,0,5,1,0
232,4,powerplay,R Pant,LHB,top,R Jadeja,spin,good,seaming_track,137,0,19,1,4,0,0
232,5,powerplay,R Pant,LHB,top,T Boult,pace,good,seaming_track,137,6,23,1,10,0,0
232,6,powerplay,R Pant,LHB,top,M Shami,pace,good,seaming_track,137,12,33,1,12,0,1
232,7,middle,R Pant,LHB,top,K Ahmed,pace,avg,seaming_track,137,18,45,1,7,1,0
232,8,middle,H Pandya,RHB,solid,H Patel,pace,avg,seaming_track,137,0,52,2,5,0,0
232,9,middle,H Pandya,RHB,solid,A Rashid,spin,elite,seaming_track,137,6,57,2,5,1,0
232,10,middle,R Parag,RHB,avg,R Jadeja,spin,good,seaming_track,137,0,62,3,1,0,0
232,11,middle,R Parag,RHB,avg,T Boult,pace,good,seaming_track,137,6,63,3,2,1,0
232,12,middle,V Kohli,RHB,top,M Shami,pace,good,seaming_track,137,0,65,4,4,0,1
232,13,middle,V Kohli,RHB,top,K Ahmed,pace,avg,seaming_track,137,6,69,4,8,0,1
232,14,middle,V Kohli,RHB,top,H Patel,pace,avg,seaming_track,137,12,77,4,15,0,1
232,15,middle,V Kohli,RHB,top,A Rashid,spin,elite,seaming_track,137,18,92,4,4,1,0
232,16,death,D Padikkal,LHB,avg,R Jadeja,spin,good,seaming_track,137,0,96,5,1,1,0
233,1,powerplay,S Yadav,RHB,top,K Ahmed,pace,avg,seaming_track,142,0,0,0,9,0,0
233,2,powerplay,S Yadav,RHB,top,A Rashid,spin,elite,seaming_track,142,6,9,0,3,1,0
233,3,powerplay,D Padikkal,LHB,avg,H Patel,pace,avg,seaming_track,142,0,12,1,3,0,0
233,4,powerplay,D Padikkal,LHB,avg,T Boult,pace,good,seaming_track,142,6,15,1,1,1,0
233,5,powerplay,S Gill,RHB,solid,Y Chahal,spin,good,seaming_track,142,0,16,2,1,1,0
233,6,powerplay,N Pooran,LHB,top,R Jadeja,spin,good,seaming_track,142,0,17,3,0,0,0
233,7,middle,N Pooran,LHB,top,K Ahmed,pace,avg,seaming_track,142,6,17,3,5,0,0
233,8,middle,N Pooran,LHB,top,A Rashid,spin,elite,seaming_track,142,12,22,3,2,1,0
233,9,middle,H Pandya,RHB,solid,H Patel,pace,avg,seaming_track,142,0,24,4,3,1,0
233,10,middle,R Parag,RHB,avg,T Boult,pace,good,seaming_track,142,0,27,5,1,0,0
233,11,middle,R Parag,RHB,avg,Y Chahal,spin,good,seaming_track,142,6,28,5,1,1,0
234,1,powerplay,D Padikkal,LHB,avg,H Patel,pace,avg,batting_paradise,139,0,0,0,16,1,1
234,2,powerplay,S Yadav,RHB,top,R Jadeja,spin,good,batting_paradise,139,0,16,1,4,0,0
234,3,powerplay,S Yadav,RHB,top,A Rashid,spin,elite,batting_paradise,139,6,20,1,13,1,1
234,4,powerplay,R Pant,LHB,top,J Bumrah,pace,elite,batting_paradise,139,0,33,2,9,0,0
234,5,powerplay,R Pant,LHB,top,T Boult,pace,good,batting_paradise,139,6,42,2,12,0,1
234,6,powerplay,R Pant,LHB,top,M Shami,pace,good,batting_paradise,139,12,54,2,13,0,1
234,7,middle,R Pant,LHB,top,H Patel,pace,avg,batting_paradise,139,18,67,2,19,0,1
234,8,middle,R Pant,LHB,top,R Jadeja,spin,good,batting_paradise,139,24,86,2,13,0,1
234,9,middle,R Pant,LHB,top,A Rashid,spin,elite,batting_paradise,139,30,99,2,10,0,1
234,10,middle,R Pant,LHB,top,J Bumrah,pace,elite,batting_paradise,139,36,109,2,9,1,0
234,11,middle,KL Rahul,RHB,solid,T Boult,pace,good,batting_paradise,139,0,118,3,7,0,0
234,12,middle,KL Rahul,RHB,solid,M Shami,pace,good,batting_paradise,139,6,125,3,10,0,0
234,13,middle,KL Rahul,RHB,solid,H Patel,pace,avg,batting_paradise,139,12,135,3,7,0,0
234,14,middle,KL Rahul,RHB,solid,R Jadeja,spin,good,batting_paradise,139,18,142,3,6,1,0
234,15,middle,N Pooran,LHB,top,A Rashid,spin,elite,batting_paradise,139,0,148,4,8,0,0
234,16,death,N Pooran,LHB,top,J Bumrah,pace,elite,batting_paradise,139,6,156,4,4,1,0
234,17,death,H Pandya,RHB,solid,T Boult,pace,good,batting_paradise,139,0,160,5,13,0,1
234,18,death,H Pandya,RHB,solid,M Shami,pace,good,batting_paradise,139,6,173,5,10,0,0
234,19,death,H Pandya,RHB,solid,H Patel,pace,avg,batting_paradise,139,12,183,5,13,1,1
235,1,powerplay,R Parag,RHB,avg,H Patel,pace,avg,seaming_track,157,0,0,0,5,0,0
235,2,powerplay,R Parag,RHB,avg,A Rashid,spin,elite,seaming_track,157,6,5,0,4,1,0
235,3,powerplay,KL Rahul,RHB,solid,K Ahmed,pace,avg,seaming_track,157,0,9,1,5,0,1
235,4,powerplay,KL Rahul,RHB,solid,R Jadeja,spin,good,seaming_track,157,6,14,1,6,0,0
235,5,powerplay,KL Rahul,RHB,solid,Y Chahal,spin,good,seaming_track,157,12,20,1,10,1,0
235,6,powerplay,D Padikkal,LHB,avg,J Bumrah,pace,elite,seaming_track,157,0,30,2,0,1,0
235,7,middle,S Yadav,RHB,top,H Patel,pace,avg,seaming_track,157,0,30,3,6,0,0
235,8,middle,S Yadav,RHB,top,A Rashid,spin,elite,seaming_track,157,6,36,3,10,0,0
235,9,middle,S Yadav,RHB,top,K Ahmed,pace,avg,seaming_track,157,12,46,3,12,0,2
235,10,middle,S Yadav,RHB,top,R Jadeja,spin,good,seaming_track,157,18,58,3,5,0,0
235,11,middle,S Yadav,RHB,top,Y Chahal,spin,good,seaming_track,157,24,63,3,14,0,1
235,12,middle,S Yadav,RHB,top,J Bumrah,pace,elite,seaming_track,157,30,77,3,10,0,0
235,13,middle,S Yadav,RHB,top,H Patel,pace,avg,seaming_track,157,36,87,3,8,0,1
235,14,middle,S Yadav,RHB,top,A Rashid,spin,elite,seaming_track,157,42,95,3,4,1,0
235,15,middle,N Pooran,LHB,top,K Ahmed,pace,avg,seaming_track,157,0,99,4,6,0,0
235,16,death,N Pooran,LHB,top,R Jadeja,spin,good,seaming_track,157,6,105,4,8,1,0
235,17,death,H Pandya,RHB,solid,Y Chahal,spin,good,seaming_track,157,0,113,5,4,0,0
235,18,death,H Pandya,RHB,solid,J Bumrah,pace,elite,seaming_track,157,6,117,5,2,1,0
236,1,powerplay,S Gill,RHB,solid,M Shami,pace,good,slow_turner,184,0,0,0,5,0,0
236,2,powerplay,S Gill,RHB,solid,H Patel,pace,avg,slow_turner,184,6,5,0,4,0,0
236,3,powerplay,S Gill,RHB,solid,T Boult,pace,good,slow_turner,184,12,9,0,3,1,0
236,4,powerplay,R Sharma,RHB,top,K Ahmed,pace,avg,slow_turner,184,0,12,1,3,1,0
236,5,powerplay,D Padikkal,LHB,avg,J Bumrah,pace,elite,slow_turner,184,0,15,2,3,0,0
236,6,powerplay,D Padikkal,LHB,avg,Y Chahal,spin,good,slow_turner,184,6,18,2,0,1,0
236,7,middle,R Pant,LHB,top,M Shami,pace,good,slow_turner,184,0,18,3,1,1,0
236,8,middle,H Pandya,RHB,solid,H Patel,pace,avg,slow_turner,184,0,19,4,1,1,0
236,9,middle,R Parag,RHB,avg,T Boult,pace,good,slow_turner,184,0,20,5,4,1,0
237,1,powerplay,H Pandya,RHB,solid,T Boult,pace,good,balanced,147,0,0,0,3,0,0
237,2,powerplay,H Pandya,RHB,solid,A Rashid,spin,elite,balanced,147,6,3,0,0,1,1
237,3,powerplay,N Pooran,LHB,top,J Bumrah,pace,elite,balanced,147,0,3,1,4,0,1
237,4,powerplay,N Pooran,LHB,top,Y Chahal,spin,good,balanced,147,6,7,1,6,1,0
237,5,powerplay,R Parag,RHB,avg,M Shami,pace,good,balanced,147,0,13,2,4,0,0
237,6,powerplay,R Parag,RHB,avg,K Ahmed,pace,avg,balanced,147,6,17,2,10,1,0
237,7,middle,R Pant,LHB,top,T Boult,pace,good,balanced,147,0,27,3,3,0,0
237,8,middle,R Pant,LHB,top,A Rashid,spin,elite,balanced,147,6,30,3,7,0,0
237,9,middle,R Pant,LHB,top,J Bumrah,pace,elite,balanced,147,12,37,3,9,0,0
237,10,middle,R Pant,LHB,top,Y Chahal,spin,good,balanced,147,18,46,3,8,0,1
237,11,middle,R Pant,LHB,top,M Shami,pace,good,balanced,147,24,54,3,14,0,1
237,12,middle,R Pant,LHB,top,K Ahmed,pace,avg,balanced,147,30,68,3,10,0,1
237,13,middle,R Pant,LHB,top,T Boult,pace,good,balanced,147,36,78,3,7,0,0
237,14,middle,R Pant,LHB,top,A Rashid,spin,elite,balanced,147,42,85,3,7,0,0
237,15,middle,R Pant,LHB,top,J Bumrah,pace,elite,balanced,147,48,92,3,4,1,1
237,16,death,V Kohli,RHB,top,Y Chahal,spin,good,balanced,147,0,96,4,2,1,0
237,17,death,S Gill,RHB,solid,M Shami,pace,good,balanced,147,0,98,5,4,0,1
237,18,death,S Gill,RHB,solid,K Ahmed,pace,avg,balanced,147,6,102,5,11,0,0
237,19,death,S Gill,RHB,solid,T Boult,pace,good,balanced,147,12,113,5,5,0,1
237,20,death,S Gill,RHB,solid,A Rashid,spin,elite,balanced,147,18,118,5,9,0,0
238,1,powerplay,R Pant,LHB,top,T Boult,pace,good,slow_turner,179,0,0,0,7,0,0
238,2,powerplay,R Pant,LHB,top,A Rashid,spin,elite,slow_turner,179,6,7,0,10,0,0
238,3,powerplay,R Pant,LHB,top,M Shami,pace,good,slow_turner,179,12,17,0,9,0,0
238,4,powerplay,R Pant,LHB,top,K Ahmed,pace,avg,slow_turner,179,18,26,0,11,0,0
238,5,powerplay,R Pant,LHB,top,J Bumrah,pace,elite,slow_turner,179,24,37,0,11,0,0
238,6,powerplay,R Pant,LHB,top,H Patel,pace,avg,slow_turner,179,30,48,0,15,0,2
238,7,middle,R Pant,LHB,top,T Boult,pace,good,slow_turner,179,36,63,0,4,0,0
238,8,middle,R Pant,LHB,top,A Rashid,spin,elite,slow_turner,179,42,67,0,2,0,0
238,9,middle,R Pant,LHB,top,M Shami,pace,good,slow_turner,179,48,69,0,14,0,1
238,10,middle,R Pant,LHB,top,K Ahmed,pace,avg,slow_turner,179,54,83,0,5,1,0
238,11,middle,N Pooran,LHB,top,J Bumrah,pace,elite,slow_turner,179,0,88,1,5,0,0
238,12,middle,N Pooran,LHB,top,H Patel,pace,avg,slow_turner,179,6,93,1,3,1,0
238,13,middle,H Pandya,RHB,solid,T Boult,pace,good,slow_turner,179,0,96,2,1,1,0
238,14,middle,S Gill,RHB,solid,A Rashid,spin,elite,slow_turner,179,0,97,3,2,0,0
238,15,middle,S Gill,RHB,solid,M Shami,pace,good,slow_turner,179,6,99,3,3,0,1
238,16,death,S Gill,RHB,solid,K Ahmed,pace,avg,slow_turner,179,12,102,3,9,0,1
238,17,death,S Gill,RHB,solid,J Bumrah,pace,elite,slow_turner,179,18,111,3,4,1,0
238,18,death,V Kohli,RHB,top,H Patel,pace,avg,slow_turner,179,0,115,4,6,1,0
238,19,death,D Padikkal,LHB,avg,T Boult,pace,good,slow_turner,179,0,121,5,4,0,0
238,20,death,D Padikkal,LHB,avg,A Rashid,spin,elite,slow_turner,179,6,125,5,0,1,1
239,1,powerplay,H Pandya,RHB,solid,A Rashid,spin,elite,balanced,159,0,0,0,2,1,0
239,2,powerplay,KL Rahul,RHB,solid,M Shami,pace,good,balanced,159,0,2,1,8,1,0
239,3,powerplay,S Yadav,RHB,top,T Boult,pace,good,balanced,159,0,10,2,8,0,0
239,4,powerplay,S Yadav,RHB,top,K Ahmed,pace,avg,balanced,159,6,18,2,10,0,0
239,5,powerplay,S Yadav,RHB,top,H Patel,pace,avg,balanced,159,12,28,2,4,0,0
239,6,powerplay,S Yadav,RHB,top,J Bumrah,pace,elite,balanced,159,18,32,2,6,1,0
239,7,middle,N Pooran,LHB,top,A Rashid,spin,elite,balanced,159,0,38,3,1,1,1
239,8,middle,R Pant,LHB,top,M Shami,pace,good,balanced,159,0,39,4,5,0,0
239,9,middle,R Pant,LHB,top,T Boult,pace,good,balanced,159,6,44,4,7,0,0
239,10,middle,R Pant,LHB,top,K Ahmed,pace,avg,balanced,159,12,51,4,12,0,1
239,11,middle,R Pant,LHB,top,H Patel,pace,avg,balanced,159,18,63,4,6,1,0
239,12,middle,R Parag,RHB,avg,J Bumrah,pace,elite,balanced,159,0,69,5,4,1,0
240,1,powerplay,R Sharma,RHB,top,R Jadeja,spin,good,balanced,181,0,0,0,6,0,0
240,2,powerplay,R Sharma,RHB,top,M Shami,pace,good,balanced,181,6,6,0,9,0,0
240,3,powerplay,R Sharma,RHB,top,K Ahmed,pace,avg,balanced,181,12,15,0,6,0,1
240,4,powerplay,R Sharma,RHB,top,J Bumrah,pace,elite,balanced,181,18,21,0,10,0,0
240,5,powerplay,R Sharma,RHB,top,H Patel,pace,avg,balanced,181,24,31,0,6,0,0
240,6,powerplay,R Sharma,RHB,top,A Rashid,spin,elite,balanced,181,30,37,0,4,0,1
240,7,middle,R Sharma,RHB,top,R Jadeja,spin,good,balanced,181,36,41,0,9,1,0
240,8,middle,N Pooran,LHB,top,M Shami,pace,good,balanced,181,0,50,1,5,1,0
240,9,middle,S Gill,RHB,solid,K Ahmed,pace,avg,balanced,181,0,55,2,6,1,1
240,10,middle,V Kohli,RHB,top,J Bumrah,pace,elite,balanced,181,0,61,3,11,0,1
240,11,middle,V Kohli,RHB,top,H Patel,pace,avg,balanced,181,6,72,3,8,0,0
240,12,middle,V Kohli,RHB,top,A Rashid,spin,elite,balanced,181,12,80,3,5,0,1
240,13,middle,V Kohli,RHB,top,R Jadeja,spin,good,balanced,181,18,85,3,6,0,0
240,14,middle,V Kohli,RHB,top,M Shami,pace,good,balanced,181,24,91,3,11,0,0
240,15,middle,V Kohli,RHB,top,K Ahmed,pace,avg,balanced,181,30,102,3,11,0,0
240,16,death,V Kohli,RHB,top,J Bumrah,pace,elite,balanced,181,36,113,3,9,0,0
240,17,death,V Kohli,RHB,top,H Patel,pace,avg,balanced,181,42,122,3,11,0,0
240,18,death,V Kohli,RHB,top,A Rashid,spin,elite,balanced,181,48,133,3,13,0,2
240,19,death,V Kohli,RHB,top,R Jadeja,spin,good,balanced,181,54,146,3,7,1,0
240,20,death,S Yadav,RHB,top,M Shami,pace,good,balanced,181,0,153,4,19,1,2
241,1,powerplay,R Parag,RHB,avg,H Patel,pace,avg,slow_turner,169,0,0,0,0,1,0
241,2,powerplay,H Pandya,RHB,solid,R Jadeja,spin,good,slow_turner,169,0,0,1,2,0,0
241,3,powerplay,H Pandya,RHB,solid,M Shami,pace,good,slow_turner,169,6,2,1,2,1,0
241,4,powerplay,N Pooran,LHB,top,K Ahmed,pace,avg,slow_turner,169,0,4,2,1,1,0
241,5,powerplay,D Padikkal,LHB,avg,J Bumrah,pace,elite,slow_turner,169,0,5,3,3,1,0
241,6,powerplay,KL Rahul,RHB,solid,A Rashid,spin,elite,slow_turner,169,0,8,4,1,0,0
241,7,middle,KL Rahul,RHB,solid,H Patel,pace,avg,slow_turner,169,6,9,4,1,0,0
241,8,middle,KL Rahul,RHB,solid,R Jadeja,spin,good,slow_turner,169,12,10,4,4,0,0
241,9,middle,KL Rahul,RHB,solid,M Shami,pace,good,slow_turner,169,18,14,4,3,0,0
241,10,middle,KL Rahul,RHB,solid,K Ahmed,pace,avg,slow_turner,169,24,17,4,9,1,1
241,11,middle,R Pant,LHB,top,J Bumrah,pace,elite,slow_turner,169,0,26,5,7,0,0
241,12,middle,R Pant,LHB,top,A Rashid,spin,elite,slow_turner,169,6,33,5,6,0,0
241,13,middle,R Pant,LHB,top,H Patel,pace,avg,slow_turner,169,12,39,5,12,0,1
241,14,middle,R Pant,LHB,top,R Jadeja,spin,good,slow_turner,169,18,51,5,3,1,0
242,1,powerplay,D Padikkal,LHB,avg,K Ahmed,pace,avg,slow_turner,121,0,0,0,2,0,1
242,2,powerplay,D Padikkal,LHB,avg,A Rashid,spin,elite,slow_turner,121,6,2,0,0,1,0
242,3,powerplay,R Pant,LHB,top,H Patel,pace,avg,slow_turner,121,0,2,1,7,0,0
242,4,powerplay,R Pant,LHB,top,T Boult,pace,good,slow_turner,121,6,9,1,9,0,0
242,5,powerplay,R Pant,LHB,top,Y Chahal,spin,good,slow_turner,121,12,18,1,11,0,0
242,6,powerplay,R Pant,LHB,top,R Jadeja,spin,good,slow_turner,121,18,29,1,10,0,0
242,7,middle,R Pant,LHB,top,K Ahmed,pace,avg,slow_turner,121,24,39,1,12,0,2
242,8,middle,R Pant,LHB,top,A Rashid,spin,elite,slow_turner,121,30,51,1,10,0,0
242,9,middle,R Pant,LHB,top,H Patel,pace,avg,slow_turner,121,36,61,1,10,0,0
242,10,middle,R Pant,LHB,top,T Boult,pace,good,slow_turner,121,42,71,1,4,0,1
242,11,middle,R Pant,LHB,top,Y Chahal,spin,good,slow_turner,121,48,75,1,8,0,0
242,12,middle,R Pant,LHB,top,R Jadeja,spin,good,slow_turner,121,54,83,1,3,1,0
242,13,middle,KL Rahul,RHB,solid,K Ahmed,pace,avg,slow_turner,121,0,86,2,5,0,0
242,14,middle,KL Rahul,RHB,solid,A Rashid,spin,elite,slow_turner,121,6,91,2,5,0,0
242,15,middle,KL Rahul,RHB,solid,H Patel,pace,avg,slow_turner,121,12,96,2,6,0,0
242,16,death,KL Rahul,RHB,solid,T Boult,pace,good,slow_turner,121,18,102,2,7,0,0
242,17,death,KL Rahul,RHB,solid,Y Chahal,spin,good,slow_turner,121,24,109,2,12,0,1
242,18,death,KL Rahul,RHB,solid,R Jadeja,spin,good,slow_turner,121,30,121,2,12,0,1
242,19,death,KL Rahul,RHB,solid,K Ahmed,pace,avg,slow_turner,121,36,133,2,5,0,0
242,20,death,KL Rahul,RHB,solid,A Rashid,spin,elite,slow_turner,121,42,138,2,1,1,0
243,1,powerplay,R Sharma,RHB,top,M Shami,pace,good,batting_paradise,176,0,0,0,8,0,0
243,2,powerplay,R Sharma,RHB,top,T Boult,pace,good,batting_paradise,176,6,8,0,4,1,0
243,3,powerplay,N Pooran,LHB,top,Y Chahal,spin,good,batting_paradise,176,0,12,1,12,0,1
243,4,powerplay,N Pooran,LHB,top,R Jadeja,spin,good,batting_paradise,176,6,24,1,3,1,0
243,5,powerplay,S Yadav,RHB,top,A Rashid,spin,elite,batting_paradise,176,0,27,2,5,0,0
243,6,powerplay,S Yadav,RHB,top,H Patel,pace,avg,batting_paradise,176,6,32,2,12,0,2
243,7,middle,S Yadav,RHB,top,M Shami,pace,good,batting_paradise,176,12,44,2,11,0,0
243,8,middle,S Yadav,RHB,top,T Boult,pace,good,batting_paradise,176,18,55,2,7,0,0
243,9,middle,S Yadav,RHB,top,Y Chahal,spin,good,batting_paradise,176,24,62,2,16,0,1
243,10,middle,S Yadav,RHB,top,R Jadeja,spin,good,batting_paradise,176,30,78,2,14,0,1
243,11,middle,S Yadav,RHB,top,A Rashid,spin,elite,batting_paradise,176,36,92,2,11,0,0
243,12,middle,S Yadav,RHB,top,H Patel,pace,avg,batting_paradise,176,42,103,2,21,0,2
243,13,middle,S Yadav,RHB,top,M Shami,pace,good,batting_paradise,176,48,124,2,13,0,1
243,14,middle,S Yadav,RHB,top,T Boult,pace,good,batting_paradise,176,54,137,2,15,0,1
243,15,middle,S Yadav,RHB,top,Y Chahal,spin,good,batting_paradise,176,60,152,2,4,1,0
243,16,death,R Parag,RHB,avg,R Jadeja,spin,good,batting_paradise,176,0,156,3,9,0,0
243,17,death,R Parag,RHB,avg,A Rashid,spin,elite,batting_paradise,176,6,165,3,4,1,0
243,18,death,R Pant,LHB,top,H Patel,pace,avg,batting_paradise,176,0,169,4,14,1,1
243,19,death,D Padikkal,LHB,avg,M Shami,pace,good,batting_paradise,176,0,183,5,5,0,1
243,20,death,D Padikkal,LHB,avg,T Boult,pace,good,batting_paradise,176,6,188,5,6,1,0
244,1,powerplay,R Parag,RHB,avg,T Boult,pace,good,seaming_track,145,0,0,0,2,0,0
244,2,powerplay,R Parag,RHB,avg,K Ahmed,pace,avg,seaming_track,145,6,2,0,2,1,1
244,3,powerplay,V Kohli,RHB,top,J Bumrah,pace,elite,seaming_track,145,0,4,1,3,0,0
244,4,powerplay,V Kohli,RHB,top,R Jadeja,spin,good,seaming_track,145,6,7,1,8,0,0
244,5,powerplay,V Kohli,RHB,top,M Shami,pace,good,seaming_track,145,12,15,1,5,0,0
244,6,powerplay,V Kohli,RHB,top,H Patel,pace,avg,seaming_track,145,18,20,1,14,0,2
244,7,middle,V Kohli,RHB,top,T Boult,pace,good,seaming_track,145,24,34,1,6,1,0
244,8,middle,R Pant,LHB,top,K Ahmed,pace,avg,seaming_track,145,0,40,2,8,0,1
244,9,middle,R Pant,LHB,top,J Bumrah,pace,elite,seaming_track,145,6,48,2,4,1,0
244,10,middle,KL Rahul,RHB,solid,R Jadeja,spin,good,seaming_track,145,0,52,3,6,0,0
244,11,middle,KL Rahul,RHB,solid,M Shami,pace,good,seaming_track,145,6,58,3,4,0,0
244,12,middle,KL Rahul,RHB,solid,H Patel,pace,avg,seaming_track,145,12,62,3,6,0,0
244,13,middle,KL Rahul,RHB,solid,T Boult,pace,good,seaming_track,145,18,68,3,3,1,0
244,14,middle,R Sharma,RHB,top,K Ahmed,pace,avg,seaming_track,145,0,71,4,9,1,0
244,15,middle,S Gill,RHB,solid,J Bumrah,pace,elite,seaming_track,145,0,80,5,3,0,0
244,16,death,S Gill,RHB,solid,R Jadeja,spin,good,seaming_track,145,6,83,5,4,1,0
245,1,powerplay,KL Rahul,RHB,solid,Y Chahal,spin,good,seaming_track,165,0,0,0,2,1,0
245,2,powerplay,N Pooran,LHB,top,H Patel,pace,avg,seaming_track,165,0,2,1,5,0,0
245,3,powerplay,N Pooran,LHB,top,J Bumrah,pace,elite,seaming_track,165,6,7,1,6,0,0
245,4,powerplay,N Pooran,LHB,top,R Jadeja,spin,good,seaming_track,165,12,13,1,12,0,1
245,5,powerplay,N Pooran,LHB,top,T Boult,pace,good,seaming_track,165,18,25,1,5,0,0
245,6,powerplay,N Pooran,LHB,top,K Ahmed,pace,avg,seaming_track,165,24,30,1,9,1,0
245,7,middle,V Kohli,RHB,top,Y Chahal,spin,good,seaming_track,165,0,39,2,3,1,0
245,8,middle,R Parag,RHB,avg,H Patel,pace,avg,seaming_track,165,0,42,3,5,1,0
245,9,middle,S Yadav,RHB,top,J Bumrah,pace,elite,seaming_track,165,0,47,4,2,1,0
245,10,middle,R Pant,LHB,top,R Jadeja,spin,good,seaming_track,165,0,49,5,7,0,0
245,11,middle,R Pant,LHB,top,T Boult,pace,good,seaming_track,165,6,56,5,0,1,0
246,1,powerplay,KL Rahul,RHB,solid,A Rashid,spin,elite,seaming_track,205,0,0,0,5,1,1
246,2,powerplay,S Yadav,RHB,top,K Ahmed,pace,avg,seaming_track,205,0,5,1,8,0,0
246,3,powerplay,S Yadav,RHB,top,Y Chahal,spin,good,seaming_track,205,6,13,1,5,0,0
246,4,powerplay,S Yadav,RHB,top,H Patel,pace,avg,seaming_track,205,12,18,1,11,1,0
246,5,powerplay,H Pandya,RHB,solid,T Boult,pace,good,seaming_track,205,0,29,2,1,1,0
246,6,powerplay,D Padikkal,LHB,avg,R Jadeja,spin,good,seaming_track,205,0,30,3,1,1,0
246,7,middle,N Pooran,LHB,top,A Rashid,spin,elite,seaming_track,205,0,31,4,8,0,0
246,8,middle,N Pooran,LHB,top,K Ahmed,pace,avg,seaming_track,205,6,39,4,8,0,0
246,9,middle,N Pooran,LHB,top,Y Chahal,spin,good,seaming_track,205,12,47,4,1,1,0
246,10,middle,R Sharma,RHB,top,H Patel,pace,avg,seaming_track,205,0,48,5,3,0,0
246,11,middle,R Sharma,RHB,top,T Boult,pace,good,seaming_track,205,6,51,5,3,1,0
247,1,powerplay,V Kohli,RHB,top,A Rashid,spin,elite,balanced,178,0,0,0,4,0,0
247,2,powerplay,V Kohli,RHB,top,R Jadeja,spin,good,balanced,178,6,4,0,5,1,0
247,3,powerplay,N Pooran,LHB,top,T Boult,pace,good,balanced,178,0,9,1,4,0,0
247,4,powerplay,N Pooran,LHB,top,J Bumrah,pace,elite,balanced,178,6,13,1,4,0,1
247,5,powerplay,N Pooran,LHB,top,M Shami,pace,good,balanced,178,12,17,1,10,0,1
247,6,powerplay,N Pooran,LHB,top,Y Chahal,spin,good,balanced,178,18,27,1,7,1,0
247,7,middle,H Pandya,RHB,solid,A Rashid,spin,elite,balanced,178,0,34,2,5,1,0
247,8,middle,D Padikkal,LHB,avg,R Jadeja,spin,good,balanced,178,0,39,3,5,0,0
247,9,middle,D Padikkal,LHB,avg,T Boult,pace,good,balanced,178,6,44,3,7,0,0
247,10,middle,D Padikkal,LHB,avg,J Bumrah,pace,elite,balanced,178,12,51,3,0,1,0
247,11,middle,KL Rahul,RHB,solid,M Shami,pace,good,balanced,178,0,51,4,7,0,0
247,12,middle,KL Rahul,RHB,solid,Y Chahal,spin,good,balanced,178,6,58,4,0,1,0
247,13,middle,R Sharma,RHB,top,A Rashid,spin,elite,balanced,178,0,58,5,8,0,0
247,14,middle,R Sharma,RHB,top,R Jadeja,spin,good,balanced,178,6,66,5,2,0,0
247,15,middle,R Sharma,RHB,top,T Boult,pace,good,balanced,178,12,68,5,9,0,0
247,16,death,R Sharma,RHB,top,J Bumrah,pace,elite,balanced,178,18,77,5,7,0,1
247,17,death,R Sharma,RHB,top,M Shami,pace,good,balanced,178,24,84,5,18,0,2
247,18,death,R Sharma,RHB,top,Y Chahal,spin,good,balanced,178,30,102,5,4,0,0
247,19,death,R Sharma,RHB,top,A Rashid,spin,elite,balanced,178,36,106,5,10,1,0
248,1,powerplay,KL Rahul,RHB,solid,H Patel,pace,avg,slow_turner,151,0,0,0,3,0,0
248,2,powerplay,KL Rahul,RHB,solid,Y Chahal,spin,good,slow_turner,151,6,3,0,2,1,0
248,3,powerplay,R Pant,LHB,top,A Rashid,spin,elite,slow_turner,151,0,5,1,11,1,0
248,4,powerplay,R Sharma,RHB,top,T Boult,pace,good,slow_turner,151,0,16,2,7,0,0
248,5,powerplay,R Sharma,RHB,top,M Shami,pace,good,slow_turner,151,6,23,2,9,1,0
248,6,powerplay,S Gill,RHB,solid,R Jadeja,spin,good,slow_turner,151,0,32,3,0,1,0
248,7,middle,S Yadav,RHB,top,H Patel,pace,avg,slow_turner,151,0,32,4,7,0,0
248,8,middle,S Yadav,RHB,top,Y Chahal,spin,good,slow_turner,151,6,39,4,5,0,0
248,9,middle,S Yadav,RHB,top,A Rashid,spin,elite,slow_turner,151,12,44,4,2,1,0
248,10,middle,V Kohli,RHB,top,T Boult,pace,good,slow_turner,151,0,46,5,0,1,0
249,1,powerplay,KL Rahul,RHB,solid,K Ahmed,pace,avg,slow_turner,164,0,0,0,3,1,0
249,2,powerplay,R Pant,LHB,top,Y Chahal,spin,good,slow_turner,164,0,3,1,11,0,0
249,3,powerplay,R Pant,LHB,top,H Patel,pace,avg,slow_turner,164,6,14,1,8,0,0
249,4,powerplay,R Pant,LHB,top,T Boult,pace,good,slow_turner,164,12,22,1,10,1,0
249,5,powerplay,R Parag,RHB,avg,J Bumrah,pace,elite,slow_turner,164,0,32,2,3,0,0
249,6,powerplay,R Parag,RHB,avg,M Shami,pace,good,slow_turner,164,6,35,2,7,0,0
249,7,middle,R Parag,RHB,avg,K Ahmed,pace,avg,slow_turner,164,12,42,2,3,0,1
249,8,middle,R Parag,RHB,avg,Y Chahal,spin,good,slow_turner,164,18,45,2,1,1,0
249,9,middle,V Kohli,RHB,top,H Patel,pace,avg,slow_turner,164,0,46,3,7,0,0
249,10,middle,V Kohli,RHB,top,T Boult,pace,good,slow_turner,164,6,53,3,5,0,0
249,11,middle,V Kohli,RHB,top,J Bumrah,pace,elite,slow_turner,164,12,58,3,3,1,0
249,12,middle,N Pooran,LHB,top,M Shami,pace,good,slow_turner,164,0,61,4,8,0,0
249,13,middle,N Pooran,LHB,top,K Ahmed,pace,avg,slow_turner,164,6,69,4,5,1,0
249,14,middle,H Pandya,RHB,solid,Y Chahal,spin,good,slow_turner,164,0,74,5,6,0,0
249,15,middle,H Pandya,RHB,solid,H Patel,pace,avg,slow_turner,164,6,80,5,4,1,0
250,1,powerplay,KL Rahul,RHB,solid,Y Chahal,spin,good,batting_paradise,182,0,0,0,10,1,0
250,2,powerplay,N Pooran,LHB,top,T Boult,pace,good,batting_paradise,182,0,10,1,15,1,1
250,3,powerplay,V Kohli,RHB,top,R Jadeja,spin,good,batting_paradise,182,0,25,2,8,0,0
250,4,powerplay,V Kohli,RHB,top,K Ahmed,pace,avg,batting_paradise,182,6,33,2,9,1,0
250,5,powerplay,S Gill,RHB,solid,A Rashid,spin,elite,batting_paradise,182,0,42,3,6,0,0
250,6,powerplay,S Gill,RHB,solid,H Patel,pace,avg,batting_paradise,182,6,48,3,7,0,0
250,7,middle,S Gill,RHB,solid,Y Chahal,spin,good,batting_paradise,182,12,55,3,6,0,0
250,8,middle,S Gill,RHB,solid,T Boult,pace,good,batting_paradise,182,18,61,3,1,0,0
250,9,middle,S Gill,RHB,solid,R Jadeja,spin,good,batting_paradise,182,24,62,3,6,1,0
250,10,middle,R Sharma,RHB,top,K Ahmed,pace,avg,batting_paradise,182,0,68,4,6,1,1
250,11,middle,D Padikkal,LHB,avg,A Rashid,spin,elite,batting_paradise,182,0,74,5,4,0,0
250,12,middle,D Padikkal,LHB,avg,H Patel,pace,avg,batting_paradise,182,6,78,5,3,0,1
250,13,middle,D Padikkal,LHB,avg,Y Chahal,spin,good,batting_paradise,182,12,81,5,4,0,1
250,14,middle,D Padikkal,LHB,avg,T Boult,pace,good,batting_paradise,182,18,85,5,10,0,0
250,15,middle,D Padikkal,LHB,avg,R Jadeja,spin,good,batting_paradise,182,24,95,5,4,0,0
250,16,death,D Padikkal,LHB,avg,K Ahmed,pace,avg,batting_paradise,182,30,99,5,19,1,2
251,1,powerplay,V Kohli,RHB,top,A Rashid,spin,elite,batting_paradise,144,0,0,0,7,0,0
251,2,powerplay,V Kohli,RHB,top,J Bumrah,pace,elite,batting_paradise,144,6,7,0,8,0,0
251,3,powerplay,V Kohli,RHB,top,M Shami,pace,good,batting_paradise,144,12,15,0,8,1,1
251,4,powerplay,R Parag,RHB,avg,T Boult,pace,good,batting_paradise,144,0,23,1,11,0,0
251,5,powerplay,R Parag,RHB,avg,K Ahmed,pace,avg,batting_paradise,144,6,34,1,9,0,1
251,6,powerplay,R Parag,RHB,avg,H Patel,pace,avg,batting_paradise,144,12,43,1,6,0,0
251,7,middle,R Parag,RHB,avg,A Rashid,spin,elite,batting_paradise,144,18,49,1,7,0,0
251,8,middle,R Parag,RHB,avg,J Bumrah,pace,elite,batting_paradise,144,24,56,1,3,1,0
251,9,middle,D Padikkal,LHB,avg,M Shami,pace,good,batting_paradise,144,0,59,2,1,1,1
251,10,middle,R Pant,LHB,top,T Boult,pace,good,batting_paradise,144,0,60,3,4,0,0
251,11,middle,R Pant,LHB,top,K Ahmed,pace,avg,batting_paradise,144,6,64,3,11,0,0
251,12,middle,R Pant,LHB,top,H Patel,pace,avg,batting_paradise,144,12,75,3,12,0,2
251,13,middle,R Pant,LHB,top,A Rashid,spin,elite,batting_paradise,144,18,87,3,7,0,0
251,14,middle,R Pant,LHB,top,J Bumrah,pace,elite,batting_paradise,144,24,94,3,16,1,2
251,15,middle,N Pooran,LHB,top,M Shami,pace,good,batting_paradise,144,0,110,4,11,1,0
251,16,death,R Sharma,RHB,top,T Boult,pace,good,batting_paradise,144,0,121,5,15,0,1
251,17,death,R Sharma,RHB,top,K Ahmed,pace,avg,batting_paradise,144,6,136,5,19,0,2
251,18,death,R Sharma,RHB,top,H Patel,pace,avg,batting_paradise,144,12,155,5,15,0,2
251,19,death,R Sharma,RHB,top,A Rashid,spin,elite,batting_paradise,144,18,170,5,11,1,1
252,1,powerplay,S Yadav,RHB,top,J Bumrah,pace,elite,batting_paradise,202,0,0,0,8,0,0
252,2,powerplay,S Yadav,RHB,top,H Patel,pace,avg,batting_paradise,202,6,8,0,5,1,1
252,3,powerplay,H Pandya,RHB,solid,T Boult,pace,good,batting_paradise,202,0,13,1,10,0,0
252,4,powerplay,H Pandya,RHB,solid,Y Chahal,spin,good,batting_paradise,202,6,23,1,8,0,0
252,5,powerplay,H Pandya,RHB,solid,M Shami,pace,good,batting_paradise,202,12,31,1,7,0,0
252,6,powerplay,H Pandya,RHB,solid,A Rashid,spin,elite,batting_paradise,202,18,38,1,11,0,0
252,7,middle,H Pandya,RHB,solid,J Bumrah,pace,elite,batting_paradise,202,24,49,1,11,0,0
252,8,middle,H Pandya,RHB,solid,H Patel,pace,avg,batting_paradise,202,30,60,1,6,0,0
252,9,middle,H Pandya,RHB,solid,T Boult,pace,good,batting_paradise,202,36,66,1,11,0,1
252,10,middle,H Pandya,RHB,solid,Y Chahal,spin,good,batting_paradise,202,42,77,1,11,0,0
252,11,middle,H Pandya,RHB,solid,M Shami,pace,good,batting_paradise,202,48,88,1,9,0,0
252,12,middle,H Pandya,RHB,solid,A Rashid,spin,elite,batting_paradise,202,54,97,1,9,0,0
252,13,middle,H Pandya,RHB,solid,J Bumrah,pace,elite,batting_paradise,202,60,106,1,13,0,2
252,14,middle,H Pandya,RHB,solid,H Patel,pace,avg,batting_paradise,202,66,119,1,7,0,1
252,15,middle,H Pandya,RHB,solid,T Boult,pace,good,batting_paradise,202,72,126,1,4,0,0
252,16,death,H Pandya,RHB,solid,Y Chahal,spin,good,batting_paradise,202,78,130,1,7,0,0
252,17,death,H Pandya,RHB,solid,M Shami,pace,good,batting_paradise,202,84,137,1,11,0,1
252,18,death,H Pandya,RHB,solid,A Rashid,spin,elite,batting_paradise,202,90,148,1,4,0,0
252,19,death,H Pandya,RHB,solid,J Bumrah,pace,elite,batting_paradise,202,96,152,1,8,1,0
252,20,death,KL Rahul,RHB,solid,H Patel,pace,avg,batting_paradise,202,0,160,2,17,0,1
253,1,powerplay,D Padikkal,LHB,avg,K Ahmed,pace,avg,batting_paradise,157,0,0,0,5,0,0
253,2,powerplay,D Padikkal,LHB,avg,J Bumrah,pace,elite,batting_paradise,157,6,5,0,3,1,0
253,3,powerplay,S Gill,RHB,solid,H Patel,pace,avg,batting_paradise,157,0,8,1,11,1,0
253,4,powerplay,R Sharma,RHB,top,T Boult,pace,good,batting_paradise,157,0,19,2,8,1,0
253,5,powerplay,V Kohli,RHB,top,R Jadeja,spin,good,batting_paradise,157,0,27,3,7,0,0
253,6,powerplay,V Kohli,RHB,top,M Shami,pace,good,batting_paradise,157,6,34,3,9,0,1
253,7,middle,V Kohli,RHB,top,K Ahmed,pace,avg,batting_paradise,157,12,43,3,8,0,1
253,8,middle,V Kohli,RHB,top,J Bumrah,pace,elite,batting_paradise,157,18,51,3,8,0,0
253,9,middle,V Kohli,RHB,top,H Patel,pace,avg,batting_paradise,157,24,59,3,11,0,0
253,10,middle,V Kohli,RHB,top,T Boult,pace,good,batting_paradise,157,30,70,3,17,0,2
253,11,middle,V Kohli,RHB,top,R Jadeja,spin,good,batting_paradise,157,36,87,3,9,0,1
253,12,middle,V Kohli,RHB,top,M Shami,pace,good,batting_paradise,157,42,96,3,11,0,0
253,13,middle,V Kohli,RHB,top,K Ahmed,pace,avg,batting_paradise,157,48,107,3,8,1,1
253,14,middle,R Pant,LHB,top,J Bumrah,pace,elite,batting_paradise,157,0,115,4,8,0,1
253,15,middle,R Pant,LHB,top,H Patel,pace,avg,batting_paradise,157,6,123,4,14,0,1
253,16,death,R Pant,LHB,top,T Boult,pace,good,batting_paradise,157,12,137,4,16,0,2
253,17,death,R Pant,LHB,top,R Jadeja,spin,good,batting_paradise,157,18,153,4,9,0,0
253,18,death,R Pant,LHB,top,M Shami,pace,good,batting_paradise,157,24,162,4,15,0,2
253,19,death,R Pant,LHB,top,K Ahmed,pace,avg,batting_paradise,157,30,177,4,25,0,1
253,20,death,R Pant,LHB,top,J Bumrah,pace,elite,batting_paradise,157,36,202,4,19,0,1
254,1,powerplay,V Kohli,RHB,top,T Boult,pace,good,slow_turner,162,0,0,0,6,1,1
254,2,powerplay,R Parag,RHB,avg,R Jadeja,spin,good,slow_turner,162,0,6,1,3,0,0
254,3,powerplay,R Parag,RHB,avg,M Shami,pace,good,slow_turner,162,6,9,1,6,0,0
254,4,powerplay,R Parag,RHB,avg,Y Chahal,spin,good,slow_turner,162,12,15,1,7,1,0
254,5,powerplay,R Pant,LHB,top,H Patel,pace,avg,slow_turner,162,0,22,2,9,0,1
254,6,powerplay,R Pant,LHB,top,J Bumrah,pace,elite,slow_turner,162,6,31,2,4,0,0
254,7,middle,R Pant,LHB,top,T Boult,pace,good,slow_turner,162,12,35,2,7,0,0
254,8,middle,R Pant,LHB,top,R Jadeja,spin,good,slow_turner,162,18,42,2,7,0,1
254,9,middle,R Pant,LHB,top,M Shami,pace,good,slow_turner,162,24,49,2,4,0,1
254,10,middle,R Pant,LHB,top,Y Chahal,spin,good,slow_turner,162,30,53,2,5,0,0
254,11,middle,R Pant,LHB,top,H Patel,pace,avg,slow_turner,162,36,58,2,1,1,0
254,12,middle,S Yadav,RHB,top,J Bumrah,pace,elite,slow_turner,162,0,59,3,7,0,0
254,13,middle,S Yadav,RHB,top,T Boult,pace,good,slow_turner,162,6,66,3,6,0,0
254,14,middle,S Yadav,RHB,top,R Jadeja,spin,good,slow_turner,162,12,72,3,8,1,0
254,15,middle,R Sharma,RHB,top,M Shami,pace,good,slow_turner,162,0,80,4,6,0,0
254,16,death,R Sharma,RHB,top,Y Chahal,spin,good,slow_turner,162,6,86,4,1,1,1
254,17,death,S Gill,RHB,solid,H Patel,pace,avg,slow_turner,162,0,87,5,2,0,1
254,18,death,S Gill,RHB,solid,J Bumrah,pace,elite,slow_turner,162,6,89,5,5,1,0
255,1,powerplay,S Yadav,RHB,top,M Shami,pace,good,seaming_track,148,0,0,0,6,1,0
255,2,powerplay,KL Rahul,RHB,solid,J Bumrah,pace,elite,seaming_track,148,0,6,1,3,1,0
255,3,powerplay,R Pant,LHB,top,Y Chahal,spin,good,seaming_track,148,0,9,2,9,0,0
255,4,powerplay,R Pant,LHB,top,H Patel,pace,avg,seaming_track,148,6,18,2,4,0,0
255,5,powerplay,R Pant,LHB,top,R Jadeja,spin,good,seaming_track,148,12,22,2,5,0,0
255,6,powerplay,R Pant,LHB,top,T Boult,pace,good,seaming_track,148,18,27,2,6,0,1
255,7,middle,R Pant,LHB,top,M Shami,pace,good,seaming_track,148,24,33,2,7,0,0
255,8,middle,R Pant,LHB,top,J Bumrah,pace,elite,seaming_track,148,30,40,2,5,1,0
255,9,middle,R Sharma,RHB,top,Y Chahal,spin,good,seaming_track,148,0,45,3,3,0,0
255,10,middle,R Sharma,RHB,top,H Patel,pace,avg,seaming_track,148,6,48,3,7,1,0
255,11,middle,H Pandya,RHB,solid,R Jadeja,spin,good,seaming_track,148,0,55,4,4,0,0
255,12,middle,H Pandya,RHB,solid,T Boult,pace,good,seaming_track,148,6,59,4,4,1,0
255,13,middle,N Pooran,LHB,top,M Shami,pace,good,seaming_track,148,0,63,5,4,0,0
255,14,middle,N Pooran,LHB,top,J Bumrah,pace,elite,seaming_track,148,6,67,5,6,0,0
255,15,middle,N Pooran,LHB,top,Y Chahal,spin,good,seaming_track,148,12,73,5,7,1,0
256,1,powerplay,S Yadav,RHB,top,A Rashid,spin,elite,seaming_track,150,0,0,0,7,0,0
256,2,powerplay,S Yadav,RHB,top,K Ahmed,pace,avg,seaming_track,150,6,7,0,9,0,0
256,3,powerplay,S Yadav,RHB,top,R Jadeja,spin,good,seaming_track,150,12,16,0,10,0,1
256,4,powerplay,S Yadav,RHB,top,Y Chahal,spin,good,seaming_track,150,18,26,0,10,0,0
256,5,powerplay,S Yadav,RHB,top,J Bumrah,pace,elite,seaming_track,150,24,36,0,9,0,0
256,6,powerplay,S Yadav,RHB,top,H Patel,pace,avg,seaming_track,150,30,45,0,13,0,1
256,7,middle,S Yadav,RHB,top,A Rashid,spin,elite,seaming_track,150,36,58,0,12,0,1
256,8,middle,S Yadav,RHB,top,K Ahmed,pace,avg,seaming_track,150,42,70,0,10,0,0
256,9,middle,S Yadav,RHB,top,R Jadeja,spin,good,seaming_track,150,48,80,0,9,1,1
256,10,middle,N Pooran,LHB,top,Y Chahal,spin,good,seaming_track,150,0,89,1,11,0,0
256,11,middle,N Pooran,LHB,top,J Bumrah,pace,elite,seaming_track,150,6,100,1,5,1,0
256,12,middle,V Kohli,RHB,top,H Patel,pace,avg,seaming_track,150,0,105,2,2,0,0
256,13,middle,V Kohli,RHB,top,A Rashid,spin,elite,seaming_track,150,6,107,2,2,0,0
256,14,middle,V Kohli,RHB,top,K Ahmed,pace,avg,seaming_track,150,12,109,2,4,1,0
256,15,middle,H Pandya,RHB,solid,R Jadeja,spin,good,seaming_track,150,0,113,3,4,0,0
256,16,death,H Pandya,RHB,solid,Y Chahal,spin,good,seaming_track,150,6,117,3,3,0,1
256,17,death,H Pandya,RHB,solid,J Bumrah,pace,elite,seaming_track,150,12,120,3,5,1,0
256,18,death,R Parag,RHB,avg,H Patel,pace,avg,seaming_track,150,0,125,4,2,1,0
256,19,death,R Pant,LHB,top,A Rashid,spin,elite,seaming_track,150,0,127,5,3,0,0
256,20,death,R Pant,LHB,top,K Ahmed,pace,avg,seaming_track,150,6,130,5,10,0,0
257,1,powerplay,N Pooran,LHB,top,A Rashid,spin,elite,balanced,154,0,0,0,9,0,0
257,2,powerplay,N Pooran,LHB,top,J Bumrah,pace,elite,balanced,154,6,9,0,6,0,0
257,3,powerplay,N Pooran,LHB,top,H Patel,pace,avg,balanced,154,12,15,0,5,1,1
257,4,powerplay,KL Rahul,RHB,solid,K Ahmed,pace,avg,balanced,154,0,20,1,7,0,1
257,5,powerplay,KL Rahul,RHB,solid,Y Chahal,spin,good,balanced,154,6,27,1,3,1,0
257,6,powerplay,R Sharma,RHB,top,M Shami,pace,good,balanced,154,0,30,2,7,1,0
257,7,middle,R Parag,RHB,avg,A Rashid,spin,elite,balanced,154,0,37,3,0,1,0
257,8,middle,S Yadav,RHB,top,J Bumrah,pace,elite,balanced,154,0,37,4,2,0,0
257,9,middle,S Yadav,RHB,top,H Patel,pace,avg,balanced,154,6,39,4,12,0,1
257,10,middle,S Yadav,RHB,top,K Ahmed,pace,avg,balanced,154,12,51,4,9,0,1
257,11,middle,S Yadav,RHB,top,Y Chahal,spin,good,balanced,154,18,60,4,8,0,0
257,12,middle,S Yadav,RHB,top,M Shami,pace,good,balanced,154,24,68,4,11,0,1
257,13,middle,S Yadav,RHB,top,A Rashid,spin,elite,balanced,154,30,79,4,13,0,1
257,14,middle,S Yadav,RHB,top,J Bumrah,pace,elite,balanced,154,36,92,4,13,0,1
257,15,middle,S Yadav,RHB,top,H Patel,pace,avg,balanced,154,42,105,4,20,0,1
257,16,death,S Yadav,RHB,top,K Ahmed,pace,avg,balanced,154,48,125,4,11,1,1
257,17,death,D Padikkal,LHB,avg,Y Chahal,spin,good,balanced,154,0,136,5,4,1,0
258,1,powerplay,R Pant,LHB,top,J Bumrah,pace,elite,batting_paradise,164,0,0,0,6,1,0
258,2,powerplay,V Kohli,RHB,top,R Jadeja,spin,good,batting_paradise,164,0,6,1,6,1,0
258,3,powerplay,N Pooran,LHB,top,T Boult,pace,good,batting_paradise,164,0,12,2,7,1,0
258,4,powerplay,S Yadav,RHB,top,Y Chahal,spin,good,batting_paradise,164,0,19,3,13,1,1
258,5,powerplay,H Pandya,RHB,solid,H Patel,pace,avg,batting_paradise,164,0,32,4,8,0,1
258,6,powerplay,H Pandya,RHB,solid,K Ahmed,pace,avg,batting_paradise,164,6,40,4,9,0,0
258,7,middle,H Pandya,RHB,solid,J Bumrah,pace,elite,batting_paradise,164,12,49,4,6,0,1
258,8,middle,H Pandya,RHB,solid,R Jadeja,spin,good,batting_paradise,164,18,55,4,9,0,1
258,9,middle,H Pandya,RHB,solid,T Boult,pace,good,batting_paradise,164,24,64,4,10,0,1
258,10,middle,H Pandya,RHB,solid,Y Chahal,spin,good,batting_paradise,164,30,74,4,5,0,1
258,11,middle,H Pandya,RHB,solid,H Patel,pace,avg,batting_paradise,164,36,79,4,10,0,0
258,12,middle,H Pandya,RHB,solid,K Ahmed,pace,avg,batting_paradise,164,42,89,4,14,0,1
258,13,middle,H Pandya,RHB,solid,J Bumrah,pace,elite,batting_paradise,164,48,103,4,5,0,0
258,14,middle,H Pandya,RHB,solid,R Jadeja,spin,good,batting_paradise,164,54,108,4,9,0,0
258,15,middle,H Pandya,RHB,solid,T Boult,pace,good,batting_paradise,164,60,117,4,12,0,1
258,16,death,H Pandya,RHB,solid,Y Chahal,spin,good,batting_paradise,164,66,129,4,11,0,1
258,17,death,H Pandya,RHB,solid,H Patel,pace,avg,batting_paradise,164,72,140,4,20,0,2
258,18,death,H Pandya,RHB,solid,K Ahmed,pace,avg,batting_paradise,164,78,160,4,22,1,1
258,19,death,KL Rahul,RHB,solid,J Bumrah,pace,elite,batting_paradise,164,0,182,5,14,0,1
258,20,death,KL Rahul,RHB,solid,R Jadeja,spin,good,batting_paradise,164,6,196,5,7,1,0
259,1,powerplay,R Pant,LHB,top,K Ahmed,pace,avg,seaming_track,196,0,0,0,14,0,1
259,2,powerplay,R Pant,LHB,top,J Bumrah,pace,elite,seaming_track,196,6,14,0,4,1,0
259,3,powerplay,R Sharma,RHB,top,M Shami,pace,good,seaming_track,196,0,18,1,3,0,0
259,4,powerplay,R Sharma,RHB,top,R Jadeja,spin,good,seaming_track,196,6,21,1,8,0,0
259,5,powerplay,R Sharma,RHB,top,A Rashid,spin,elite,seaming_track,196,12,29,1,6,0,0
259,6,powerplay,R Sharma,RHB,top,H Patel,pace,avg,seaming_track,196,18,35,1,5,0,0
259,7,middle,R Sharma,RHB,top,K Ahmed,pace,avg,seaming_track,196,24,40,1,9,0,0
259,8,middle,R Sharma,RHB,top,J Bumrah,pace,elite,seaming_track,196,30,49,1,3,0,0
259,9,middle,R Sharma,RHB,top,M Shami,pace,good,seaming_track,196,36,52,1,7,1,1
259,10,middle,S Gill,RHB,solid,R Jadeja,spin,good,seaming_track,196,0,59,2,1,1,0
259,11,middle,N Pooran,LHB,top,A Rashid,spin,elite,seaming_track,196,0,60,3,7,0,0
259,12,middle,N Pooran,LHB,top,H Patel,pace,avg,seaming_track,196,6,67,3,5,0,0
259,13,middle,N Pooran,LHB,top,K Ahmed,pace,avg,seaming_track,196,12,72,3,6,1,0
259,14,middle,KL Rahul,RHB,solid,J Bumrah,pace,elite,seaming_track,196,0,78,4,6,0,0
259,15,middle,KL Rahul,RHB,solid,M Shami,pace,good,seaming_track,196,6,84,4,3,1,1
259,16,death,R Parag,RHB,avg,R Jadeja,spin,good,seaming_track,196,0,87,5,3,1,0
260,1,powerplay,KL Rahul,RHB,solid,M Shami,pace,good,balanced,164,0,0,0,4,0,0
260,2,powerplay,KL Rahul,RHB,solid,J Bumrah,pace,elite,balanced,164,6,4,0,6,0,0
260,3,powerplay,KL Rahul,RHB,solid,R Jadeja,spin,good,balanced,164,12,10,0,9,0,0
260,4,powerplay,KL Rahul,RHB,solid,H Patel,pace,avg,balanced,164,18,19,0,9,0,0
260,5,powerplay,KL Rahul,RHB,solid,T Boult,pace,good,balanced,164,24,28,0,8,0,0
260,6,powerplay,KL Rahul,RHB,solid,Y Chahal,spin,good,balanced,164,30,36,0,15,0,1
260,7,middle,KL Rahul,RHB,solid,M Shami,pace,good,balanced,164,36,51,0,7,0,0
260,8,middle,KL Rahul,RHB,solid,J Bumrah,pace,elite,balanced,164,42,58,0,4,0,0
260,9,middle,KL Rahul,RHB,solid,R Jadeja,spin,good,balanced,164,48,62,0,11,0,0
260,10,middle,KL Rahul,RHB,solid,H Patel,pace,avg,balanced,164,54,73,0,7,0,0
260,11,middle,KL Rahul,RHB,solid,T Boult,pace,good,balanced,164,60,80,0,8,0,1
260,12,middle,KL Rahul,RHB,solid,Y Chahal,spin,good,balanced,164,66,88,0,8,1,0
260,13,middle,D Padikkal,LHB,avg,M Shami,pace,good,balanced,164,0,96,1,6,0,0
260,14,middle,D Padikkal,LHB,avg,J Bumrah,pace,elite,balanced,164,6,102,1,4,1,0
260,15,middle,N Pooran,LHB,top,R Jadeja,spin,good,balanced,164,0,106,2,3,1,0
260,16,death,S Yadav,RHB,top,H Patel,pace,avg,balanced,164,0,109,3,12,0,1
260,17,death,S Yadav,RHB,top,T Boult,pace,good,balanced,164,6,121,3,10,1,0
260,18,death,V Kohli,RHB,top,Y Chahal,spin,good,balanced,164,0,131,4,9,1,0
260,19,death,R Pant,LHB,top,M Shami,pace,good,balanced,164,0,140,5,5,1,0
261,1,powerplay,R Sharma,RHB,top,M Shami,pace,good,seaming_track,160,0,0,0,5,0,0
261,2,powerplay,R Sharma,RHB,top,H Patel,pace,avg,seaming_track,160,6,5,0,4,0,1
261,3,powerplay,R Sharma,RHB,top,T Boult,pace,good,seaming_track,160,12,9,0,8,0,0
261,4,powerplay,R Sharma,RHB,top,J Bumrah,pace,elite,seaming_track,160,18,17,0,6,1,0
261,5,powerplay,D Padikkal,LHB,avg,K Ahmed,pace,avg,seaming_track,160,0,23,1,3,1,0
261,6,powerplay,H Pandya,RHB,solid,A Rashid,spin,elite,seaming_track,160,0,26,2,2,0,0
261,7,middle,H Pandya,RHB,solid,M Shami,pace,good,seaming_track,160,6,28,2,6,1,0
261,8,middle,KL Rahul,RHB,solid,H Patel,pace,avg,seaming_track,160,0,34,3,5,1,0
261,9,middle,R Pant,LHB,top,T Boult,pace,good,seaming_track,160,0,39,4,3,1,0
261,10,middle,S Yadav,RHB,top,J Bumrah,pace,elite,seaming_track,160,0,42,5,6,1,0
262,1,powerplay,D Padikkal,LHB,avg,Y Chahal,spin,good,balanced,175,0,0,0,3,1,0
262,2,powerplay,S Yadav,RHB,top,K Ahmed,pace,avg,balanced,175,0,3,1,10,0,0
262,3,powerplay,S Yadav,RHB,top,M Shami,pace,good,balanced,175,6,13,1,8,1,0
262,4,powerplay,H Pandya,RHB,solid,H Patel,pace,avg,balanced,175,0,21,2,6,1,0
262,5,powerplay,N Pooran,LHB,top,J Bumrah,pace,elite,balanced,175,0,27,3,6,0,0
262,6,powerplay,N Pooran,LHB,top,R Jadeja,spin,good,balanced,175,6,33,3,4,0,0
262,7,middle,N Pooran,LHB,top,Y Chahal,spin,good,balanced,175,12,37,3,9,1,0
262,8,middle,KL Rahul,RHB,solid,K Ahmed,pace,avg,balanced,175,0,46,4,7,0,0
262,9,middle,KL Rahul,RHB,solid,M Shami,pace,good,balanced,175,6,53,4,6,0,0
262,10,middle,KL Rahul,RHB,solid,H Patel,pace,avg,balanced,175,12,59,4,14,0,2
262,11,middle,KL Rahul,RHB,solid,J Bumrah,pace,elite,balanced,175,18,73,4,4,0,0
262,12,middle,KL Rahul,RHB,solid,R Jadeja,spin,good,balanced,175,24,77,4,7,0,1
262,13,middle,KL Rahul,RHB,solid,Y Chahal,spin,good,balanced,175,30,84,4,8,0,0
262,14,middle,KL Rahul,RHB,solid,K Ahmed,pace,avg,balanced,175,36,92,4,5,0,0
262,15,middle,KL Rahul,RHB,solid,M Shami,pace,good,balanced,175,42,97,4,12,0,1
262,16,death,KL Rahul,RHB,solid,H Patel,pace,avg,balanced,175,48,109,4,7,0,0
262,17,death,KL Rahul,RHB,solid,J Bumrah,pace,elite,balanced,175,54,116,4,8,1,1
262,18,death,R Sharma,RHB,top,R Jadeja,spin,good,balanced,175,0,124,5,11,0,0
262,19,death,R Sharma,RHB,top,Y Chahal,spin,good,balanced,175,6,135,5,9,1,0
263,1,powerplay,V Kohli,RHB,top,R Jadeja,spin,good,slow_turner,141,0,0,0,5,1,0
263,2,powerplay,R Parag,RHB,avg,H Patel,pace,avg,slow_turner,141,0,5,1,5,0,0
263,3,powerplay,R Parag,RHB,avg,A Rashid,spin,elite,slow_turner,141,6,10,1,1,0,0
263,4,powerplay,R Parag,RHB,avg,M Shami,pace,good,slow_turner,141,12,11,1,4,1,0
263,5,powerplay,R Sharma,RHB,top,Y Chahal,spin,good,slow_turner,141,0,15,2,3,1,0
263,6,powerplay,S Gill,RHB,solid,K Ahmed,pace,avg,slow_turner,141,0,18,3,11,0,0
263,7,middle,S Gill,RHB,solid,R Jadeja,spin,good,slow_turner,141,6,29,3,3,1,0
263,8,middle,R Pant,LHB,top,H Patel,pace,avg,slow_turner,141,0,32,4,7,0,0
263,9,middle,R Pant,LHB,top,A Rashid,spin,elite,slow_turner,141,6,39,4,0,1,0
263,10,middle,S Yadav,RHB,top,M Shami,pace,good,slow_turner,141,0,39,5,5,1,0
264,1,powerplay,V Kohli,RHB,top,H Patel,pace,avg,balanced,149,0,0,0,7,0,0
264,2,powerplay,V Kohli,RHB,top,R Jadeja,spin,good,balanced,149,6,7,0,8,0,0
264,3,powerplay,V Kohli,RHB,top,Y Chahal,spin,good,balanced,149,12,15,0,8,0,0
264,4,powerplay,V Kohli,RHB,top,T Boult,pace,good,balanced,149,18,23,0,13,1,1
264,5,powerplay,N Pooran,LHB,top,M Shami,pace,good,balanced,149,0,36,1,4,1,0
264,6,powerplay,R Pant,LHB,top,K Ahmed,pace,avg,balanced,149,0,40,2,9,1,0
264,7,middle,KL Rahul,RHB,solid,H Patel,pace,avg,balanced,149,0,49,3,4,0,0
264,8,middle,KL Rahul,RHB,solid,R Jadeja,spin,good,balanced,149,6,53,3,2,1,0
264,9,middle,H Pandya,RHB,solid,Y Chahal,spin,good,balanced,149,0,55,4,1,1,0
264,10,middle,R Parag,RHB,avg,T Boult,pace,good,balanced,149,0,56,5,0,1,0
265,1,powerplay,D Padikkal,LHB,avg,K Ahmed,pace,avg,slow_turner,174,0,0,0,5,0,0
265,2,powerplay,D Padikkal,LHB,avg,T Boult,pace,good,slow_turner,174,6,5,0,0,1,0
265,3,powerplay,R Sharma,RHB,top,Y Chahal,spin,good,slow_turner,174,0,5,1,5,0,0
265,4,powerplay,R Sharma,RHB,top,A Rashid,spin,elite,slow_turner,174,6,10,1,8,1,0
265,5,powerplay,V Kohli,RHB,top,R Jadeja,spin,good,slow_turner,174,0,18,2,4,0,0
265,6,powerplay,V Kohli,RHB,top,M Shami,pace,good,slow_turner,174,6,22,2,7,0,1
265,7,middle,V Kohli,RHB,top,K Ahmed,pace,avg,slow_turner,174,12,29,2,16,0,1
265,8,middle,V Kohli,RHB,top,T Boult,pace,good,slow_turner,174,18,45,2,7,0,0
265,9,middle,V Kohli,RHB,top,Y Chahal,spin,good,slow_turner,174,24,52,2,4,1,0
265,10,middle,S Gill,RHB,solid,A Rashid,spin,elite,slow_turner,174,0,56,3,1,1,0
265,11,middle,N Pooran,LHB,top,R Jadeja,spin,good,slow_turner,174,0,57,4,2,1,0
265,12,middle,KL Rahul,RHB,solid,M Shami,pace,good,slow_turner,174,0,59,5,0,1,0
266,1,powerplay,R Sharma,RHB,top,T Boult,pace,good,balanced,141,0,0,0,1,1,0
266,2,powerplay,N Pooran,LHB,top,H Patel,pace,avg,balanced,141,0,1,1,15,0,1
266,3,powerplay,N Pooran,LHB,top,Y Chahal,spin,good,balanced,141,6,16,1,10,0,0
266,4,powerplay,N Pooran,LHB,top,R Jadeja,spin,good,balanced,141,12,26,1,8,0,0
266,5,powerplay,N Pooran,LHB,top,K Ahmed,pace,avg,balanced,141,18,34,1,12,0,1
266,6,powerplay,N Pooran,LHB,top,M Shami,pace,good,balanced,141,24,46,1,10,0,0
266,7,middle,N Pooran,LHB,top,T Boult,pace,good,balanced,141,30,56,1,6,0,0
266,8,middle,N Pooran,LHB,top,H Patel,pace,avg,balanced,141,36,62,1,11,0,0
266,9,middle,N Pooran,LHB,top,Y Chahal,spin,good,balanced,141,42,73,1,7,0,0
266,10,middle,N Pooran,LHB,top,R Jadeja,spin,good,balanced,141,48,80,1,9,0,0
266,11,middle,N Pooran,LHB,top,K Ahmed,pace,avg,balanced,141,54,89,1,5,0,0
266,12,middle,N Pooran,LHB,top,M Shami,pace,good,balanced,141,60,94,1,11,0,0
266,13,middle,N Pooran,LHB,top,T Boult,pace,good,balanced,141,66,105,1,8,0,1
266,14,middle,N Pooran,LHB,top,H Patel,pace,avg,balanced,141,72,113,1,13,0,2
266,15,middle,N Pooran,LHB,top,Y Chahal,spin,good,balanced,141,78,126,1,8,0,0
266,16,death,N Pooran,LHB,top,R Jadeja,spin,good,balanced,141,84,134,1,10,1,1
266,17,death,V Kohli,RHB,top,K Ahmed,pace,avg,balanced,141,0,144,2,7,0,1
266,18,death,V Kohli,RHB,top,M Shami,pace,good,balanced,141,6,151,2,13,0,2
266,19,death,V Kohli,RHB,top,T Boult,pace,good,balanced,141,12,164,2,14,0,1
266,20,death,V Kohli,RHB,top,H Patel,pace,avg,balanced,141,18,178,2,14,0,1
267,1,powerplay,H Pandya,RHB,solid,J Bumrah,pace,elite,balanced,181,0,0,0,6,1,0
267,2,powerplay,S Gill,RHB,solid,Y Chahal,spin,good,balanced,181,0,6,1,5,1,1
267,3,powerplay,R Sharma,RHB,top,T Boult,pace,good,balanced,181,0,11,2,5,0,1
267,4,powerplay,R Sharma,RHB,top,K Ahmed,pace,avg,balanced,181,6,16,2,7,0,0
267,5,powerplay,R Sharma,RHB,top,M Shami,pace,good,balanced,181,12,23,2,6,0,0
267,6,powerplay,R Sharma,RHB,top,H Patel,pace,avg,balanced,181,18,29,2,12,0,1
267,7,middle,R Sharma,RHB,top,J Bumrah,pace,elite,balanced,181,24,41,2,11,1,0
267,8,middle,KL Rahul,RHB,solid,Y Chahal,spin,good,balanced,181,0,52,3,6,0,0
267,9,middle,KL Rahul,RHB,solid,T Boult,pace,good,balanced,181,6,58,3,4,0,0
267,10,middle,KL Rahul,RHB,solid,K Ahmed,pace,avg,balanced,181,12,62,3,8,0,0
267,11,middle,KL Rahul,RHB,solid,M Shami,pace,good,balanced,181,18,70,3,4,0,1
267,12,middle,KL Rahul,RHB,solid,H Patel,pace,avg,balanced,181,24,74,3,8,0,1
267,13,middle,KL Rahul,RHB,solid,J Bumrah,pace,elite,balanced,181,30,82,3,5,0,0
267,14,middle,KL Rahul,RHB,solid,Y Chahal,spin,good,balanced,181,36,87,3,5,0,0
267,15,middle,KL Rahul,RHB,solid,T Boult,pace,good,balanced,181,42,92,3,4,1,0
267,16,death,V Kohli,RHB,top,K Ahmed,pace,avg,balanced,181,0,96,4,8,0,1
267,17,death,V Kohli,RHB,top,M Shami,pace,good,balanced,181,6,104,4,6,1,1
267,18,death,R Pant,LHB,top,H Patel,pace,avg,balanced,181,0,110,5,17,0,1
267,19,death,R Pant,LHB,top,J Bumrah,pace,elite,balanced,181,6,127,5,7,1,0
268,1,powerplay,R Pant,LHB,top,T Boult,pace,good,balanced,175,0,0,0,7,0,0
268,2,powerplay,R Pant,LHB,top,A Rashid,spin,elite,balanced,175,6,7,0,5,0,0
268,3,powerplay,R Pant,LHB,top,R Jadeja,spin,good,balanced,175,12,12,0,11,0,0
268,4,powerplay,R Pant,LHB,top,M Shami,pace,good,balanced,175,18,23,0,10,0,0
268,5,powerplay,R Pant,LHB,top,J Bumrah,pace,elite,balanced,175,24,33,0,16,0,1
268,6,powerplay,R Pant,LHB,top,K Ahmed,pace,avg,balanced,175,30,49,0,10,0,0
268,7,middle,R Pant,LHB,top,T Boult,pace,good,balanced,175,36,59,0,16,0,2
268,8,middle,R Pant,LHB,top,A Rashid,spin,elite,balanced,175,42,75,0,11,1,0
268,9,middle,S Gill,RHB,solid,R Jadeja,spin,good,balanced,175,0,86,1,7,0,0
268,10,middle,S Gill,RHB,solid,M Shami,pace,good,balanced,175,6,93,1,2,0,0
268,11,middle,S Gill,RHB,solid,J Bumrah,pace,elite,balanced,175,12,95,1,9,1,0
268,12,middle,V Kohli,RHB,top,K Ahmed,pace,avg,balanced,175,0,104,2,6,0,0
268,13,middle,V Kohli,RHB,top,T Boult,pace,good,balanced,175,6,110,2,8,0,0
268,14,middle,V Kohli,RHB,top,A Rashid,spin,elite,balanced,175,12,118,2,6,0,0
268,15,middle,V Kohli,RHB,top,R Jadeja,spin,good,balanced,175,18,124,2,4,0,0
268,16,death,V Kohli,RHB,top,M Shami,pace,good,balanced,175,24,128,2,11,0,0
268,17,death,V Kohli,RHB,top,J Bumrah,pace,elite,balanced,175,30,139,2,6,1,0
268,18,death,R Sharma,RHB,top,K Ahmed,pace,avg,balanced,175,0,145,3,7,1,0
268,19,death,H Pandya,RHB,solid,T Boult,pace,good,balanced,175,0,152,4,11,1,0
268,20,death,R Parag,RHB,avg,A Rashid,spin,elite,balanced,175,0,163,5,2,1,0
269,1,powerplay,H Pandya,RHB,solid,Y Chahal,spin,good,balanced,146,0,0,0,3,1,0
269,2,powerplay,R Sharma,RHB,top,A Rashid,spin,elite,balanced,146,0,3,1,4,0,0
269,3,powerplay,R Sharma,RHB,top,H Patel,pace,avg,balanced,146,6,7,1,9,0,0
269,4,powerplay,R Sharma,RHB,top,M Shami,pace,good,balanced,146,12,16,1,8,1,1
269,5,powerplay,R Parag,RHB,avg,J Bumrah,pace,elite,balanced,146,0,24,2,8,0,0
269,6,powerplay,R Parag,RHB,avg,R Jadeja,spin,good,balanced,146,6,32,2,4,0,0
269,7,middle,R Parag,RHB,avg,Y Chahal,spin,good,balanced,146,12,36,2,5,0,1
269,8,middle,R Parag,RHB,avg,A Rashid,spin,elite,balanced,146,18,41,2,2,0,0
269,9,middle,R Parag,RHB,avg,H Patel,pace,avg,balanced,146,24,43,2,6,0,0
269,10,middle,R Parag,RHB,avg,M Shami,pace,good,balanced,146,30,49,2,6,0,0
269,11,middle,R Parag,RHB,avg,J Bumrah,pace,elite,balanced,146,36,55,2,0,1,0
269,12,middle,D Padikkal,LHB,avg,R Jadeja,spin,good,balanced,146,0,55,3,3,0,0
269,13,middle,D Padikkal,LHB,avg,Y Chahal,spin,good,balanced,146,6,58,3,3,0,0
269,14,middle,D Padikkal,LHB,avg,A Rashid,spin,elite,balanced,146,12,61,3,5,1,1
269,15,middle,N Pooran,LHB,top,H Patel,pace,avg,balanced,146,0,66,4,16,0,2
269,16,death,N Pooran,LHB,top,M Shami,pace,good,balanced,146,6,82,4,3,1,0
269,17,death,V Kohli,RHB,top,J Bumrah,pace,elite,balanced,146,0,85,5,13,1,1
270,1,powerplay,R Pant,LHB,top,T Boult,pace,good,seaming_track,177,0,0,0,2,1,0
270,2,powerplay,D Padikkal,LHB,avg,J Bumrah,pace,elite,seaming_track,177,0,2,1,3,1,0
270,3,powerplay,S Yadav,RHB,top,R Jadeja,spin,good,seaming_track,177,0,5,2,3,0,0
270,4,powerplay,S Yadav,RHB,top,M Shami,pace,good,seaming_track,177,6,8,2,5,1,1
270,5,powerplay,R Parag,RHB,avg,Y Chahal,spin,good,seaming_track,177,0,13,3,7,0,0
270,6,powerplay,R Parag,RHB,avg,H Patel,pace,avg,seaming_track,177,6,20,3,6,0,0
270,7,middle,R Parag,RHB,avg,T Boult,pace,good,seaming_track,177,12,26,3,5,1,0
270,8,middle,R Sharma,RHB,top,J Bumrah,pace,elite,seaming_track,177,0,31,4,2,0,0
270,9,middle,R Sharma,RHB,top,R Jadeja,spin,good,seaming_track,177,6,33,4,7,0,0
270,10,middle,R Sharma,RHB,top,M Shami,pace,good,seaming_track,177,12,40,4,10,0,0
270,11,middle,R Sharma,RHB,top,Y Chahal,spin,good,seaming_track,177,18,50,4,5,0,0
270,12,middle,R Sharma,RHB,top,H Patel,pace,avg,seaming_track,177,24,55,4,15,1,1
270,13,middle,N Pooran,LHB,top,T Boult,pace,good,seaming_track,177,0,70,5,6,1,1
271,1,powerplay,N Pooran,LHB,top,H Patel,pace,avg,balanced,178,0,0,0,4,1,0
271,2,powerplay,D Padikkal,LHB,avg,J Bumrah,pace,elite,balanced,178,0,4,1,2,0,0
271,3,powerplay,D Padikkal,LHB,avg,A Rashid,spin,elite,balanced,178,6,6,1,2,1,0
271,4,powerplay,R Pant,LHB,top,K Ahmed,pace,avg,balanced,178,0,8,2,10,0,0
271,5,powerplay,R Pant,LHB,top,R Jadeja,spin,good,balanced,178,6,18,2,3,0,1
271,6,powerplay,R Pant,LHB,top,T Boult,pace,good,balanced,178,12,21,2,6,1,0
271,7,middle,R Parag,RHB,avg,H Patel,pace,avg,balanced,178,0,27,3,0,1,1
271,8,middle,R Sharma,RHB,top,J Bumrah,pace,elite,balanced,178,0,27,4,5,1,0
271,9,middle,V Kohli,RHB,top,A Rashid,spin,elite,balanced,178,0,32,5,4,0,0
271,10,middle,V Kohli,RHB,top,K Ahmed,pace,avg,balanced,178,6,36,5,6,1,1
272,1,powerplay,R Pant,LHB,top,Y Chahal,spin,good,seaming_track,156,0,0,0,3,0,0
272,2,powerplay,R Pant,LHB,top,A Rashid,spin,elite,seaming_track,156,6,3,0,7,0,0
272,3,powerplay,R Pant,LHB,top,H Patel,pace,avg,seaming_track,156,12,10,0,10,0,0
272,4,powerplay,R Pant,LHB,top,K Ahmed,pace,avg,seaming_track,156,18,20,0,18,0,1
272,5,powerplay,R Pant,LHB,top,M Shami,pace,good,seaming_track,156,24,38,0,9,0,0
272,6,powerplay,R Pant,LHB,top,J Bumrah,pace,elite,seaming_track,156,30,47,0,4,1,1
272,7,middle,KL Rahul,RHB,solid,Y Chahal,spin,good,seaming_track,156,0,51,1,6,1,0
272,8,middle,N Pooran,LHB,top,A Rashid,spin,elite,seaming_track,156,0,57,2,5,0,0
272,9,middle,N Pooran,LHB,top,H Patel,pace,avg,seaming_track,156,6,62,2,8,0,0
272,10,middle,N Pooran,LHB,top,K Ahmed,pace,avg,seaming_track,156,12,70,2,9,0,0
272,11,middle,N Pooran,LHB,top,M Shami,pace,good,seaming_track,156,18,79,2,5,0,1
272,12,middle,N Pooran,LHB,top,J Bumrah,pace,elite,seaming_track,156,24,84,2,5,1,0
272,13,middle,R Parag,RHB,avg,Y Chahal,spin,good,seaming_track,156,0,89,3,2,1,0
272,14,middle,S Yadav,RHB,top,A Rashid,spin,elite,seaming_track,156,0,91,4,7,0,0
272,15,middle,S Yadav,RHB,top,H Patel,pace,avg,seaming_track,156,6,98,4,7,0,1
272,16,death,S Yadav,RHB,top,K Ahmed,pace,avg,seaming_track,156,12,105,4,14,0,2
272,17,death,S Yadav,RHB,top,M Shami,pace,good,seaming_track,156,18,119,4,14,1,1
272,18,death,V Kohli,RHB,top,J Bumrah,pace,elite,seaming_track,156,0,133,5,12,1,1
273,1,powerplay,R Sharma,RHB,top,K Ahmed,pace,avg,batting_paradise,181,0,0,0,7,1,0
273,2,powerplay,R Pant,LHB,top,T Boult,pace,good,batting_paradise,181,0,7,1,7,0,1
273,3,powerplay,R Pant,LHB,top,H Patel,pace,avg,batting_paradise,181,6,14,1,13,1,1
273,4,powerplay,V Kohli,RHB,top,A Rashid,spin,elite,batting_paradise,181,0,27,2,13,1,1
273,5,powerplay,R Parag,RHB,avg,R Jadeja,spin,good,batting_paradise,181,0,40,3,3,0,0
273,6,powerplay,R Parag,RHB,avg,J Bumrah,pace,elite,batting_paradise,181,6,43,3,4,1,0
273,7,middle,KL Rahul,RHB,solid,K Ahmed,pace,avg,batting_paradise,181,0,47,4,8,0,0
273,8,middle,KL Rahul,RHB,solid,T Boult,pace,good,batting_paradise,181,6,55,4,7,0,0
273,9,middle,KL Rahul,RHB,solid,H Patel,pace,avg,batting_paradise,181,12,62,4,9,1,0
273,10,middle,H Pandya,RHB,solid,A Rashid,spin,elite,batting_paradise,181,0,71,5,5,0,1
273,11,middle,H Pandya,RHB,solid,R Jadeja,spin,good,batting_paradise,181,6,76,5,8,0,0
273,12,middle,H Pandya,RHB,solid,J Bumrah,pace,elite,batting_paradise,181,12,84,5,8,0,0
273,13,middle,H Pandya,RHB,solid,K Ahmed,pace,avg,batting_paradise,181,18,92,5,11,0,0
273,14,middle,H Pandya,RHB,solid,T Boult,pace,good,batting_paradise,181,24,103,5,5,1,1
274,1,powerplay,R Sharma,RHB,top,J Bumrah,pace,elite,slow_turner,186,0,0,0,5,1,0
274,2,powerplay,R Parag,RHB,avg,K Ahmed,pace,avg,slow_turner,186,0,5,1,4,0,0
274,3,powerplay,R Parag,RHB,avg,M Shami,pace,good,slow_turner,186,6,9,1,1,1,0
274,4,powerplay,S Gill,RHB,solid,T Boult,pace,good,slow_turner,186,0,10,2,7,0,0
274,5,powerplay,S Gill,RHB,solid,A Rashid,spin,elite,slow_turner,186,6,17,2,6,1,1
274,6,powerplay,S Yadav,RHB,top,Y Chahal,spin,good,slow_turner,186,0,23,3,2,1,0
274,7,middle,KL Rahul,RHB,solid,J Bumrah,pace,elite,slow_turner,186,0,25,4,0,1,0
274,8,middle,V Kohli,RHB,top,K Ahmed,pace,avg,slow_turner,186,0,25,5,5,0,0
274,9,middle,V Kohli,RHB,top,M Shami,pace,good,slow_turner,186,6,30,5,3,0,0
274,10,middle,V Kohli,RHB,top,T Boult,pace,good,slow_turner,186,12,33,5,3,0,0
274,11,middle,V Kohli,RHB,top,A Rashid,spin,elite,slow_turner,186,18,36,5,5,0,0
274,12,middle,V Kohli,RHB,top,Y Chahal,spin,good,slow_turner,186,24,41,5,7,0,0
274,13,middle,V Kohli,RHB,top,J Bumrah,pace,elite,slow_turner,186,30,48,5,5,1,0
275,1,powerplay,R Pant,LHB,top,M Shami,pace,good,seaming_track,202,0,0,0,3,1,0
275,2,powerplay,S Yadav,RHB,top,Y Chahal,spin,good,seaming_track,202,0,3,1,10,0,0
275,3,powerplay,S Yadav,RHB,top,J Bumrah,pace,elite,seaming_track,202,6,13,1,5,1,0
275,4,powerplay,D Padikkal,LHB,avg,A Rashid,spin,elite,seaming_track,202,0,18,2,7,0,0
275,5,powerplay,D Padikkal,LHB,avg,T Boult,pace,good,seaming_track,202,6,25,2,6,0,0
275,6,powerplay,D Padikkal,LHB,avg,K Ahmed,pace,avg,seaming_track,202,12,31,2,7,1,0
275,7,middle,KL Rahul,RHB,solid,M Shami,pace,good,seaming_track,202,0,38,3,6,0,0
275,8,middle,KL Rahul,RHB,solid,Y Chahal,spin,good,seaming_track,202,6,44,3,1,1,0
275,9,middle,N Pooran,LHB,top,J Bumrah,pace,elite,seaming_track,202,0,45,4,4,1,0
275,10,middle,H Pandya,RHB,solid,A Rashid,spin,elite,seaming_track,202,0,49,5,5,0,0
275,11,middle,H Pandya,RHB,solid,T Boult,pace,good,seaming_track,202,6,54,5,4,1,0
276,1,powerplay,D Padikkal,LHB,avg,J Bumrah,pace,elite,slow_turner,175,0,0,0,2,1,0
276,2,powerplay,V Kohli,RHB,top,K Ahmed,pace,avg,slow_turner,175,0,2,1,10,0,0
276,3,powerplay,V Kohli,RHB,top,H Patel,pace,avg,slow_turner,175,6,12,1,8,0,0
276,4,powerplay,V Kohli,RHB,top,T Boult,pace,good,slow_turner,175,12,20,1,7,0,0
276,5,powerplay,V Kohli,RHB,top,A Rashid,spin,elite,slow_turner,175,18,27,1,9,0,0
276,6,powerplay,V Kohli,RHB,top,R Jadeja,spin,good,slow_turner,175,24,36,1,3,1,0
276,7,middle,R Parag,RHB,avg,J Bumrah,pace,elite,slow_turner,175,0,39,2,2,1,0
276,8,middle,S Gill,RHB,solid,K Ahmed,pace,avg,slow_turner,175,0,41,3,6,0,0
276,9,middle,S Gill,RHB,solid,H Patel,pace,avg,slow_turner,175,6,47,3,5,1,0
276,10,middle,R Sharma,RHB,top,T Boult,pace,good,slow_turner,175,0,52,4,6,0,0
276,11,middle,R Sharma,RHB,top,A Rashid,spin,elite,slow_turner,175,6,58,4,2,1,1
276,12,middle,H Pandya,RHB,solid,R Jadeja,spin,good,slow_turner,175,0,60,5,2,0,0
276,13,middle,H Pandya,RHB,solid,J Bumrah,pace,elite,slow_turner,175,6,62,5,2,0,0
276,14,middle,H Pandya,RHB,solid,K Ahmed,pace,avg,slow_turner,175,12,64,5,4,0,0
276,15,middle,H Pandya,RHB,solid,H Patel,pace,avg,slow_turner,175,18,68,5,1,1,0
277,1,powerplay,R Parag,RHB,avg,J Bumrah,pace,elite,seaming_track,162,0,0,0,2,0,0
277,2,powerplay,R Parag,RHB,avg,M Shami,pace,good,seaming_track,162,6,2,0,2,1,0
277,3,powerplay,V Kohli,RHB,top,Y Chahal,spin,good,seaming_track,162,0,4,1,6,1,0
277,4,powerplay,D Padikkal,LHB,avg,K Ahmed,pace,avg,seaming_track,162,0,10,2,8,0,0
277,5,powerplay,D Padikkal,LHB,avg,R Jadeja,spin,good,seaming_track,162,6,18,2,3,0,0
277,6,powerplay,D Padikkal,LHB,avg,T Boult,pace,good,seaming_track,162,12,21,2,7,1,0
277,7,middle,R Sharma,RHB,top,J Bumrah,pace,elite,seaming_track,162,0,28,3,5,1,0
277,8,middle,KL Rahul,RHB,solid,M Shami,pace,good,seaming_track,162,0,33,4,5,1,0
277,9,middle,H Pandya,RHB,solid,Y Chahal,spin,good,seaming_track,162,0,38,5,7,0,0
277,10,middle,H Pandya,RHB,solid,K Ahmed,pace,avg,seaming_track,162,6,45,5,8,1,0
278,1,powerplay,D Padikkal,LHB,avg,M Shami,pace,good,batting_paradise,177,0,0,0,11,0,0
278,2,powerplay,D Padikkal,LHB,avg,Y Chahal,spin,good,batting_paradise,177,6,11,0,9,0,0
278,3,powerplay,D Padikkal,LHB,avg,A Rashid,spin,elite,batting_paradise,177,12,20,0,6,0,0
278,4,powerplay,D Padikkal,LHB,avg,H Patel,pace,avg,batting_paradise,177,18,26,0,8,0,0
278,5,powerplay,D Padikkal,LHB,avg,R Jadeja,spin,good,batting_paradise,177,24,34,0,9,1,1
278,6,powerplay,R Pant,LHB,top,J Bumrah,pace,elite,batting_paradise,177,0,43,1,6,0,0
278,7,middle,R Pant,LHB,top,M Shami,pace,good,batting_paradise,177,6,49,1,9,1,0
278,8,middle,N Pooran,LHB,top,Y Chahal,spin,good,batting_paradise,177,0,58,2,5,0,1
278,9,middle,N Pooran,LHB,top,A Rashid,spin,elite,batting_paradise,177,6,63,2,5,0,0
278,10,middle,N Pooran,LHB,top,H Patel,pace,avg,batting_paradise,177,12,68,2,9,0,0
278,11,middle,N Pooran,LHB,top,R Jadeja,spin,good,batting_paradise,177,18,77,2,10,0,0
278,12,middle,N Pooran,LHB,top,J Bumrah,pace,elite,batting_paradise,177,24,87,2,3,1,0
278,13,middle,R Sharma,RHB,top,M Shami,pace,good,batting_paradise,177,0,90,3,11,0,0
278,14,middle,R Sharma,RHB,top,Y Chahal,spin,good,batting_paradise,177,6,101,3,7,0,0
278,15,middle,R Sharma,RHB,top,A Rashid,spin,elite,batting_paradise,177,12,108,3,7,0,0
278,16,death,R Sharma,RHB,top,H Patel,pace,avg,batting_paradise,177,18,115,3,22,1,2
278,17,death,S Yadav,RHB,top,R Jadeja,spin,good,batting_paradise,177,0,137,4,5,0,0
278,18,death,S Yadav,RHB,top,J Bumrah,pace,elite,batting_paradise,177,6,142,4,12,1,1
278,19,death,R Parag,RHB,avg,M Shami,pace,good,batting_paradise,177,0,154,5,8,1,0
279,1,powerplay,S Yadav,RHB,top,J Bumrah,pace,elite,seaming_track,168,0,0,0,8,1,0
279,2,powerplay,N Pooran,LHB,top,Y Chahal,spin,good,seaming_track,168,0,8,1,6,1,1
279,3,powerplay,D Padikkal,LHB,avg,M Shami,pace,good,seaming_track,168,0,14,2,3,1,0
279,4,powerplay,S Gill,RHB,solid,T Boult,pace,good,seaming_track,168,0,17,3,2,1,0
279,5,powerplay,R Pant,LHB,top,R Jadeja,spin,good,seaming_track,168,0,19,4,6,1,0
279,6,powerplay,H Pandya,RHB,solid,A Rashid,spin,elite,seaming_track,168,0,25,5,5,1,0
280,1,powerplay,KL Rahul,RHB,solid,T Boult,pace,good,seaming_track,178,0,0,0,8,1,0
280,2,powerplay,V Kohli,RHB,top,H Patel,pace,avg,seaming_track,178,0,8,1,8,0,0
280,3,powerplay,V Kohli,RHB,top,Y Chahal,spin,good,seaming_track,178,6,16,1,9,1,0
280,4,powerplay,R Parag,RHB,avg,A Rashid,spin,elite,seaming_track,178,0,25,2,4,0,1
280,5,powerplay,R Parag,RHB,avg,R Jadeja,spin,good,seaming_track,178,6,29,2,3,0,0
280,6,powerplay,R Parag,RHB,avg,J Bumrah,pace,elite,seaming_track,178,12,32,2,2,1,0
280,7,middle,S Yadav,RHB,top,T Boult,pace,good,seaming_track,178,0,34,3,4,1,0
280,8,middle,R Sharma,RHB,top,H Patel,pace,avg,seaming_track,178,0,38,4,6,0,0
280,9,middle,R Sharma,RHB,top,Y Chahal,spin,good,seaming_track,178,6,44,4,3,0,0
280,10,middle,R Sharma,RHB,top,A Rashid,spin,elite,seaming_track,178,12,47,4,11,0,0
280,11,middle,R Sharma,RHB,top,R Jadeja,spin,good,seaming_track,178,18,58,4,10,0,0
280,12,middle,R Sharma,RHB,top,J Bumrah,pace,elite,seaming_track,178,24,68,4,8,0,0
280,13,middle,R Sharma,RHB,top,T Boult,pace,good,seaming_track,178,30,76,4,10,0,1
280,14,middle,R Sharma,RHB,top,H Patel,pace,avg,seaming_track,178,36,86,4,13,0,1
280,15,middle,R Sharma,RHB,top,Y Chahal,spin,good,seaming_track,178,42,99,4,5,0,0
280,16,death,R Sharma,RHB,top,A Rashid,spin,elite,seaming_track,178,48,104,4,11,1,0
280,17,death,R Pant,LHB,top,R Jadeja,spin,good,seaming_track,178,0,115,5,15,1,1
281,1,powerplay,H Pandya,RHB,solid,A Rashid,spin,elite,balanced,161,0,0,0,3,1,0
281,2,powerplay,V Kohli,RHB,top,Y Chahal,spin,good,balanced,161,0,3,1,4,1,0
281,3,powerplay,R Parag,RHB,avg,J Bumrah,pace,elite,balanced,161,0,7,2,4,1,0
281,4,powerplay,N Pooran,LHB,top,R Jadeja,spin,good,balanced,161,0,11,3,4,1,1
281,5,powerplay,R Pant,LHB,top,M Shami,pace,good,balanced,161,0,15,4,4,0,1
281,6,powerplay,R Pant,LHB,top,K Ahmed,pace,avg,balanced,161,6,19,4,9,1,0
281,7,middle,S Gill,RHB,solid,A Rashid,spin,elite,balanced,161,0,28,5,4,0,0
281,8,middle,S Gill,RHB,solid,Y Chahal,spin,good,balanced,161,6,32,5,6,0,1
281,9,middle,S Gill,RHB,solid,J Bumrah,pace,elite,balanced,161,12,38,5,6,0,1
281,10,middle,S Gill,RHB,solid,R Jadeja,spin,good,balanced,161,18,44,5,4,0,1
281,11,middle,S Gill,RHB,solid,M Shami,pace,good,balanced,161,24,48,5,8,1,0
282,1,powerplay,V Kohli,RHB,top,H Patel,pace,avg,seaming_track,151,0,0,0,10,0,0
282,2,powerplay,V Kohli,RHB,top,R Jadeja,spin,good,seaming_track,151,6,10,0,7,0,0
282,3,powerplay,V Kohli,RHB,top,K Ahmed,pace,avg,seaming_track,151,12,17,0,11,0,1
282,4,powerplay,V Kohli,RHB,top,M Shami,pace,good,seaming_track,151,18,28,0,5,0,0
282,5,powerplay,V Kohli,RHB,top,Y Chahal,spin,good,seaming_track,151,24,33,0,10,1,0
282,6,powerplay,R Sharma,RHB,top,J Bumrah,pace,elite,seaming_track,151,0,43,1,7,0,0
282,7,middle,R Sharma,RHB,top,H Patel,pace,avg,seaming_track,151,6,50,1,9,1,0
282,8,middle,H Pandya,RHB,solid,R Jadeja,spin,good,seaming_track,151,0,59,2,3,1,1
282,9,middle,N Pooran,LHB,top,K Ahmed,pace,avg,seaming_track,151,0,62,3,6,0,0
282,10,middle,N Pooran,LHB,top,M Shami,pace,good,seaming_track,151,6,68,3,4,0,0
282,11,middle,N Pooran,LHB,top,Y Chahal,spin,good,seaming_track,151,12,72,3,8,0,1
282,12,middle,N Pooran,LHB,top,J Bumrah,pace,elite,seaming_track,151,18,80,3,1,0,0
282,13,middle,N Pooran,LHB,top,H Patel,pace,avg,seaming_track,151,24,81,3,8,0,1
282,14,middle,N Pooran,LHB,top,R Jadeja,spin,good,seaming_track,151,30,89,3,9,1,0
282,15,middle,S Yadav,RHB,top,K Ahmed,pace,avg,seaming_track,151,0,98,4,10,0,1
282,16,death,S Yadav,RHB,top,M Shami,pace,good,seaming_track,151,6,108,4,7,1,1
282,17,death,R Pant,LHB,top,Y Chahal,spin,good,seaming_track,151,0,115,5,5,0,0
282,18,death,R Pant,LHB,top,J Bumrah,pace,elite,seaming_track,151,6,120,5,3,1,1
283,1,powerplay,V Kohli,RHB,top,J Bumrah,pace,elite,batting_paradise,130,0,0,0,5,0,0
283,2,powerplay,V Kohli,RHB,top,R Jadeja,spin,good,batting_paradise,130,6,5,0,9,1,1
283,3,powerplay,D Padikkal,LHB,avg,K Ahmed,pace,avg,batting_paradise,130,0,14,1,8,0,0
283,4,powerplay,D Padikkal,LHB,avg,M Shami,pace,good,batting_paradise,130,6,22,1,1,1,0
283,5,powerplay,KL Rahul,RHB,solid,A Rashid,spin,elite,batting_paradise,130,0,23,2,9,0,0
283,6,powerplay,KL Rahul,RHB,solid,H Patel,pace,avg,batting_paradise,130,6,32,2,3,1,0
283,7,middle,N Pooran,LHB,top,J Bumrah,pace,elite,batting_paradise,130,0,35,3,8,1,0
283,8,middle,S Yadav,RHB,top,R Jadeja,spin,good,batting_paradise,130,0,43,4,9,0,0
283,9,middle,S Yadav,RHB,top,K Ahmed,pace,avg,batting_paradise,130,6,52,4,12,0,2
283,10,middle,S Yadav,RHB,top,M Shami,pace,good,batting_paradise,130,12,64,4,15,0,1
283,11,middle,S Yadav,RHB,top,A Rashid,spin,elite,batting_paradise,130,18,79,4,15,0,2
283,12,middle,S Yadav,RHB,top,H Patel,pace,avg,batting_paradise,130,24,94,4,23,0,2
283,13,middle,S Yadav,RHB,top,J Bumrah,pace,elite,batting_paradise,130,30,117,4,11,0,0
283,14,middle,S Yadav,RHB,top,R Jadeja,spin,good,batting_paradise,130,36,128,4,18,0,1
283,15,middle,S Yadav,RHB,top,K Ahmed,pace,avg,batting_paradise,130,42,146,4,20,0,2
283,16,death,S Yadav,RHB,top,M Shami,pace,good,batting_paradise,130,48,166,4,23,0,2
283,17,death,S Yadav,RHB,top,A Rashid,spin,elite,batting_paradise,130,54,189,4,11,0,1
283,18,death,S Yadav,RHB,top,H Patel,pace,avg,batting_paradise,130,60,200,4,22,0,1
283,19,death,S Yadav,RHB,top,J Bumrah,pace,elite,batting_paradise,130,66,222,4,4,1,0
283,20,death,S Gill,RHB,solid,R Jadeja,spin,good,batting_paradise,130,0,226,5,11,0,0
284,1,powerplay,V Kohli,RHB,top,Y Chahal,spin,good,balanced,170,0,0,0,4,1,0
284,2,powerplay,KL Rahul,RHB,solid,K Ahmed,pace,avg,balanced,170,0,4,1,5,0,1
284,3,powerplay,KL Rahul,RHB,solid,H Patel,pace,avg,balanced,170,6,9,1,3,0,0
284,4,powerplay,KL Rahul,RHB,solid,A Rashid,spin,elite,balanced,170,12,12,1,4,0,0
284,5,powerplay,KL Rahul,RHB,solid,J Bumrah,pace,elite,balanced,170,18,16,1,3,1,1
284,6,powerplay,R Parag,RHB,avg,R Jadeja,spin,good,balanced,170,0,19,2,4,0,0
284,7,middle,R Parag,RHB,avg,Y Chahal,spin,good,balanced,170,6,23,2,3,0,0
284,8,middle,R Parag,RHB,avg,K Ahmed,pace,avg,balanced,170,12,26,2,7,0,0
284,9,middle,R Parag,RHB,avg,H Patel,pace,avg,balanced,170,18,33,2,4,0,1
284,10,middle,R Parag,RHB,avg,A Rashid,spin,elite,balanced,170,24,37,2,5,1,0
284,11,middle,S Gill,RHB,solid,J Bumrah,pace,elite,balanced,170,0,42,3,5,1,0
284,12,middle,R Pant,LHB,top,R Jadeja,spin,good,balanced,170,0,47,4,8,0,0
284,13,middle,R Pant,LHB,top,Y Chahal,spin,good,balanced,170,6,55,4,6,0,0
284,14,middle,R Pant,LHB,top,K Ahmed,pace,avg,balanced,170,12,61,4,12,1,1
284,15,middle,N Pooran,LHB,top,H Patel,pace,avg,balanced,170,0,73,5,3,0,0
284,16,death,N Pooran,LHB,top,A Rashid,spin,elite,balanced,170,6,76,5,5,0,0
284,17,death,N Pooran,LHB,top,J Bumrah,pace,elite,balanced,170,12,81,5,13,0,1
284,18,death,N Pooran,LHB,top,R Jadeja,spin,good,balanced,170,18,94,5,7,0,1
284,19,death,N Pooran,LHB,top,Y Chahal,spin,good,balanced,170,24,101,5,7,0,0
284,20,death,N Pooran,LHB,top,K Ahmed,pace,avg,balanced,170,30,108,5,20,0,1
285,1,powerplay,KL Rahul,RHB,solid,H Patel,pace,avg,batting_paradise,164,0,0,0,5,0,0
285,2,powerplay,KL Rahul,RHB,solid,A Rashid,spin,elite,batting_paradise,164,6,5,0,2,1,0
285,3,powerplay,S Yadav,RHB,top,K Ahmed,pace,avg,batting_paradise,164,0,7,1,19,0,1
285,4,powerplay,S Yadav,RHB,top,J Bumrah,pace,elite,batting_paradise,164,6,26,1,9,0,0
285,5,powerplay,S Yadav,RHB,top,R Jadeja,spin,good,batting_paradise,164,12,35,1,12,0,1
285,6,powerplay,S Yadav,RHB,top,Y Chahal,spin,good,batting_paradise,164,18,47,1,14,0,1
285,7,middle,S Yadav,RHB,top,H Patel,pace,avg,batting_paradise,164,24,61,1,25,0,1
285,8,middle,S Yadav,RHB,top,A Rashid,spin,elite,batting_paradise,164,30,86,1,10,1,0
285,9,middle,D Padikkal,LHB,avg,K Ahmed,pace,avg,batting_paradise,164,0,96,2,2,0,0
285,10,middle,D Padikkal,LHB,avg,J Bumrah,pace,elite,batting_paradise,164,6,98,2,7,0,0
285,11,middle,D Padikkal,LHB,avg,R Jadeja,spin,good,batting_paradise,164,12,105,2,4,0,1
285,12,middle,D Padikkal,LHB,avg,Y Chahal,spin,good,batting_paradise,164,18,109,2,9,1,0
285,13,middle,R Sharma,RHB,top,H Patel,pace,avg,batting_paradise,164,0,118,3,11,0,0
285,14,middle,R Sharma,RHB,top,A Rashid,spin,elite,batting_paradise,164,6,129,3,3,0,0
285,15,middle,R Sharma,RHB,top,K Ahmed,pace,avg,batting_paradise,164,12,132,3,11,0,0
285,16,death,R Sharma,RHB,top,J Bumrah,pace,elite,batting_paradise,164,18,143,3,12,1,1
285,17,death,V Kohli,RHB,top,R Jadeja,spin,good,batting_paradise,164,0,155,4,22,1,1
285,18,death,R Parag,RHB,avg,Y Chahal,spin,good,batting_paradise,164,0,177,5,8,0,0
285,19,death,R Parag,RHB,avg,H Patel,pace,avg,batting_paradise,164,6,185,5,8,0,0
285,20,death,R Parag,RHB,avg,A Rashid,spin,elite,batting_paradise,164,12,193,5,10,0,1
286,1,powerplay,H Pandya,RHB,solid,H Patel,pace,avg,balanced,197,0,0,0,9,0,0
286,2,powerplay,H Pandya,RHB,solid,T Boult,pace,good,balanced,197,6,9,0,8,0,0
286,3,powerplay,H Pandya,RHB,solid,A Rashid,spin,elite,balanced,197,12,17,0,10,0,0
286,4,powerplay,H Pandya,RHB,solid,Y Chahal,spin,good,balanced,197,18,27,0,8,0,0
286,5,powerplay,H Pandya,RHB,solid,R Jadeja,spin,good,balanced,197,24,35,0,6,1,0
286,6,powerplay,V Kohli,RHB,top,K Ahmed,pace,avg,balanced,197,0,41,1,11,0,0
286,7,middle,V Kohli,RHB,top,H Patel,pace,avg,balanced,197,6,52,1,8,0,0
286,8,middle,V Kohli,RHB,top,T Boult,pace,good,balanced,197,12,60,1,4,1,0
286,9,middle,N Pooran,LHB,top,A Rashid,spin,elite,balanced,197,0,64,2,7,0,0
286,10,middle,N Pooran,LHB,top,Y Chahal,spin,good,balanced,197,6,71,2,8,0,0
286,11,middle,N Pooran,LHB,top,R Jadeja,spin,good,balanced,197,12,79,2,8,0,0
286,12,middle,N Pooran,LHB,top,K Ahmed,pace,avg,balanced,197,18,87,2,13,0,1
286,13,middle,N Pooran,LHB,top,H Patel,pace,avg,balanced,197,24,100,2,16,0,1
286,14,middle,N Pooran,LHB,top,T Boult,pace,good,balanced,197,30,116,2,12,0,1
286,15,middle,N Pooran,LHB,top,A Rashid,spin,elite,balanced,197,36,128,2,8,1,0
286,16,death,R Parag,RHB,avg,Y Chahal,spin,good,balanced,197,0,136,3,5,1,0
286,17,death,S Yadav,RHB,top,R Jadeja,spin,good,balanced,197,0,141,4,5,0,0
286,18,death,S Yadav,RHB,top,K Ahmed,pace,avg,balanced,197,6,146,4,11,0,1
286,19,death,S Yadav,RHB,top,H Patel,pace,avg,balanced,197,12,157,4,18,0,2
286,20,death,S Yadav,RHB,top,T Boult,pace,good,balanced,197,18,175,4,17,0,1
287,1,powerplay,H Pandya,RHB,solid,T Boult,pace,good,seaming_track,147,0,0,0,3,1,0
287,2,powerplay,R Parag,RHB,avg,J Bumrah,pace,elite,seaming_track,147,0,3,1,3,1,0
287,3,powerplay,D Padikkal,LHB,avg,K Ahmed,pace,avg,seaming_track,147,0,6,2,1,1,0
287,4,powerplay,R Pant,LHB,top,H Patel,pace,avg,seaming_track,147,0,7,3,4,1,0
287,5,powerplay,S Yadav,RHB,top,A Rashid,spin,elite,seaming_track,147,0,11,4,4,0,0
287,6,powerplay,S Yadav,RHB,top,R Jadeja,spin,good,seaming_track,147,6,15,4,5,0,0
287,7,middle,S Yadav,RHB,top,T Boult,pace,good,seaming_track,147,12,20,4,8,1,0
287,8,middle,S Gill,RHB,solid,J Bumrah,pace,elite,seaming_track,147,0,28,5,5,0,1
287,9,middle,S Gill,RHB,solid,K Ahmed,pace,avg,seaming_track,147,6,33,5,6,0,0
287,10,middle,S Gill,RHB,solid,H Patel,pace,avg,seaming_track,147,12,39,5,10,0,0
287,11,middle,S Gill,RHB,solid,A Rashid,spin,elite,seaming_track,147,18,49,5,5,0,0
287,12,middle,S Gill,RHB,solid,R Jadeja,spin,good,seaming_track,147,24,54,5,5,0,1
287,13,middle,S Gill,RHB,solid,T Boult,pace,good,seaming_track,147,30,59,5,8,0,0
287,14,middle,S Gill,RHB,solid,J Bumrah,pace,elite,seaming_track,147,36,67,5,6,1,0
288,1,powerplay,H Pandya,RHB,solid,R Jadeja,spin,good,batting_paradise,153,0,0,0,7,0,0
288,2,powerplay,H Pandya,RHB,solid,T Boult,pace,good,batting_paradise,153,6,7,0,6,0,1
288,3,powerplay,H Pandya,RHB,solid,A Rashid,spin,elite,batting_paradise,153,12,13,0,6,1,0
288,4,powerplay,R Parag,RHB,avg,J Bumrah,pace,elite,batting_paradise,153,0,19,1,3,1,1
288,5,powerplay,D Padikkal,LHB,avg,H Patel,pace,avg,batting_paradise,153,0,22,2,6,0,0
288,6,powerplay,D Padikkal,LHB,avg,K Ahmed,pace,avg,batting_paradise,153,6,28,2,9,0,0
288,7,middle,D Padikkal,LHB,avg,R Jadeja,spin,good,batting_paradise,153,12,37,2,8,0,1
288,8,middle,D Padikkal,LHB,avg,T Boult,pace,good,batting_paradise,153,18,45,2,11,0,0
288,9,middle,D Padikkal,LHB,avg,A Rashid,spin,elite,batting_paradise,153,24,56,2,5,1,0
288,10,middle,S Yadav,RHB,top,J Bumrah,pace,elite,batting_paradise,153,0,61,3,5,0,0
288,11,middle,S Yadav,RHB,top,H Patel,pace,avg,batting_paradise,153,6,66,3,11,0,1
288,12,middle,S Yadav,RHB,top,K Ahmed,pace,avg,batting_paradise,153,12,77,3,16,0,1
288,13,middle,S Yadav,RHB,top,R Jadeja,spin,good,batting_paradise,153,18,93,3,7,1,0
288,14,middle,S Gill,RHB,solid,T Boult,pace,good,batting_paradise,153,0,100,4,4,0,0
288,15,middle,S Gill,RHB,solid,A Rashid,spin,elite,batting_paradise,153,6,104,4,2,1,0
288,16,death,R Pant,LHB,top,J Bumrah,pace,elite,batting_paradise,153,0,106,5,8,0,0
288,17,death,R Pant,LHB,top,H Patel,pace,avg,batting_paradise,153,6,114,5,13,0,1
288,18,death,R Pant,LHB,top,K Ahmed,pace,avg,batting_paradise,153,12,127,5,15,0,2
288,19,death,R Pant,LHB,top,R Jadeja,spin,good,batting_paradise,153,18,142,5,11,1,0
289,1,powerplay,N Pooran,LHB,top,M Shami,pace,good,batting_paradise,179,0,0,0,10,0,0
289,2,powerplay,N Pooran,LHB,top,H Patel,pace,avg,batting_paradise,179,6,10,0,15,1,1
289,3,powerplay,R Pant,LHB,top,T Boult,pace,good,batting_paradise,179,0,25,1,7,0,0
289,4,powerplay,R Pant,LHB,top,K Ahmed,pace,avg,batting_paradise,179,6,32,1,9,0,0
289,5,powerplay,R Pant,LHB,top,Y Chahal,spin,good,batting_paradise,179,12,41,1,12,0,2
289,6,powerplay,R Pant,LHB,top,J Bumrah,pace,elite,batting_paradise,179,18,53,1,10,1,0
289,7,middle,R Sharma,RHB,top,M Shami,pace,good,batting_paradise,179,0,63,2,7,0,0
289,8,middle,R Sharma,RHB,top,H Patel,pace,avg,batting_paradise,179,6,70,2,8,0,0
289,9,middle,R Sharma,RHB,top,T Boult,pace,good,batting_paradise,179,12,78,2,12,1,1
289,10,middle,S Yadav,RHB,top,K Ahmed,pace,avg,batting_paradise,179,0,90,3,10,0,0
289,11,middle,S Yadav,RHB,top,Y Chahal,spin,good,batting_paradise,179,6,100,3,8,0,0
289,12,middle,S Yadav,RHB,top,J Bumrah,pace,elite,batting_paradise,179,12,108,3,9,0,0
289,13,middle,S Yadav,RHB,top,M Shami,pace,good,batting_paradise,179,18,117,3,14,0,1
289,14,middle,S Yadav,RHB,top,H Patel,pace,avg,batting_paradise,179,24,131,3,23,1,1
289,15,middle,D Padikkal,LHB,avg,T Boult,pace,good,batting_paradise,179,0,154,4,3,0,0
289,16,death,D Padikkal,LHB,avg,K Ahmed,pace,avg,batting_paradise,179,6,157,4,10,1,0
289,17,death,S Gill,RHB,solid,Y Chahal,spin,good,batting_paradise,179,0,167,5,8,1,0
290,1,powerplay,S Yadav,RHB,top,Y Chahal,spin,good,batting_paradise,157,0,0,0,10,0,1
290,2,powerplay,S Yadav,RHB,top,H Patel,pace,avg,batting_paradise,157,6,10,0,16,0,2
290,3,powerplay,S Yadav,RHB,top,M Shami,pace,good,batting_paradise,157,12,26,0,11,1,0
290,4,powerplay,N Pooran,LHB,top,K Ahmed,pace,avg,batting_paradise,157,0,37,1,8,1,0
290,5,powerplay,R Sharma,RHB,top,R Jadeja,spin,good,batting_paradise,157,0,45,2,4,1,0
290,6,powerplay,KL Rahul,RHB,solid,J Bumrah,pace,elite,batting_paradise,157,0,49,3,7,0,0
290,7,middle,KL Rahul,RHB,solid,Y Chahal,spin,good,batting_paradise,157,6,56,3,3,0,0
290,8,middle,KL Rahul,RHB,solid,H Patel,pace,avg,batting_paradise,157,12,59,3,8,0,0
290,9,middle,KL Rahul,RHB,solid,M Shami,pace,good,batting_paradise,157,18,67,3,5,1,0
290,10,middle,D Padikkal,LHB,avg,K Ahmed,pace,avg,batting_paradise,157,0,72,4,6,0,0
290,11,middle,D Padikkal,LHB,avg,R Jadeja,spin,good,batting_paradise,157,6,78,4,6,0,0
290,12,middle,D Padikkal,LHB,avg,J Bumrah,pace,elite,batting_paradise,157,12,84,4,6,1,0
290,13,middle,V Kohli,RHB,top,Y Chahal,spin,good,batting_paradise,157,0,90,5,8,0,0
290,14,middle,V Kohli,RHB,top,H Patel,pace,avg,batting_paradise,157,6,98,5,16,0,2
290,15,middle,V Kohli,RHB,top,M Shami,pace,good,batting_paradise,157,12,114,5,16,0,1
290,16,death,V Kohli,RHB,top,K Ahmed,pace,avg,batting_paradise,157,18,130,5,27,0,1
290,17,death,V Kohli,RHB,top,R Jadeja,spin,good,batting_paradise,157,24,157,5,13,0,2
290,18,death,V Kohli,RHB,top,J Bumrah,pace,elite,batting_paradise,157,30,170,5,13,0,2
290,19,death,V Kohli,RHB,top,Y Chahal,spin,good,batting_paradise,157,36,183,5,20,0,2
290,20,death,V Kohli,RHB,top,H Patel,pace,avg,batting_paradise,157,42,203,5,13,0,2
291,1,powerplay,H Pandya,RHB,solid,K Ahmed,pace,avg,slow_turner,145,0,0,0,8,0,0
291,2,powerplay,H Pandya,RHB,solid,R Jadeja,spin,good,slow_turner,145,6,8,0,1,1,0
291,3,powerplay,S Yadav,RHB,top,M Shami,pace,good,slow_turner,145,0,9,1,10,1,0
291,4,powerplay,S Gill,RHB,solid,Y Chahal,spin,good,slow_turner,145,0,19,2,9,1,0
291,5,powerplay,R Parag,RHB,avg,A Rashid,spin,elite,slow_turner,145,0,28,3,0,1,0
291,6,powerplay,N Pooran,LHB,top,J Bumrah,pace,elite,slow_turner,145,0,28,4,6,0,0
291,7,middle,N Pooran,LHB,top,K Ahmed,pace,avg,slow_turner,145,6,34,4,5,0,1
291,8,middle,N Pooran,LHB,top,R Jadeja,spin,good,slow_turner,145,12,39,4,6,0,0
291,9,middle,N Pooran,LHB,top,M Shami,pace,good,slow_turner,145,18,45,4,9,0,0
291,10,middle,N Pooran,LHB,top,Y Chahal,spin,good,slow_turner,145,24,54,4,14,0,1
291,11,middle,N Pooran,LHB,top,A Rashid,spin,elite,slow_turner,145,30,68,4,7,1,0
291,12,middle,D Padikkal,LHB,avg,J Bumrah,pace,elite,slow_turner,145,0,75,5,0,1,0
292,1,powerplay,V Kohli,RHB,top,J Bumrah,pace,elite,slow_turner,138,0,0,0,3,1,0
292,2,powerplay,H Pandya,RHB,solid,Y Chahal,spin,good,slow_turner,138,0,3,1,5,1,0
292,3,powerplay,D Padikkal,LHB,avg,R Jadeja,spin,good,slow_turner,138,0,8,2,4,0,0
292,4,powerplay,D Padikkal,LHB,avg,T Boult,pace,good,slow_turner,138,6,12,2,2,1,0
292,5,powerplay,R Parag,RHB,avg,H Patel,pace,avg,slow_turner,138,0,14,3,4,0,0
292,6,powerplay,R Parag,RHB,avg,K Ahmed,pace,avg,slow_turner,138,6,18,3,4,0,0
292,7,middle,R Parag,RHB,avg,J Bumrah,pace,elite,slow_turner,138,12,22,3,3,1,0
292,8,middle,S Gill,RHB,solid,Y Chahal,spin,good,slow_turner,138,0,25,4,5,1,1
292,9,middle,KL Rahul,RHB,solid,R Jadeja,spin,good,slow_turner,138,0,30,5,3,0,0
292,10,middle,KL Rahul,RHB,solid,T Boult,pace,good,slow_turner,138,6,33,5,8,0,0
292,11,middle,KL Rahul,RHB,solid,H Patel,pace,avg,slow_turner,138,12,41,5,4,1,0
293,1,powerplay,KL Rahul,RHB,solid,R Jadeja,spin,good,seaming_track,134,0,0,0,3,1,0
293,2,powerplay,D Padikkal,LHB,avg,Y Chahal,spin,good,seaming_track,134,0,3,1,6,0,0
293,3,powerplay,D Padikkal,LHB,avg,T Boult,pace,good,seaming_track,134,6,9,1,1,1,1
293,4,powerplay,R Sharma,RHB,top,M Shami,pace,good,seaming_track,134,0,10,2,7,0,0
293,5,powerplay,R Sharma,RHB,top,A Rashid,spin,elite,seaming_track,134,6,17,2,6,0,0
293,6,powerplay,R Sharma,RHB,top,J Bumrah,pace,elite,seaming_track,134,12,23,2,7,0,0
293,7,middle,R Sharma,RHB,top,R Jadeja,spin,good,seaming_track,134,18,30,2,7,0,0
293,8,middle,R Sharma,RHB,top,Y Chahal,spin,good,seaming_track,134,24,37,2,11,1,0
293,9,middle,N Pooran,LHB,top,T Boult,pace,good,seaming_track,134,0,48,3,4,0,1
293,10,middle,N Pooran,LHB,top,M Shami,pace,good,seaming_track,134,6,52,3,5,0,0
293,11,middle,N Pooran,LHB,top,A Rashid,spin,elite,seaming_track,134,12,57,3,5,0,0
293,12,middle,N Pooran,LHB,top,J Bumrah,pace,elite,seaming_track,134,18,62,3,5,0,0
293,13,middle,N Pooran,LHB,top,R Jadeja,spin,good,seaming_track,134,24,67,3,9,1,0
293,14,middle,R Parag,RHB,avg,Y Chahal,spin,good,seaming_track,134,0,76,4,5,1,0
293,15,middle,R Pant,LHB,top,T Boult,pace,good,seaming_track,134,0,81,5,5,0,0
293,16,death,R Pant,LHB,top,M Shami,pace,good,seaming_track,134,6,86,5,4,1,0
294,1,powerplay,S Yadav,RHB,top,R Jadeja,spin,good,batting_paradise,192,0,0,0,4,0,0
294,2,powerplay,S Yadav,RHB,top,H Patel,pace,avg,batting_paradise,192,6,4,0,7,0,1
294,3,powerplay,S Yadav,RHB,top,A Rashid,spin,elite,batting_paradise,192,12,11,0,10,0,1
294,4,powerplay,S Yadav,RHB,top,K Ahmed,pace,avg,batting_paradise,192,18,21,0,14,0,2
294,5,powerplay,S Yadav,RHB,top,Y Chahal,spin,good,batting_paradise,192,24,35,0,10,1,0
294,6,powerplay,V Kohli,RHB,top,M Shami,pace,good,batting_paradise,192,0,45,1,9,0,0
294,7,middle,V Kohli,RHB,top,R Jadeja,spin,good,batting_paradise,192,6,54,1,13,0,1
294,8,middle,V Kohli,RHB,top,H Patel,pace,avg,batting_paradise,192,12,67,1,13,0,1
294,9,middle,V Kohli,RHB,top,A Rashid,spin,elite,batting_paradise,192,18,80,1,3,1,0
294,10,middle,D Padikkal,LHB,avg,K Ahmed,pace,avg,batting_paradise,192,0,83,2,4,0,0
294,11,middle,D Padikkal,LHB,avg,Y Chahal,spin,good,batting_paradise,192,6,87,2,2,0,0
294,12,middle,D Padikkal,LHB,avg,M Shami,pace,good,batting_paradise,192,12,89,2,8,1,1
294,13,middle,R Parag,RHB,avg,R Jadeja,spin,good,batting_paradise,192,0,97,3,4,1,0
294,14,middle,S Gill,RHB,solid,H Patel,pace,avg,batting_paradise,192,0,101,4,11,0,0
294,15,middle,S Gill,RHB,solid,A Rashid,spin,elite,batting_paradise,192,6,112,4,9,1,0
294,16,death,R Sharma,RHB,top,K Ahmed,pace,avg,batting_paradise,192,0,121,5,14,1,1
295,1,powerplay,R Parag,RHB,avg,M Shami,pace,good,batting_paradise,128,0,0,0,4,0,0
295,2,powerplay,R Parag,RHB,avg,K Ahmed,pace,avg,batting_paradise,128,6,4,0,10,1,0
295,3,powerplay,D Padikkal,LHB,avg,A Rashid,spin,elite,batting_paradise,128,0,14,1,7,0,0
295,4,powerplay,D Padikkal,LHB,avg,J Bumrah,pace,elite,batting_paradise,128,6,21,1,4,1,1
295,5,powerplay,R Pant,LHB,top,H Patel,pace,avg,batting_paradise,128,0,25,2,11,0,0
295,6,powerplay,R Pant,LHB,top,T Boult,pace,good,batting_paradise,128,6,36,2,11,0,0
295,7,middle,R Pant,LHB,top,M Shami,pace,good,batting_paradise,128,12,47,2,16,0,2
295,8,middle,R Pant,LHB,top,K Ahmed,pace,avg,batting_paradise,128,18,63,2,9,0,0
295,9,middle,R Pant,LHB,top,A Rashid,spin,elite,batting_paradise,128,24,72,2,9,0,0
295,10,middle,R Pant,LHB,top,J Bumrah,pace,elite,batting_paradise,128,30,81,2,8,1,0
295,11,middle,R Sharma,RHB,top,H Patel,pace,avg,batting_paradise,128,0,89,3,13,0,1
295,12,middle,R Sharma,RHB,top,T Boult,pace,good,batting_paradise,128,6,102,3,9,0,0
295,13,middle,R Sharma,RHB,top,M Shami,pace,good,batting_paradise,128,12,111,3,13,0,1
295,14,middle,R Sharma,RHB,top,K Ahmed,pace,avg,batting_paradise,128,18,124,3,6,0,1
295,15,middle,R Sharma,RHB,top,A Rashid,spin,elite,batting_paradise,128,24,130,3,12,0,1
295,16,death,R Sharma,RHB,top,J Bumrah,pace,elite,batting_paradise,128,30,142,3,10,0,1
295,17,death,R Sharma,RHB,top,H Patel,pace,avg,batting_paradise,128,36,152,3,29,0,2
295,18,death,R Sharma,RHB,top,T Boult,pace,good,batting_paradise,128,42,181,3,22,0,1
295,19,death,R Sharma,RHB,top,M Shami,pace,good,batting_paradise,128,48,203,3,17,0,2
295,20,death,R Sharma,RHB,top,K Ahmed,pace,avg,batting_paradise,128,54,220,3,21,1,2
296,1,powerplay,R Parag,RHB,avg,J Bumrah,pace,elite,batting_paradise,152,0,0,0,4,1,0
296,2,powerplay,R Sharma,RHB,top,H Patel,pace,avg,batting_paradise,152,0,4,1,17,0,2
296,3,powerplay,R Sharma,RHB,top,R Jadeja,spin,good,batting_paradise,152,6,21,1,6,0,0
296,4,powerplay,R Sharma,RHB,top,Y Chahal,spin,good,batting_paradise,152,12,27,1,14,0,1
296,5,powerplay,R Sharma,RHB,top,A Rashid,spin,elite,batting_paradise,152,18,41,1,8,0,0
296,6,powerplay,R Sharma,RHB,top,T Boult,pace,good,batting_paradise,152,24,49,1,12,0,1
296,7,middle,R Sharma,RHB,top,J Bumrah,pace,elite,batting_paradise,152,30,61,1,10,0,0
296,8,middle,R Sharma,RHB,top,H Patel,pace,avg,batting_paradise,152,36,71,1,12,0,1
296,9,middle,R Sharma,RHB,top,R Jadeja,spin,good,batting_paradise,152,42,83,1,7,0,0
296,10,middle,R Sharma,RHB,top,Y Chahal,spin,good,batting_paradise,152,48,90,1,11,0,0
296,11,middle,R Sharma,RHB,top,A Rashid,spin,elite,batting_paradise,152,54,101,1,7,0,0
296,12,middle,R Sharma,RHB,top,T Boult,pace,good,batting_paradise,152,60,108,1,13,0,1
296,13,middle,R Sharma,RHB,top,J Bumrah,pace,elite,batting_paradise,152,66,121,1,8,0,0
296,14,middle,R Sharma,RHB,top,H Patel,pace,avg,batting_paradise,152,72,129,1,20,0,1
296,15,middle,R Sharma,RHB,top,R Jadeja,spin,good,batting_paradise,152,78,149,1,7,0,1
296,16,death,R Sharma,RHB,top,Y Chahal,spin,good,batting_paradise,152,84,156,1,10,1,0
296,17,death,S Gill,RHB,solid,A Rashid,spin,elite,batting_paradise,152,0,166,2,5,1,0
296,18,death,R Pant,LHB,top,T Boult,pace,good,batting_paradise,152,0,171,3,10,0,0
296,19,death,R Pant,LHB,top,J Bumrah,pace,elite,batting_paradise,152,6,181,3,4,0,0
296,20,death,R Pant,LHB,top,H Patel,pace,avg,batting_paradise,152,12,185,3,10,1,1
297,1,powerplay,V Kohli,RHB,top,H Patel,pace,avg,batting_paradise,107,0,0,0,10,0,0
297,2,powerplay,V Kohli,RHB,top,J Bumrah,pace,elite,batting_paradise,107,6,10,0,7,1,0
297,3,powerplay,D Padikkal,LHB,avg,M Shami,pace,good,batting_paradise,107,0,17,1,1,1,0
297,4,powerplay,S Gill,RHB,solid,R Jadeja,spin,good,batting_paradise,107,0,18,2,5,0,0
297,5,powerplay,S Gill,RHB,solid,T Boult,pace,good,batting_paradise,107,6,23,2,9,0,0
297,6,powerplay,S Gill,RHB,solid,A Rashid,spin,elite,batting_paradise,107,12,32,2,3,1,1
297,7,middle,R Parag,RHB,avg,H Patel,pace,avg,batting_paradise,107,0,35,3,10,1,0
297,8,middle,KL Rahul,RHB,solid,J Bumrah,pace,elite,batting_paradise,107,0,45,4,4,1,0
297,9,middle,S Yadav,RHB,top,M Shami,pace,good,batting_paradise,107,0,49,5,6,0,0
297,10,middle,S Yadav,RHB,top,R Jadeja,spin,good,batting_paradise,107,6,55,5,4,1,0
298,1,powerplay,R Pant,LHB,top,K Ahmed,pace,avg,batting_paradise,163,0,0,0,14,0,1
298,2,powerplay,R Pant,LHB,top,H Patel,pace,avg,batting_paradise,163,6,14,0,17,0,1
298,3,powerplay,R Pant,LHB,top,M Shami,pace,good,batting_paradise,163,12,31,0,13,1,2
298,4,powerplay,N Pooran,LHB,top,J Bumrah,pace,elite,batting_paradise,163,0,44,1,6,0,0
298,5,powerplay,N Pooran,LHB,top,A Rashid,spin,elite,batting_paradise,163,6,50,1,3,0,1
298,6,powerplay,N Pooran,LHB,top,T Boult,pace,good,batting_paradise,163,12,53,1,16,0,1
298,7,middle,N Pooran,LHB,top,K Ahmed,pace,avg,batting_paradise,163,18,69,1,14,0,1
298,8,middle,N Pooran,LHB,top,H Patel,pace,avg,batting_paradise,163,24,83,1,23,0,2
298,9,middle,N Pooran,LHB,top,M Shami,pace,good,batting_paradise,163,30,106,1,17,0,2
298,10,middle,N Pooran,LHB,top,J Bumrah,pace,elite,batting_paradise,163,36,123,1,10,0,0
298,11,middle,N Pooran,LHB,top,A Rashid,spin,elite,batting_paradise,163,42,133,1,9,0,0
298,12,middle,N Pooran,LHB,top,T Boult,pace,good,batting_paradise,163,48,142,1,9,1,0
298,13,middle,R Parag,RHB,avg,K Ahmed,pace,avg,batting_paradise,163,0,151,2,6,0,0
298,14,middle,R Parag,RHB,avg,H Patel,pace,avg,batting_paradise,163,6,157,2,0,1,0
298,15,middle,D Padikkal,LHB,avg,M Shami,pace,good,batting_paradise,163,0,157,3,7,1,0
298,16,death,KL Rahul,RHB,solid,J Bumrah,pace,elite,batting_paradise,163,0,164,4,14,0,1
298,17,death,KL Rahul,RHB,solid,A Rashid,spin,elite,batting_paradise,163,6,178,4,7,0,0
298,18,death,KL Rahul,RHB,solid,T Boult,pace,good,batting_paradise,163,12,185,4,8,0,0
298,19,death,KL Rahul,RHB,solid,K Ahmed,pace,avg,batting_paradise,163,18,193,4,16,0,1
298,20,death,KL Rahul,RHB,solid,H Patel,pace,avg,batting_paradise,163,24,209,4,13,0,2
299,1,powerplay,R Pant,LHB,top,J Bumrah,pace,elite,seaming_track,131,0,0,0,5,1,0
299,2,powerplay,S Gill,RHB,solid,Y Chahal,spin,good,seaming_track,131,0,5,1,5,1,0
299,3,powerplay,V Kohli,RHB,top,H Patel,pace,avg,seaming_track,131,0,10,2,9,0,0
299,4,powerplay,V Kohli,RHB,top,T Boult,pace,good,seaming_track,131,6,19,2,3,1,0
299,5,powerplay,D Padikkal,LHB,avg,R Jadeja,spin,good,seaming_track,131,0,22,3,1,1,0
299,6,powerplay,KL Rahul,RHB,solid,K Ahmed,pace,avg,seaming_track,131,0,23,4,10,0,0
299,7,middle,KL Rahul,RHB,solid,J Bumrah,pace,elite,seaming_track,131,6,33,4,0,1,0
299,8,middle,S Yadav,RHB,top,Y Chahal,spin,good,seaming_track,131,0,33,5,5,1,0
300,1,powerplay,KL Rahul,RHB,solid,T Boult,pace,good,balanced,167,0,0,0,6,0,1
300,2,powerplay,KL Rahul,RHB,solid,J Bumrah,pace,elite,balanced,167,6,6,0,5,0,0
300,3,powerplay,KL Rahul,RHB,solid,K Ahmed,pace,avg,balanced,167,12,11,0,15,0,1
300,4,powerplay,KL Rahul,RHB,solid,H Patel,pace,avg,balanced,167,18,26,0,7,0,0
300,5,powerplay,KL Rahul,RHB,solid,M Shami,pace,good,balanced,167,24,33,0,3,0,0
300,6,powerplay,KL Rahul,RHB,solid,R Jadeja,spin,good,balanced,167,30,36,0,7,0,0
300,7,middle,KL Rahul,RHB,solid,T Boult,pace,good,balanced,167,36,43,0,3,1,0
300,8,middle,R Parag,RHB,avg,J Bumrah,pace,elite,balanced,167,0,46,1,2,0,0
300,9,middle,R Parag,RHB,avg,K Ahmed,pace,avg,balanced,167,6,48,1,8,0,0
300,10,middle,R Parag,RHB,avg,H Patel,pace,avg,balanced,167,12,56,1,7,1,0
300,11,middle,R Pant,LHB,top,M Shami,pace,good,balanced,167,0,63,2,6,0,1
300,12,middle,R Pant,LHB,top,R Jadeja,spin,good,balanced,167,6,69,2,8,0,0
300,13,middle,R Pant,LHB,top,T Boult,pace,good,balanced,167,12,77,2,9,0,1
300,14,middle,R Pant,LHB,top,J Bumrah,pace,elite,balanced,167,18,86,2,7,1,1
300,15,middle,D Padikkal,LHB,avg,K Ahmed,pace,avg,balanced,167,0,93,3,3,0,0
300,16,death,D Padikkal,LHB,avg,H Patel,pace,avg,balanced,167,6,96,3,5,0,0
300,17,death,D Padikkal,LHB,avg,M Shami,pace,good,balanced,167,12,101,3,3,1,0
300,18,death,V Kohli,RHB,top,R Jadeja,spin,good,balanced,167,0,104,4,13,0,1
300,19,death,V Kohli,RHB,top,T Boult,pace,good,balanced,167,6,117,4,11,0,0
300,20,death,V Kohli,RHB,top,J Bumrah,pace,elite,balanced,167,12,128,4,9,0,0
301,1,powerplay,H Pandya,RHB,solid,H Patel,pace,avg,slow_turner,169,0,0,0,8,0,0
301,2,powerplay,H Pandya,RHB,solid,T Boult,pace,good,slow_turner,169,6,8,0,1,0,0
301,3,powerplay,H Pandya,RHB,solid,M Shami,pace,good,slow_turner,169,12,9,0,6,0,0
301,4,powerplay,H Pandya,RHB,solid,Y Chahal,spin,good,slow_turner,169,18,15,0,6,1,0
301,5,powerplay,R Pant,LHB,top,A Rashid,spin,elite,slow_turner,169,0,21,1,0,1,0
301,6,powerplay,S Gill,RHB,solid,J Bumrah,pace,elite,slow_turner,169,0,21,2,1,1,0
301,7,middle,R Sharma,RHB,top,H Patel,pace,avg,slow_turner,169,0,22,3,9,1,0
301,8,middle,N Pooran,LHB,top,T Boult,pace,good,slow_turner,169,0,31,4,7,1,1
301,9,middle,S Yadav,RHB,top,M Shami,pace,good,slow_turner,169,0,38,5,7,0,0
301,10,middle,S Yadav,RHB,top,Y Chahal,spin,good,slow_turner,169,6,45,5,0,1,0
302,1,powerplay,S Yadav,RHB,top,R Jadeja,spin,good,balanced,140,0,0,0,8,1,0
302,2,powerplay,S Gill,RHB,solid,M Shami,pace,good,balanced,140,0,8,1,3,0,0
302,3,powerplay,S Gill,RHB,solid,Y Chahal,spin,good,balanced,140,6,11,1,0,1,0
302,4,powerplay,R Parag,RHB,avg,K Ahmed,pace,avg,balanced,140,0,11,2,5,0,0
302,5,powerplay,R Parag,RHB,avg,J Bumrah,pace,elite,balanced,140,6,16,2,4,0,0
302,6,powerplay,R Parag,RHB,avg,A Rashid,spin,elite,balanced,140,12,20,2,1,0,1
302,7,middle,R Parag,RHB,avg,R Jadeja,spin,good,balanced,140,18,21,2,3,0,0
302,8,middle,R Parag,RHB,avg,M Shami,pace,good,balanced,140,24,24,2,5,0,0
302,9,middle,R Parag,RHB,avg,Y Chahal,spin,good,balanced,140,30,29,2,8,0,0
302,10,middle,R Parag,RHB,avg,K Ahmed,pace,avg,balanced,140,36,37,2,4,1,0
302,11,middle,R Sharma,RHB,top,J Bumrah,pace,elite,balanced,140,0,41,3,5,0,1
302,12,middle,R Sharma,RHB,top,A Rashid,spin,elite,balanced,140,6,46,3,3,1,0
302,13,middle,V Kohli,RHB,top,R Jadeja,spin,good,balanced,140,0,49,4,4,1,0
302,14,middle,D Padikkal,LHB,avg,M Shami,pace,good,balanced,140,0,53,5,4,0,0
302,15,middle,D Padikkal,LHB,avg,Y Chahal,spin,good,balanced,140,6,57,5,8,0,0
302,16,death,D Padikkal,LHB,avg,K Ahmed,pace,avg,balanced,140,12,65,5,7,1,0
303,1,powerplay,V Kohli,RHB,top,H Patel,pace,avg,batting_paradise,152,0,0,0,6,0,1
303,2,powerplay,V Kohli,RHB,top,Y Chahal,spin,good,batting_paradise,152,6,6,0,2,1,0
303,3,powerplay,R Parag,RHB,avg,M Shami,pace,good,batting_paradise,152,0,8,1,4,0,1
303,4,powerplay,R Parag,RHB,avg,A Rashid,spin,elite,batting_paradise,152,6,12,1,1,1,0
303,5,powerplay,S Gill,RHB,solid,J Bumrah,pace,elite,batting_paradise,152,0,13,2,4,0,0
303,6,powerplay,S Gill,RHB,solid,R Jadeja,spin,good,batting_paradise,152,6,17,2,7,0,0
303,7,middle,S Gill,RHB,solid,H Patel,pace,avg,batting_paradise,152,12,24,2,12,0,1
303,8,middle,S Gill,RHB,solid,Y Chahal,spin,good,batting_paradise,152,18,36,2,8,1,0
303,9,middle,R Pant,LHB,top,M Shami,pace,good,batting_paradise,152,0,44,3,6,0,0
303,10,middle,R Pant,LHB,top,A Rashid,spin,elite,batting_paradise,152,6,50,3,6,1,0
303,11,middle,S Yadav,RHB,top,J Bumrah,pace,elite,batting_paradise,152,0,56,4,11,0,0
303,12,middle,S Yadav,RHB,top,R Jadeja,spin,good,batting_paradise,152,6,67,4,13,0,1
303,13,middle,S Yadav,RHB,top,H Patel,pace,avg,batting_paradise,152,12,80,4,10,0,0
303,14,middle,S Yadav,RHB,top,Y Chahal,spin,good,batting_paradise,152,18,90,4,12,0,1
303,15,middle,S Yadav,RHB,top,M Shami,pace,good,batting_paradise,152,24,102,4,13,0,2
303,16,death,S Yadav,RHB,top,A Rashid,spin,elite,batting_paradise,152,30,115,4,8,0,1
303,17,death,S Yadav,RHB,top,J Bumrah,pace,elite,batting_paradise,152,36,123,4,15,1,2
303,18,death,D Padikkal,LHB,avg,R Jadeja,spin,good,batting_paradise,152,0,138,5,7,1,0
304,1,powerplay,R Parag,RHB,avg,M Shami,pace,good,balanced,196,0,0,0,4,0,0
304,2,powerplay,R Parag,RHB,avg,J Bumrah,pace,elite,balanced,196,6,4,0,0,1,0
304,3,powerplay,N Pooran,LHB,top,R Jadeja,spin,good,balanced,196,0,4,1,5,1,0
304,4,powerplay,H Pandya,RHB,solid,H Patel,pace,avg,balanced,196,0,9,2,4,0,1
304,5,powerplay,H Pandya,RHB,solid,K Ahmed,pace,avg,balanced,196,6,13,2,2,1,1
304,6,powerplay,R Sharma,RHB,top,A Rashid,spin,elite,balanced,196,0,15,3,8,1,0
304,7,middle,S Yadav,RHB,top,M Shami,pace,good,balanced,196,0,23,4,8,0,1
304,8,middle,S Yadav,RHB,top,J Bumrah,pace,elite,balanced,196,6,31,4,3,0,0
304,9,middle,S Yadav,RHB,top,R Jadeja,spin,good,balanced,196,12,34,4,12,0,1
304,10,middle,S Yadav,RHB,top,H Patel,pace,avg,balanced,196,18,46,4,12,0,2
304,11,middle,S Yadav,RHB,top,K Ahmed,pace,avg,balanced,196,24,58,4,14,0,1
304,12,middle,S Yadav,RHB,top,A Rashid,spin,elite,balanced,196,30,72,4,8,0,0
304,13,middle,S Yadav,RHB,top,M Shami,pace,good,balanced,196,36,80,4,9,0,0
304,14,middle,S Yadav,RHB,top,J Bumrah,pace,elite,balanced,196,42,89,4,7,0,0
304,15,middle,S Yadav,RHB,top,R Jadeja,spin,good,balanced,196,48,96,4,6,0,1
304,16,death,S Yadav,RHB,top,H Patel,pace,avg,balanced,196,54,102,4,14,0,1
304,17,death,S Yadav,RHB,top,K Ahmed,pace,avg,balanced,196,60,116,4,27,0,2
304,18,death,S Yadav,RHB,top,A Rashid,spin,elite,balanced,196,66,143,4,13,1,1
304,19,death,S Gill,RHB,solid,M Shami,pace,good,balanced,196,0,156,5,7,1,0
305,1,powerplay,S Gill,RHB,solid,K Ahmed,pace,avg,balanced,175,0,0,0,3,1,0
305,2,powerplay,R Parag,RHB,avg,T Boult,pace,good,balanced,175,0,3,1,0,1,0
305,3,powerplay,H Pandya,RHB,solid,A Rashid,spin,elite,balanced,175,0,3,2,6,1,0
305,4,powerplay,N Pooran,LHB,top,Y Chahal,spin,good,balanced,175,0,9,3,13,0,1
305,5,powerplay,N Pooran,LHB,top,R Jadeja,spin,good,balanced,175,6,22,3,8,0,0
305,6,powerplay,N Pooran,LHB,top,J Bumrah,pace,elite,balanced,175,12,30,3,9,1,0
305,7,middle,S Yadav,RHB,top,K Ahmed,pace,avg,balanced,175,0,39,4,5,0,0
305,8,middle,S Yadav,RHB,top,T Boult,pace,good,balanced,175,6,44,4,7,1,0
305,9,middle,R Sharma,RHB,top,A Rashid,spin,elite,balanced,175,0,51,5,2,0,0
305,10,middle,R Sharma,RHB,top,Y Chahal,spin,good,balanced,175,6,53,5,2,1,0
306,1,powerplay,R Parag,RHB,avg,H Patel,pace,avg,batting_paradise,133,0,0,0,7,0,0
306,2,powerplay,R Parag,RHB,avg,M Shami,pace,good,batting_paradise,133,6,7,0,5,0,0
306,3,powerplay,R Parag,RHB,avg,R Jadeja,spin,good,batting_paradise,133,12,12,0,4,0,0
306,4,powerplay,R Parag,RHB,avg,Y Chahal,spin,good,batting_paradise,133,18,16,0,7,0,0
306,5,powerplay,R Parag,RHB,avg,K Ahmed,pace,avg,batting_paradise,133,24,23,0,3,0,1
306,6,powerplay,R Parag,RHB,avg,T Boult,pace,good,batting_paradise,133,30,26,0,8,0,0
306,7,middle,R Parag,RHB,avg,H Patel,pace,avg,batting_paradise,133,36,34,0,5,1,0
306,8,middle,S Yadav,RHB,top,M Shami,pace,good,batting_paradise,133,0,39,1,9,0,0
306,9,middle,S Yadav,RHB,top,R Jadeja,spin,good,batting_paradise,133,6,48,1,9,0,1
306,10,middle,S Yadav,RHB,top,Y Chahal,spin,good,batting_paradise,133,12,57,1,11,0,1
306,11,middle,S Yadav,RHB,top,K Ahmed,pace,avg,batting_paradise,133,18,68,1,19,0,2
306,12,middle,S Yadav,RHB,top,T Boult,pace,good,batting_paradise,133,24,87,1,8,1,0
306,13,middle,H Pandya,RHB,solid,H Patel,pace,avg,batting_paradise,133,0,95,2,8,0,0
306,14,middle,H Pandya,RHB,solid,M Shami,pace,good,batting_paradise,133,6,103,2,8,1,0
306,15,middle,V Kohli,RHB,top,R Jadeja,spin,good,batting_paradise,133,0,111,3,6,0,0
306,16,death,V Kohli,RHB,top,Y Chahal,spin,good,batting_paradise,133,6,117,3,10,0,0
306,17,death,V Kohli,RHB,top,K Ahmed,pace,avg,batting_paradise,133,12,127,3,20,0,1
306,18,death,V Kohli,RHB,top,T Boult,pace,good,batting_paradise,133,18,147,3,15,0,1
306,19,death,V Kohli,RHB,top,H Patel,pace,avg,batting_paradise,133,24,162,3,21,0,2
306,20,death,V Kohli,RHB,top,M Shami,pace,good,batting_paradise,133,30,183,3,14,0,1
307,1,powerplay,R Parag,RHB,avg,T Boult,pace,good,balanced,183,0,0,0,4,0,1
307,2,powerplay,R Parag,RHB,avg,K Ahmed,pace,avg,balanced,183,6,4,0,7,0,0
307,3,powerplay,R Parag,RHB,avg,R Jadeja,spin,good,balanced,183,12,11,0,3,0,1
307,4,powerplay,R Parag,RHB,avg,J Bumrah,pace,elite,balanced,183,18,14,0,5,0,0
307,5,powerplay,R Parag,RHB,avg,H Patel,pace,avg,balanced,183,24,19,0,7,0,0
307,6,powerplay,R Parag,RHB,avg,M Shami,pace,good,balanced,183,30,26,0,6,0,0
307,7,middle,R Parag,RHB,avg,T Boult,pace,good,balanced,183,36,32,0,3,0,0
307,8,middle,R Parag,RHB,avg,K Ahmed,pace,avg,balanced,183,42,35,0,7,0,1
307,9,middle,R Parag,RHB,avg,R Jadeja,spin,good,balanced,183,48,42,0,6,0,0
307,10,middle,R Parag,RHB,avg,J Bumrah,pace,elite,balanced,183,54,48,0,7,0,1
307,11,middle,R Parag,RHB,avg,H Patel,pace,avg,balanced,183,60,55,0,8,0,0
307,12,middle,R Parag,RHB,avg,M Shami,pace,good,balanced,183,66,63,0,4,1,1
307,13,middle,R Pant,LHB,top,T Boult,pace,good,balanced,183,0,67,1,5,0,0
307,14,middle,R Pant,LHB,top,K Ahmed,pace,avg,balanced,183,6,72,1,10,0,1
307,15,middle,R Pant,LHB,top,R Jadeja,spin,good,balanced,183,12,82,1,11,1,0
307,16,death,D Padikkal,LHB,avg,J Bumrah,pace,elite,balanced,183,0,93,2,6,0,0
307,17,death,D Padikkal,LHB,avg,H Patel,pace,avg,balanced,183,6,99,2,7,0,0
307,18,death,D Padikkal,LHB,avg,M Shami,pace,good,balanced,183,12,106,2,7,0,0
307,19,death,D Padikkal,LHB,avg,T Boult,pace,good,balanced,183,18,113,2,2,1,0
307,20,death,S Yadav,RHB,top,K Ahmed,pace,avg,balanced,183,0,115,3,18,0,2
308,1,powerplay,R Sharma,RHB,top,J Bumrah,pace,elite,slow_turner,165,0,0,0,8,0,0
308,2,powerplay,R Sharma,RHB,top,H Patel,pace,avg,slow_turner,165,6,8,0,5,1,0
308,3,powerplay,R Parag,RHB,avg,T Boult,pace,good,slow_turner,165,0,13,1,2,1,0
308,4,powerplay,N Pooran,LHB,top,Y Chahal,spin,good,slow_turner,165,0,15,2,1,1,0
308,5,powerplay,R Pant,LHB,top,R Jadeja,spin,good,slow_turner,165,0,16,3,5,1,1
308,6,powerplay,D Padikkal,LHB,avg,A Rashid,spin,elite,slow_turner,165,0,21,4,7,1,0
308,7,middle,V Kohli,RHB,top,J Bumrah,pace,elite,slow_turner,165,0,28,5,2,0,0
308,8,middle,V Kohli,RHB,top,H Patel,pace,avg,slow_turner,165,6,30,5,6,0,0
308,9,middle,V Kohli,RHB,top,T Boult,pace,good,slow_turner,165,12,36,5,6,0,0
308,10,middle,V Kohli,RHB,top,Y Chahal,spin,good,slow_turner,165,18,42,5,3,0,0
308,11,middle,V Kohli,RHB,top,R Jadeja,spin,good,slow_turner,165,24,45,5,7,0,0
308,12,middle,V Kohli,RHB,top,A Rashid,spin,elite,slow_turner,165,30,52,5,5,0,0
308,13,middle,V Kohli,RHB,top,J Bumrah,pace,elite,slow_turner,165,36,57,5,3,0,0
308,14,middle,V Kohli,RHB,top,H Patel,pace,avg,slow_turner,165,42,60,5,7,0,0
308,15,middle,V Kohli,RHB,top,T Boult,pace,good,slow_turner,165,48,67,5,8,0,0
308,16,death,V Kohli,RHB,top,Y Chahal,spin,good,slow_turner,165,54,75,5,11,0,0
308,17,death,V Kohli,RHB,top,R Jadeja,spin,good,slow_turner,165,60,86,5,11,1,0
309,1,powerplay,V Kohli,RHB,top,T Boult,pace,good,seaming_track,122,0,0,0,5,0,0
309,2,powerplay,V Kohli,RHB,top,M Shami,pace,good,seaming_track,122,6,5,0,5,0,0
309,3,powerplay,V Kohli,RHB,top,K Ahmed,pace,avg,seaming_track,122,12,10,0,10,0,0
309,4,powerplay,V Kohli,RHB,top,Y Chahal,spin,good,seaming_track,122,18,20,0,4,0,0
309,5,powerplay,V Kohli,RHB,top,R Jadeja,spin,good,seaming_track,122,24,24,0,1,0,0
309,6,powerplay,V Kohli,RHB,top,J Bumrah,pace,elite,seaming_track,122,30,25,0,4,1,0
309,7,middle,H Pandya,RHB,solid,T Boult,pace,good,seaming_track,122,0,29,1,4,0,0
309,8,middle,H Pandya,RHB,solid,M Shami,pace,good,seaming_track,122,6,33,1,4,0,0
309,9,middle,H Pandya,RHB,solid,K Ahmed,pace,avg,seaming_track,122,12,37,1,5,0,0
309,10,middle,H Pandya,RHB,solid,Y Chahal,spin,good,seaming_track,122,18,42,1,8,0,0
309,11,middle,H Pandya,RHB,solid,R Jadeja,spin,good,seaming_track,122,24,50,1,4,0,1
309,12,middle,H Pandya,RHB,solid,J Bumrah,pace,elite,seaming_track,122,30,54,1,4,0,0
309,13,middle,H Pandya,RHB,solid,T Boult,pace,good,seaming_track,122,36,58,1,5,0,0
309,14,middle,H Pandya,RHB,solid,M Shami,pace,good,seaming_track,122,42,63,1,5,0,0
309,15,middle,H Pandya,RHB,solid,K Ahmed,pace,avg,seaming_track,122,48,68,1,7,1,0
309,16,death,R Parag,RHB,avg,Y Chahal,spin,good,seaming_track,122,0,75,2,11,1,0
309,17,death,D Padikkal,LHB,avg,R Jadeja,spin,good,seaming_track,122,0,86,3,3,0,0
309,18,death,D Padikkal,LHB,avg,J Bumrah,pace,elite,seaming_track,122,6,89,3,7,1,0
309,19,death,N Pooran,LHB,top,T Boult,pace,good,seaming_track,122,0,96,4,7,0,1
309,20,death,N Pooran,LHB,top,M Shami,pace,good,seaming_track,122,6,103,4,8,1,0
310,1,powerplay,S Yadav,RHB,top,Y Chahal,spin,good,batting_paradise,174,0,0,0,9,0,0
310,2,powerplay,S Yadav,RHB,top,J Bumrah,pace,elite,batting_paradise,174,6,9,0,6,0,0
310,3,powerplay,S Yadav,RHB,top,R Jadeja,spin,good,batting_paradise,174,12,15,0,12,0,2
310,4,powerplay,S Yadav,RHB,top,T Boult,pace,good,batting_paradise,174,18,27,0,15,1,1
310,5,powerplay,V Kohli,RHB,top,K Ahmed,pace,avg,batting_paradise,174,0,42,1,15,0,1
310,6,powerplay,V Kohli,RHB,top,M Shami,pace,good,batting_paradise,174,6,57,1,14,0,1
310,7,middle,V Kohli,RHB,top,Y Chahal,spin,good,batting_paradise,174,12,71,1,7,0,0
310,8,middle,V Kohli,RHB,top,J Bumrah,pace,elite,batting_paradise,174,18,78,1,9,0,1
310,9,middle,V Kohli,RHB,top,R Jadeja,spin,good,batting_paradise,174,24,87,1,4,0,0
310,10,middle,V Kohli,RHB,top,T Boult,pace,good,batting_paradise,174,30,91,1,6,0,0
310,11,middle,V Kohli,RHB,top,K Ahmed,pace,avg,batting_paradise,174,36,97,1,11,0,0
310,12,middle,V Kohli,RHB,top,M Shami,pace,good,batting_paradise,174,42,108,1,13,0,1
310,13,middle,V Kohli,RHB,top,Y Chahal,spin,good,batting_paradise,174,48,121,1,9,0,0
310,14,middle,V Kohli,RHB,top,J Bumrah,pace,elite,batting_paradise,174,54,130,1,7,0,0
310,15,middle,V Kohli,RHB,top,R Jadeja,spin,good,batting_paradise,174,60,137,1,10,0,0
310,16,death,V Kohli,RHB,top,T Boult,pace,good,batting_paradise,174,66,147,1,3,1,1
310,17,death,R Pant,LHB,top,K Ahmed,pace,avg,batting_paradise,174,0,150,2,11,1,1
310,18,death,KL Rahul,RHB,solid,M Shami,pace,good,batting_paradise,174,0,161,3,3,0,0
310,19,death,KL Rahul,RHB,solid,Y Chahal,spin,good,batting_paradise,174,6,164,3,14,0,2
310,20,death,KL Rahul,RHB,solid,J Bumrah,pace,elite,batting_paradise,174,12,178,3,13,0,1
311,1,powerplay,N Pooran,LHB,top,T Boult,pace,good,batting_paradise,134,0,0,0,13,0,2
311,2,powerplay,N Pooran,LHB,top,J Bumrah,pace,elite,batting_paradise,134,6,13,0,8,0,0
311,3,powerplay,N Pooran,LHB,top,H Patel,pace,avg,batting_paradise,134,12,21,0,11,0,1
311,4,powerplay,N Pooran,LHB,top,Y Chahal,spin,good,batting_paradise,134,18,32,0,7,1,1
311,5,powerplay,R Pant,LHB,top,R Jadeja,spin,good,batting_paradise,134,0,39,1,9,0,0
311,6,powerplay,R Pant,LHB,top,K Ahmed,pace,avg,batting_paradise,134,6,48,1,15,1,2
311,7,middle,KL Rahul,RHB,solid,T Boult,pace,good,batting_paradise,134,0,63,2,8,0,0
311,8,middle,KL Rahul,RHB,solid,J Bumrah,pace,elite,batting_paradise,134,6,71,2,8,0,0
311,9,middle,KL Rahul,RHB,solid,H Patel,pace,avg,batting_paradise,134,12,79,2,7,0,1
311,10,middle,KL Rahul,RHB,solid,Y Chahal,spin,good,batting_paradise,134,18,86,2,8,0,0
311,11,middle,KL Rahul,RHB,solid,R Jadeja,spin,good,batting_paradise,134,24,94,2,5,0,0
311,12,middle,KL Rahul,RHB,solid,K Ahmed,pace,avg,batting_paradise,134,30,99,2,14,0,2
311,13,middle,KL Rahul,RHB,solid,T Boult,pace,good,batting_paradise,134,36,113,2,8,1,0
311,14,middle,V Kohli,RHB,top,J Bumrah,pace,elite,batting_paradise,134,0,121,3,4,0,0
311,15,middle,V Kohli,RHB,top,H Patel,pace,avg,batting_paradise,134,6,125,3,11,0,0
311,16,death,V Kohli,RHB,top,Y Chahal,spin,good,batting_paradise,134,12,136,3,12,1,1
311,17,death,R Parag,RHB,avg,R Jadeja,spin,good,batting_paradise,134,0,148,4,6,1,0
311,18,death,R Sharma,RHB,top,K Ahmed,pace,avg,batting_paradise,134,0,154,5,19,1,2
312,1,powerplay,R Parag,RHB,avg,A Rashid,spin,elite,balanced,213,0,0,0,0,1,0
312,2,powerplay,R Sharma,RHB,top,R Jadeja,spin,good,balanced,213,0,0,1,2,1,1
312,3,powerplay,D Padikkal,LHB,avg,Y Chahal,spin,good,balanced,213,0,2,2,4,1,1
312,4,powerplay,KL Rahul,RHB,solid,K Ahmed,pace,avg,balanced,213,0,6,3,6,0,0
312,5,powerplay,KL Rahul,RHB,solid,M Shami,pace,good,balanced,213,6,12,3,2,1,1
312,6,powerplay,R Pant,LHB,top,H Patel,pace,avg,balanced,213,0,14,4,12,0,1
312,7,middle,R Pant,LHB,top,A Rashid,spin,elite,balanced,213,6,26,4,12,0,1
312,8,middle,R Pant,LHB,top,R Jadeja,spin,good,balanced,213,12,38,4,9,0,0
312,9,middle,R Pant,LHB,top,Y Chahal,spin,good,balanced,213,18,47,4,9,1,0
312,10,middle,N Pooran,LHB,top,K Ahmed,pace,avg,balanced,213,0,56,5,12,1,1
313,1,powerplay,KL Rahul,RHB,solid,R Jadeja,spin,good,slow_turner,197,0,0,0,3,0,1
313,2,powerplay,KL Rahul,RHB,solid,T Boult,pace,good,slow_turner,197,6,3,0,5,0,0
313,3,powerplay,KL Rahul,RHB,solid,H Patel,pace,avg,slow_turner,197,12,8,0,6,0,0
313,4,powerplay,KL Rahul,RHB,solid,A Rashid,spin,elite,slow_turner,197,18,14,0,3,0,1
313,5,powerplay,KL Rahul,RHB,solid,J Bumrah,pace,elite,slow_turner,197,24,17,0,0,1,0
313,6,powerplay,S Yadav,RHB,top,M Shami,pace,good,slow_turner,197,0,17,1,3,1,0
313,7,middle,R Parag,RHB,avg,R Jadeja,spin,good,slow_turner,197,0,20,2,3,1,0
313,8,middle,N Pooran,LHB,top,T Boult,pace,good,slow_turner,197,0,23,3,8,1,0
313,9,middle,S Gill,RHB,solid,H Patel,pace,avg,slow_turner,197,0,31,4,8,0,0
313,10,middle,S Gill,RHB,solid,A Rashid,spin,elite,slow_turner,197,6,39,4,0,1,0
313,11,middle,D Padikkal,LHB,avg,J Bumrah,pace,elite,slow_turner,197,0,39,5,3,0,0
313,12,middle,D Padikkal,LHB,avg,M Shami,pace,good,slow_turner,197,6,42,5,4,1,0
314,1,powerplay,H Pandya,RHB,solid,Y Chahal,spin,good,batting_paradise,193,0,0,0,12,0,2
314,2,powerplay,H Pandya,RHB,solid,R Jadeja,spin,good,batting_paradise,193,6,12,0,5,0,0
314,3,powerplay,H Pandya,RHB,solid,J Bumrah,pace,elite,batting_paradise,193,12,17,0,10,0,1
314,4,powerplay,H Pandya,RHB,solid,M Shami,pace,good,batting_paradise,193,18,27,0,5,0,1
314,5,powerplay,H Pandya,RHB,solid,H Patel,pace,avg,batting_paradise,193,24,32,0,15,1,1
314,6,powerplay,R Pant,LHB,top,A Rashid,spin,elite,batting_paradise,193,0,47,1,6,1,0
314,7,middle,R Parag,RHB,avg,Y Chahal,spin,good,batting_paradise,193,0,53,2,1,0,0
314,8,middle,R Parag,RHB,avg,R Jadeja,spin,good,batting_paradise,193,6,54,2,6,0,1
314,9,middle,R Parag,RHB,avg,J Bumrah,pace,elite,batting_paradise,193,12,60,2,5,0,0
314,10,middle,R Parag,RHB,avg,M Shami,pace,good,batting_paradise,193,18,65,2,12,0,1
314,11,middle,R Parag,RHB,avg,H Patel,pace,avg,batting_paradise,193,24,77,2,13,0,1
314,12,middle,R Parag,RHB,avg,A Rashid,spin,elite,batting_paradise,193,30,90,2,5,1,0
314,13,middle,N Pooran,LHB,top,Y Chahal,spin,good,batting_paradise,193,0,95,3,7,0,0
314,14,middle,N Pooran,LHB,top,R Jadeja,spin,good,batting_paradise,193,6,102,3,5,0,0
314,15,middle,N Pooran,LHB,top,J Bumrah,pace,elite,batting_paradise,193,12,107,3,9,0,0
314,16,death,N Pooran,LHB,top,M Shami,pace,good,batting_paradise,193,18,116,3,24,0,2
314,17,death,N Pooran,LHB,top,H Patel,pace,avg,batting_paradise,193,24,140,3,19,1,1
314,18,death,R Sharma,RHB,top,A Rashid,spin,elite,batting_paradise,193,0,159,4,7,0,0
314,19,death,R Sharma,RHB,top,Y Chahal,spin,good,batting_paradise,193,6,166,4,4,0,1
314,20,death,R Sharma,RHB,top,R Jadeja,spin,good,batting_paradise,193,12,170,4,16,0,1
315,1,powerplay,N Pooran,LHB,top,Y Chahal,spin,good,batting_paradise,160,0,0,0,7,0,0
315,2,powerplay,N Pooran,LHB,top,H Patel,pace,avg,batting_paradise,160,6,7,0,13,1,1
315,3,powerplay,S Yadav,RHB,top,M Shami,pace,good,batting_paradise,160,0,20,1,10,1,0
315,4,powerplay,R Sharma,RHB,top,K Ahmed,pace,avg,batting_paradise,160,0,30,2,6,0,1
315,5,powerplay,R Sharma,RHB,top,J Bumrah,pace,elite,batting_paradise,160,6,36,2,5,0,1
315,6,powerplay,R Sharma,RHB,top,R Jadeja,spin,good,batting_paradise,160,12,41,2,10,0,1
315,7,middle,R Sharma,RHB,top,Y Chahal,spin,good,batting_paradise,160,18,51,2,8,0,1
315,8,middle,R Sharma,RHB,top,H Patel,pace,avg,batting_paradise,160,24,59,2,12,0,1
315,9,middle,R Sharma,RHB,top,M Shami,pace,good,batting_paradise,160,30,71,2,12,0,1
315,10,middle,R Sharma,RHB,top,K Ahmed,pace,avg,batting_paradise,160,36,83,2,21,0,1
315,11,middle,R Sharma,RHB,top,J Bumrah,pace,elite,batting_paradise,160,42,104,2,14,0,1
315,12,middle,R Sharma,RHB,top,R Jadeja,spin,good,batting_paradise,160,48,118,2,8,0,0
315,13,middle,R Sharma,RHB,top,Y Chahal,spin,good,batting_paradise,160,54,126,2,12,0,1
315,14,middle,R Sharma,RHB,top,H Patel,pace,avg,batting_paradise,160,60,138,2,11,0,1
315,15,middle,R Sharma,RHB,top,M Shami,pace,good,batting_paradise,160,66,149,2,12,0,1
315,16,death,R Sharma,RHB,top,K Ahmed,pace,avg,batting_paradise,160,72,161,2,19,1,2
315,17,death,H Pandya,RHB,solid,J Bumrah,pace,elite,batting_paradise,160,0,180,3,6,1,1
315,18,death,R Parag,RHB,avg,R Jadeja,spin,good,batting_paradise,160,0,186,4,7,0,0
315,19,death,R Parag,RHB,avg,Y Chahal,spin,good,batting_paradise,160,6,193,4,12,0,1
315,20,death,R Parag,RHB,avg,H Patel,pace,avg,batting_paradise,160,12,205,4,16,0,1
316,1,powerplay,V Kohli,RHB,top,M Shami,pace,good,balanced,167,0,0,0,4,0,0
316,2,powerplay,V Kohli,RHB,top,J Bumrah,pace,elite,balanced,167,6,4,0,4,0,0
316,3,powerplay,V Kohli,RHB,top,K Ahmed,pace,avg,balanced,167,12,8,0,2,1,0
316,4,powerplay,R Sharma,RHB,top,Y Chahal,spin,good,balanced,167,0,10,1,3,1,0
316,5,powerplay,KL Rahul,RHB,solid,R Jadeja,spin,good,balanced,167,0,13,2,4,0,0
316,6,powerplay,KL Rahul,RHB,solid,H Patel,pace,avg,balanced,167,6,17,2,7,1,0
316,7,middle,H Pandya,RHB,solid,M Shami,pace,good,balanced,167,0,24,3,7,0,0
316,8,middle,H Pandya,RHB,solid,J Bumrah,pace,elite,balanced,167,6,31,3,2,1,0
316,9,middle,D Padikkal,LHB,avg,K Ahmed,pace,avg,balanced,167,0,33,4,2,1,0
316,10,middle,R Pant,LHB,top,Y Chahal,spin,good,balanced,167,0,35,5,0,1,0
317,1,powerplay,KL Rahul,RHB,solid,H Patel,pace,avg,seaming_track,204,0,0,0,8,0,1
317,2,powerplay,KL Rahul,RHB,solid,A Rashid,spin,elite,seaming_track,204,6,8,0,6,0,0
317,3,powerplay,KL Rahul,RHB,solid,K Ahmed,pace,avg,seaming_track,204,12,14,0,8,0,0
317,4,powerplay,KL Rahul,RHB,solid,M Shami,pace,good,seaming_track,204,18,22,0,5,1,0
317,5,powerplay,R Sharma,RHB,top,T Boult,pace,good,seaming_track,204,0,27,1,2,1,0
317,6,powerplay,R Pant,LHB,top,J Bumrah,pace,elite,seaming_track,204,0,29,2,3,0,0
317,7,middle,R Pant,LHB,top,H Patel,pace,avg,seaming_track,204,6,32,2,3,0,0
317,8,middle,R Pant,LHB,top,A Rashid,spin,elite,seaming_track,204,12,35,2,7,0,1
317,9,middle,R Pant,LHB,top,K Ahmed,pace,avg,seaming_track,204,18,42,2,13,0,1
317,10,middle,R Pant,LHB,top,M Shami,pace,good,seaming_track,204,24,55,2,12,0,2
317,11,middle,R Pant,LHB,top,T Boult,pace,good,seaming_track,204,30,67,2,6,0,0
317,12,middle,R Pant,LHB,top,J Bumrah,pace,elite,seaming_track,204,36,73,2,7,0,0
317,13,middle,R Pant,LHB,top,H Patel,pace,avg,seaming_track,204,42,80,2,13,0,1
317,14,middle,R Pant,LHB,top,A Rashid,spin,elite,seaming_track,204,48,93,2,0,1,0
317,15,middle,S Gill,RHB,solid,K Ahmed,pace,avg,seaming_track,204,0,93,3,6,0,0
317,16,death,S Gill,RHB,solid,M Shami,pace,good,seaming_track,204,6,99,3,9,0,0
317,17,death,S Gill,RHB,solid,T Boult,pace,good,seaming_track,204,12,108,3,6,0,0
317,18,death,S Gill,RHB,solid,J Bumrah,pace,elite,seaming_track,204,18,114,3,4,0,1
317,19,death,S Gill,RHB,solid,H Patel,pace,avg,seaming_track,204,24,118,3,7,1,0
317,20,death,R Parag,RHB,avg,A Rashid,spin,elite,seaming_track,204,0,125,4,0,1,0
318,1,powerplay,R Sharma,RHB,top,A Rashid,spin,elite,seaming_track,170,0,0,0,4,1,0
318,2,powerplay,R Parag,RHB,avg,J Bumrah,pace,elite,seaming_track,170,0,4,1,3,0,0
318,3,powerplay,R Parag,RHB,avg,Y Chahal,spin,good,seaming_track,170,6,7,1,3,0,0
318,4,powerplay,R Parag,RHB,avg,K Ahmed,pace,avg,seaming_track,170,12,10,1,9,1,0
318,5,powerplay,KL Rahul,RHB,solid,T Boult,pace,good,seaming_track,170,0,19,2,6,0,0
318,6,powerplay,KL Rahul,RHB,solid,H Patel,pace,avg,seaming_track,170,6,25,2,11,0,0
318,7,middle,KL Rahul,RHB,solid,A Rashid,spin,elite,seaming_track,170,12,36,2,5,0,1
318,8,middle,KL Rahul,RHB,solid,J Bumrah,pace,elite,seaming_track,170,18,41,2,9,1,0
318,9,middle,D Padikkal,LHB,avg,Y Chahal,spin,good,seaming_track,170,0,50,3,4,1,0
318,10,middle,H Pandya,RHB,solid,K Ahmed,pace,avg,seaming_track,170,0,54,4,6,1,0
318,11,middle,S Gill,RHB,solid,T Boult,pace,good,seaming_track,170,0,60,5,1,1,0
319,1,powerplay,V Kohli,RHB,top,T Boult,pace,good,batting_paradise,152,0,0,0,13,0,1
319,2,powerplay,V Kohli,RHB,top,Y Chahal,spin,good,batting_paradise,152,6,13,0,12,0,1
319,3,powerplay,V Kohli,RHB,top,M Shami,pace,good,batting_paradise,152,12,25,0,14,0,2
319,4,powerplay,V Kohli,RHB,top,R Jadeja,spin,good,batting_paradise,152,18,39,0,9,0,0
319,5,powerplay,V Kohli,RHB,top,K Ahmed,pace,avg,batting_paradise,152,24,48,0,17,0,1
319,6,powerplay,V Kohli,RHB,top,H Patel,pace,avg,batting_paradise,152,30,65,0,19,0,2
319,7,middle,V Kohli,RHB,top,T Boult,pace,good,batting_paradise,152,36,84,0,9,0,0
319,8,middle,V Kohli,RHB,top,Y Chahal,spin,good,batting_paradise,152,42,93,0,10,0,0
319,9,middle,V Kohli,RHB,top,M Shami,pace,good,batting_paradise,152,48,103,0,9,0,0
319,10,middle,V Kohli,RHB,top,R Jadeja,spin,good,batting_paradise,152,54,112,0,13,0,1
319,11,middle,V Kohli,RHB,top,K Ahmed,pace,avg,batting_paradise,152,60,125,0,11,0,1
319,12,middle,V Kohli,RHB,top,H Patel,pace,avg,batting_paradise,152,66,136,0,15,0,1
319,13,middle,V Kohli,RHB,top,T Boult,pace,good,batting_paradise,152,72,151,0,6,1,0
319,14,middle,D Padikkal,LHB,avg,Y Chahal,spin,good,batting_paradise,152,0,157,1,8,0,0
319,15,middle,D Padikkal,LHB,avg,M Shami,pace,good,batting_paradise,152,6,165,1,1,0,0
319,16,death,D Padikkal,LHB,avg,R Jadeja,spin,good,batting_paradise,152,12,166,1,5,0,1
319,17,death,D Padikkal,LHB,avg,K Ahmed,pace,avg,batting_paradise,152,18,171,1,3,1,1
319,18,death,R Pant,LHB,top,H Patel,pace,avg,batting_paradise,152,0,174,2,15,0,1
319,19,death,R Pant,LHB,top,T Boult,pace,good,batting_paradise,152,6,189,2,8,0,0
319,20,death,R Pant,LHB,top,Y Chahal,spin,good,batting_paradise,152,12,197,2,18,0,1
320,1,powerplay,R Sharma,RHB,top,T Boult,pace,good,batting_paradise,179,0,0,0,8,1,1
320,2,powerplay,R Pant,LHB,top,H Patel,pace,avg,batting_paradise,179,0,8,1,12,0,1
320,3,powerplay,R Pant,LHB,top,R Jadeja,spin,good,batting_paradise,179,6,20,1,10,0,1
320,4,powerplay,R Pant,LHB,top,K Ahmed,pace,avg,batting_paradise,179,12,30,1,9,0,1
320,5,powerplay,R Pant,LHB,top,A Rashid,spin,elite,batting_paradise,179,18,39,1,13,0,1
320,6,powerplay,R Pant,LHB,top,M Shami,pace,good,batting_paradise,179,24,52,1,11,0,0
320,7,middle,R Pant,LHB,top,T Boult,pace,good,batting_paradise,179,30,63,1,19,0,1
320,8,middle,R Pant,LHB,top,H Patel,pace,avg,batting_paradise,179,36,82,1,21,0,1
320,9,middle,R Pant,LHB,top,R Jadeja,spin,good,batting_paradise,179,42,103,1,11,0,1
320,10,middle,R Pant,LHB,top,K Ahmed,pace,avg,batting_paradise,179,48,114,1,17,0,2
320,11,middle,R Pant,LHB,top,A Rashid,spin,elite,batting_paradise,179,54,131,1,13,1,1
320,12,middle,S Gill,RHB,solid,M Shami,pace,good,batting_paradise,179,0,144,2,5,0,1
320,13,middle,S Gill,RHB,solid,T Boult,pace,good,batting_paradise,179,6,149,2,3,0,0
320,14,middle,S Gill,RHB,solid,H Patel,pace,avg,batting_paradise,179,12,152,2,8,0,0
320,15,middle,S Gill,RHB,solid,R Jadeja,spin,good,batting_paradise,179,18,160,2,8,0,0
320,16,death,S Gill,RHB,solid,K Ahmed,pace,avg,batting_paradise,179,24,168,2,14,0,2
320,17,death,S Gill,RHB,solid,A Rashid,spin,elite,batting_paradise,179,30,182,2,13,1,2
320,18,death,N Pooran,LHB,top,M Shami,pace,good,batting_paradise,179,0,195,3,13,0,1
320,19,death,N Pooran,LHB,top,T Boult,pace,good,batting_paradise,179,6,208,3,12,0,1
320,20,death,N Pooran,LHB,top,H Patel,pace,avg,batting_paradise,179,12,220,3,23,0,2
321,1,powerplay,V Kohli,RHB,top,K Ahmed,pace,avg,slow_turner,154,0,0,0,5,0,0
321,2,powerplay,V Kohli,RHB,top,H Patel,pace,avg,slow_turner,154,6,5,0,3,1,1
321,3,powerplay,S Gill,RHB,solid,A Rashid,spin,elite,slow_turner,154,0,8,1,3,0,0
321,4,powerplay,S Gill,RHB,solid,T Boult,pace,good,slow_turner,154,6,11,1,3,0,0
321,5,powerplay,S Gill,RHB,solid,R Jadeja,spin,good,slow_turner,154,12,14,1,6,0,0
321,6,powerplay,S Gill,RHB,solid,J Bumrah,pace,elite,slow_turner,154,18,20,1,4,1,0
321,7,middle,N Pooran,LHB,top,K Ahmed,pace,avg,slow_turner,154,0,24,2,9,0,0
321,8,middle,N Pooran,LHB,top,H Patel,pace,avg,slow_turner,154,6,33,2,8,1,1
321,9,middle,KL Rahul,RHB,solid,A Rashid,spin,elite,slow_turner,154,0,41,3,6,0,0
321,10,middle,KL Rahul,RHB,solid,T Boult,pace,good,slow_turner,154,6,47,3,4,1,0
321,11,middle,H Pandya,RHB,solid,R Jadeja,spin,good,slow_turner,154,0,51,4,6,1,0
321,12,middle,S Yadav,RHB,top,J Bumrah,pace,elite,slow_turner,154,0,57,5,4,0,0
321,13,middle,S Yadav,RHB,top,K Ahmed,pace,avg,slow_turner,154,6,61,5,12,0,1
321,14,middle,S Yadav,RHB,top,H Patel,pace,avg,slow_turner,154,12,73,5,13,0,1
321,15,middle,S Yadav,RHB,top,A Rashid,spin,elite,slow_turner,154,18,86,5,7,0,0
321,16,death,S Yadav,RHB,top,T Boult,pace,good,slow_turner,154,24,93,5,13,1,1
322,1,powerplay,R Parag,RHB,avg,M Shami,pace,good,seaming_track,139,0,0,0,1,0,0
322,2,powerplay,R Parag,RHB,avg,K Ahmed,pace,avg,seaming_track,139,6,1,0,7,0,1
322,3,powerplay,R Parag,RHB,avg,H Patel,pace,avg,seaming_track,139,12,8,0,1,1,0
322,4,powerplay,D Padikkal,LHB,avg,Y Chahal,spin,good,seaming_track,139,0,9,1,6,0,0
322,5,powerplay,D Padikkal,LHB,avg,R Jadeja,spin,good,seaming_track,139,6,15,1,2,1,0
322,6,powerplay,V Kohli,RHB,top,A Rashid,spin,elite,seaming_track,139,0,17,2,4,1,0
322,7,middle,R Sharma,RHB,top,M Shami,pace,good,seaming_track,139,0,21,3,6,1,1
322,8,middle,S Yadav,RHB,top,K Ahmed,pace,avg,seaming_track,139,0,27,4,5,0,0
322,9,middle,S Yadav,RHB,top,H Patel,pace,avg,seaming_track,139,6,32,4,7,0,0
322,10,middle,S Yadav,RHB,top,Y Chahal,spin,good,seaming_track,139,12,39,4,9,0,0
322,11,middle,S Yadav,RHB,top,R Jadeja,spin,good,seaming_track,139,18,48,4,7,0,1
322,12,middle,S Yadav,RHB,top,A Rashid,spin,elite,seaming_track,139,24,55,4,6,0,0
322,13,middle,S Yadav,RHB,top,M Shami,pace,good,seaming_track,139,30,61,4,10,0,0
322,14,middle,S Yadav,RHB,top,K Ahmed,pace,avg,seaming_track,139,36,71,4,8,0,0
322,15,middle,S Yadav,RHB,top,H Patel,pace,avg,seaming_track,139,42,79,4,10,1,0
322,16,death,KL Rahul,RHB,solid,Y Chahal,spin,good,seaming_track,139,0,89,5,8,1,0
323,1,powerplay,S Gill,RHB,solid,M Shami,pace,good,slow_turner,153,0,0,0,0,1,0
323,2,powerplay,D Padikkal,LHB,avg,A Rashid,spin,elite,slow_turner,153,0,0,1,2,0,0
323,3,powerplay,D Padikkal,LHB,avg,Y Chahal,spin,good,slow_turner,153,6,2,1,3,1,0
323,4,powerplay,N Pooran,LHB,top,J Bumrah,pace,elite,slow_turner,153,0,5,2,3,0,0
323,5,powerplay,N Pooran,LHB,top,R Jadeja,spin,good,slow_turner,153,6,8,2,6,0,0
323,6,powerplay,N Pooran,LHB,top,K Ahmed,pace,avg,slow_turner,153,12,14,2,13,0,2
323,7,middle,N Pooran,LHB,top,M Shami,pace,good,slow_turner,153,18,27,2,5,0,0
323,8,middle,N Pooran,LHB,top,A Rashid,spin,elite,slow_turner,153,24,32,2,5,0,0
323,9,middle,N Pooran,LHB,top,Y Chahal,spin,good,slow_turner,153,30,37,2,5,1,0
323,10,middle,R Parag,RHB,avg,J Bumrah,pace,elite,slow_turner,153,0,42,3,0,1,0
323,11,middle,S Yadav,RHB,top,R Jadeja,spin,good,slow_turner,153,0,42,4,4,0,0
323,12,middle,S Yadav,RHB,top,K Ahmed,pace,avg,slow_turner,153,6,46,4,9,0,0
323,13,middle,S Yadav,RHB,top,M Shami,pace,good,slow_turner,153,12,55,4,8,0,1
323,14,middle,S Yadav,RHB,top,A Rashid,spin,elite,slow_turner,153,18,63,4,6,0,0
323,15,middle,S Yadav,RHB,top,Y Chahal,spin,good,slow_turner,153,24,69,4,4,1,1
323,16,death,R Pant,LHB,top,J Bumrah,pace,elite,slow_turner,153,0,73,5,7,1,0
324,1,powerplay,N Pooran,LHB,top,K Ahmed,pace,avg,balanced,205,0,0,0,10,0,0
324,2,powerplay,N Pooran,LHB,top,J Bumrah,pace,elite,balanced,205,6,10,0,6,0,1
324,3,powerplay,N Pooran,LHB,top,T Boult,pace,good,balanced,205,12,16,0,4,1,0
324,4,powerplay,S Yadav,RHB,top,R Jadeja,spin,good,balanced,205,0,20,1,6,0,0
324,5,powerplay,S Yadav,RHB,top,A Rashid,spin,elite,balanced,205,6,26,1,6,0,0
324,6,powerplay,S Yadav,RHB,top,M Shami,pace,good,balanced,205,12,32,1,9,0,0
324,7,middle,S Yadav,RHB,top,K Ahmed,pace,avg,balanced,205,18,41,1,20,0,2
324,8,middle,S Yadav,RHB,top,J Bumrah,pace,elite,balanced,205,24,61,1,16,0,1
324,9,middle,S Yadav,RHB,top,T Boult,pace,good,balanced,205,30,77,1,9,1,0
324,10,middle,D Padikkal,LHB,avg,R Jadeja,spin,good,balanced,205,0,86,2,6,0,1
324,11,middle,D Padikkal,LHB,avg,A Rashid,spin,elite,balanced,205,6,92,2,4,1,0
324,12,middle,R Sharma,RHB,top,M Shami,pace,good,balanced,205,0,96,3,2,0,0
324,13,middle,R Sharma,RHB,top,K Ahmed,pace,avg,balanced,205,6,98,3,6,1,0
324,14,middle,KL Rahul,RHB,solid,J Bumrah,pace,elite,balanced,205,0,104,4,6,0,0
324,15,middle,KL Rahul,RHB,solid,T Boult,pace,good,balanced,205,6,110,4,3,0,0
324,16,death,KL Rahul,RHB,solid,R Jadeja,spin,good,balanced,205,12,113,4,3,1,1
324,17,death,S Gill,RHB,solid,A Rashid,spin,elite,balanced,205,0,116,5,4,1,0
325,1,powerplay,S Gill,RHB,solid,A Rashid,spin,elite,slow_turner,189,0,0,0,4,0,0
325,2,powerplay,S Gill,RHB,solid,J Bumrah,pace,elite,slow_turner,189,6,4,0,3,0,0
325,3,powerplay,S Gill,RHB,solid,T Boult,pace,good,slow_turner,189,12,7,0,8,0,0
325,4,powerplay,S Gill,RHB,solid,R Jadeja,spin,good,slow_turner,189,18,15,0,6,0,0
325,5,powerplay,S Gill,RHB,solid,H Patel,pace,avg,slow_turner,189,24,21,0,10,0,0
325,6,powerplay,S Gill,RHB,solid,Y Chahal,spin,good,slow_turner,189,30,31,0,9,0,0
325,7,middle,S Gill,RHB,solid,A Rashid,spin,elite,slow_turner,189,36,40,0,4,0,0
325,8,middle,S Gill,RHB,solid,J Bumrah,pace,elite,slow_turner,189,42,44,0,1,0,1
325,9,middle,S Gill,RHB,solid,T Boult,pace,good,slow_turner,189,48,45,0,7,0,0
325,10,middle,S Gill,RHB,solid,R Jadeja,spin,good,slow_turner,189,54,52,0,4,1,0
325,11,middle,KL Rahul,RHB,solid,H Patel,pace,avg,slow_turner,189,0,56,1,6,0,1
325,12,middle,KL Rahul,RHB,solid,Y Chahal,spin,good,slow_turner,189,6,62,1,1,1,0
325,13,middle,S Yadav,RHB,top,A Rashid,spin,elite,slow_turner,189,0,63,2,4,1,0
325,14,middle,R Pant,LHB,top,J Bumrah,pace,elite,slow_turner,189,0,67,3,3,1,0
325,15,middle,D Padikkal,LHB,avg,T Boult,pace,good,slow_turner,189,0,70,4,2,1,0
325,16,death,R Parag,RHB,avg,R Jadeja,spin,good,slow_turner,189,0,72,5,4,0,0
325,17,death,R Parag,RHB,avg,H Patel,pace,avg,slow_turner,189,6,76,5,6,1,1
326,1,powerplay,V Kohli,RHB,top,R Jadeja,spin,good,seaming_track,163,0,0,0,6,1,0
326,2,powerplay,R Parag,RHB,avg,T Boult,pace,good,seaming_track,163,0,6,1,7,1,0
326,3,powerplay,N Pooran,LHB,top,K Ahmed,pace,avg,seaming_track,163,0,13,2,10,0,0
326,4,powerplay,N Pooran,LHB,top,J Bumrah,pace,elite,seaming_track,163,6,23,2,7,0,1
326,5,powerplay,N Pooran,LHB,top,M Shami,pace,good,seaming_track,163,12,30,2,8,0,0
326,6,powerplay,N Pooran,LHB,top,A Rashid,spin,elite,seaming_track,163,18,38,2,3,1,1
326,7,middle,R Pant,LHB,top,R Jadeja,spin,good,seaming_track,163,0,41,3,3,0,0
326,8,middle,R Pant,LHB,top,T Boult,pace,good,seaming_track,163,6,44,3,4,0,0
326,9,middle,R Pant,LHB,top,K Ahmed,pace,avg,seaming_track,163,12,48,3,9,1,0
326,10,middle,R Sharma,RHB,top,J Bumrah,pace,elite,seaming_track,163,0,57,4,7,0,0
326,11,middle,R Sharma,RHB,top,M Shami,pace,good,seaming_track,163,6,64,4,9,0,0
326,12,middle,R Sharma,RHB,top,A Rashid,spin,elite,seaming_track,163,12,73,4,4,0,0
326,13,middle,R Sharma,RHB,top,R Jadeja,spin,good,seaming_track,163,18,77,4,9,1,0
326,14,middle,S Gill,RHB,solid,T Boult,pace,good,seaming_track,163,0,86,5,3,0,0
326,15,middle,S Gill,RHB,solid,K Ahmed,pace,avg,seaming_track,163,6,89,5,3,1,0
327,1,powerplay,R Sharma,RHB,top,J Bumrah,pace,elite,batting_paradise,150,0,0,0,10,0,0
327,2,powerplay,R Sharma,RHB,top,T Boult,pace,good,batting_paradise,150,6,10,0,8,0,0
327,3,powerplay,R Sharma,RHB,top,Y Chahal,spin,good,batting_paradise,150,12,18,0,7,0,0
327,4,powerplay,R Sharma,RHB,top,K Ahmed,pace,avg,batting_paradise,150,18,25,0,12,0,1
327,5,powerplay,R Sharma,RHB,top,M Shami,pace,good,batting_paradise,150,24,37,0,16,1,1
327,6,powerplay,S Yadav,RHB,top,H Patel,pace,avg,batting_paradise,150,0,53,1,8,1,0
327,7,middle,H Pandya,RHB,solid,J Bumrah,pace,elite,batting_paradise,150,0,61,2,7,0,0
327,8,middle,H Pandya,RHB,solid,T Boult,pace,good,batting_paradise,150,6,68,2,9,0,0
327,9,middle,H Pandya,RHB,solid,Y Chahal,spin,good,batting_paradise,150,12,77,2,9,0,0
327,10,middle,H Pandya,RHB,solid,K Ahmed,pace,avg,batting_paradise,150,18,86,2,12,0,1
327,11,middle,H Pandya,RHB,solid,M Shami,pace,good,batting_paradise,150,24,98,2,8,0,0
327,12,middle,H Pandya,RHB,solid,H Patel,pace,avg,batting_paradise,150,30,106,2,14,0,2
327,13,middle,H Pandya,RHB,solid,J Bumrah,pace,elite,batting_paradise,150,36,120,2,8,0,1
327,14,middle,H Pandya,RHB,solid,T Boult,pace,good,batting_paradise,150,42,128,2,9,0,0
327,15,middle,H Pandya,RHB,solid,Y Chahal,spin,good,batting_paradise,150,48,137,2,16,0,1
327,16,death,H Pandya,RHB,solid,K Ahmed,pace,avg,batting_paradise,150,54,153,2,20,0,1
327,17,death,H Pandya,RHB,solid,M Shami,pace,good,batting_paradise,150,60,173,2,14,0,1
327,18,death,H Pandya,RHB,solid,H Patel,pace,avg,batting_paradise,150,66,187,2,25,1,2
327,19,death,R Pant,LHB,top,J Bumrah,pace,elite,batting_paradise,150,0,212,3,9,1,0
327,20,death,N Pooran,LHB,top,T Boult,pace,good,batting_paradise,150,0,221,4,12,0,2
328,1,powerplay,KL Rahul,RHB,solid,K Ahmed,pace,avg,balanced,158,0,0,0,7,0,0
328,2,powerplay,KL Rahul,RHB,solid,M Shami,pace,good,balanced,158,6,7,0,12,0,1
328,3,powerplay,KL Rahul,RHB,solid,Y Chahal,spin,good,balanced,158,12,19,0,7,0,0
328,4,powerplay,KL Rahul,RHB,solid,T Boult,pace,good,balanced,158,18,26,0,6,0,1
328,5,powerplay,KL Rahul,RHB,solid,J Bumrah,pace,elite,balanced,158,24,32,0,2,1,0
328,6,powerplay,V Kohli,RHB,top,H Patel,pace,avg,balanced,158,0,34,1,3,1,0
328,7,middle,S Yadav,RHB,top,K Ahmed,pace,avg,balanced,158,0,37,2,10,0,0
328,8,middle,S Yadav,RHB,top,M Shami,pace,good,balanced,158,6,47,2,2,0,0
328,9,middle,S Yadav,RHB,top,Y Chahal,spin,good,balanced,158,12,49,2,3,0,0
328,10,middle,S Yadav,RHB,top,T Boult,pace,good,balanced,158,18,52,2,9,0,0
328,11,middle,S Yadav,RHB,top,J Bumrah,pace,elite,balanced,158,24,61,2,8,0,0
328,12,middle,S Yadav,RHB,top,H Patel,pace,avg,balanced,158,30,69,2,15,1,1
328,13,middle,S Gill,RHB,solid,K Ahmed,pace,avg,balanced,158,0,84,3,4,0,0
328,14,middle,S Gill,RHB,solid,M Shami,pace,good,balanced,158,6,88,3,2,1,0
328,15,middle,R Sharma,RHB,top,Y Chahal,spin,good,balanced,158,0,90,4,3,0,0
328,16,death,R Sharma,RHB,top,T Boult,pace,good,balanced,158,6,93,4,10,0,1
328,17,death,R Sharma,RHB,top,J Bumrah,pace,elite,balanced,158,12,103,4,8,1,0
328,18,death,H Pandya,RHB,solid,H Patel,pace,avg,balanced,158,0,111,5,11,1,1
329,1,powerplay,R Parag,RHB,avg,T Boult,pace,good,seaming_track,174,0,0,0,0,1,0
329,2,powerplay,S Gill,RHB,solid,H Patel,pace,avg,seaming_track,174,0,0,1,9,0,1
329,3,powerplay,S Gill,RHB,solid,M Shami,pace,good,seaming_track,174,6,9,1,4,1,0
329,4,powerplay,D Padikkal,LHB,avg,K Ahmed,pace,avg,seaming_track,174,0,13,2,8,0,0
329,5,powerplay,D Padikkal,LHB,avg,Y Chahal,spin,good,seaming_track,174,6,21,2,7,0,0
329,6,powerplay,D Padikkal,LHB,avg,A Rashid,spin,elite,seaming_track,174,12,28,2,1,1,0
329,7,middle,V Kohli,RHB,top,T Boult,pace,good,seaming_track,174,0,29,3,3,1,0
329,8,middle,R Sharma,RHB,top,H Patel,pace,avg,seaming_track,174,0,32,4,5,0,0
329,9,middle,R Sharma,RHB,top,M Shami,pace,good,seaming_track,174,6,37,4,5,0,0
329,10,middle,R Sharma,RHB,top,K Ahmed,pace,avg,seaming_track,174,12,42,4,11,0,1
329,11,middle,R Sharma,RHB,top,Y Chahal,spin,good,seaming_track,174,18,53,4,2,1,0
329,12,middle,KL Rahul,RHB,solid,A Rashid,spin,elite,seaming_track,174,0,55,5,1,1,0
330,1,powerplay,S Gill,RHB,solid,J Bumrah,pace,elite,seaming_track,198,0,0,0,3,1,0
330,2,powerplay,KL Rahul,RHB,solid,T Boult,pace,good,seaming_track,198,0,3,1,2,1,1
330,3,powerplay,R Pant,LHB,top,R Jadeja,spin,good,seaming_track,198,0,5,2,9,0,0
330,4,powerplay,R Pant,LHB,top,A Rashid,spin,elite,seaming_track,198,6,14,2,6,1,0
330,5,powerplay,D Padikkal,LHB,avg,H Patel,pace,avg,seaming_track,198,0,20,3,5,0,0
330,6,powerplay,D Padikkal,LHB,avg,K Ahmed,pace,avg,seaming_track,198,6,25,3,0,1,0
330,7,middle,R Sharma,RHB,top,J Bumrah,pace,elite,seaming_track,198,0,25,4,3,1,0
330,8,middle,S Yadav,RHB,top,T Boult,pace,good,seaming_track,198,0,28,5,7,0,1
330,9,middle,S Yadav,RHB,top,R Jadeja,spin,good,seaming_track,198,6,35,5,0,1,0
331,1,powerplay,R Parag,RHB,avg,T Boult,pace,good,batting_paradise,165,0,0,0,4,0,0
331,2,powerplay,R Parag,RHB,avg,Y Chahal,spin,good,batting_paradise,165,6,4,0,4,0,0
331,3,powerplay,R Parag,RHB,avg,R Jadeja,spin,good,batting_paradise,165,12,8,0,12,1,1
331,4,powerplay,R Pant,LHB,top,K Ahmed,pace,avg,batting_paradise,165,0,20,1,12,0,1
331,5,powerplay,R Pant,LHB,top,A Rashid,spin,elite,batting_paradise,165,6,32,1,6,1,0
331,6,powerplay,R Sharma,RHB,top,H Patel,pace,avg,batting_paradise,165,0,38,2,8,1,0
331,7,middle,H Pandya,RHB,solid,T Boult,pace,good,batting_paradise,165,0,46,3,1,0,0
331,8,middle,H Pandya,RHB,solid,Y Chahal,spin,good,batting_paradise,165,6,47,3,5,0,0
331,9,middle,H Pandya,RHB,solid,R Jadeja,spin,good,batting_paradise,165,12,52,3,7,0,0
331,10,middle,H Pandya,RHB,solid,K Ahmed,pace,avg,batting_paradise,165,18,59,3,10,0,0
331,11,middle,H Pandya,RHB,solid,A Rashid,spin,elite,batting_paradise,165,24,69,3,9,0,0
331,12,middle,H Pandya,RHB,solid,H Patel,pace,avg,batting_paradise,165,30,78,3,25,0,1
331,13,middle,H Pandya,RHB,solid,T Boult,pace,good,batting_paradise,165,36,103,3,18,0,1
331,14,middle,H Pandya,RHB,solid,Y Chahal,spin,good,batting_paradise,165,42,121,3,5,0,0
331,15,middle,H Pandya,RHB,solid,R Jadeja,spin,good,batting_paradise,165,48,126,3,4,0,0
331,16,death,H Pandya,RHB,solid,K Ahmed,pace,avg,batting_paradise,165,54,130,3,13,0,2
331,17,death,H Pandya,RHB,solid,A Rashid,spin,elite,batting_paradise,165,60,143,3,14,0,1
331,18,death,H Pandya,RHB,solid,H Patel,pace,avg,batting_paradise,165,66,157,3,17,1,1
331,19,death,D Padikkal,LHB,avg,T Boult,pace,good,batting_paradise,165,0,174,4,9,1,0
331,20,death,N Pooran,LHB,top,Y Chahal,spin,good,batting_paradise,165,0,183,5,5,1,0
332,1,powerplay,H Pandya,RHB,solid,T Boult,pace,good,seaming_track,167,0,0,0,6,0,0
332,2,powerplay,H Pandya,RHB,solid,H Patel,pace,avg,seaming_track,167,6,6,0,6,0,1
332,3,powerplay,H Pandya,RHB,solid,Y Chahal,spin,good,seaming_track,167,12,12,0,10,0,0
332,4,powerplay,H Pandya,RHB,solid,R Jadeja,spin,good,seaming_track,167,18,22,0,5,0,0
332,5,powerplay,H Pandya,RHB,solid,J Bumrah,pace,elite,seaming_track,167,24,27,0,5,1,0
332,6,powerplay,V Kohli,RHB,top,M Shami,pace,good,seaming_track,167,0,32,1,6,0,0
332,7,middle,V Kohli,RHB,top,T Boult,pace,good,seaming_track,167,6,38,1,3,0,0
332,8,middle,V Kohli,RHB,top,H Patel,pace,avg,seaming_track,167,12,41,1,13,0,2
332,9,middle,V Kohli,RHB,top,Y Chahal,spin,good,seaming_track,167,18,54,1,4,0,1
332,10,middle,V Kohli,RHB,top,R Jadeja,spin,good,seaming_track,167,24,58,1,4,1,0
332,11,middle,N Pooran,LHB,top,J Bumrah,pace,elite,seaming_track,167,0,62,2,6,1,0
332,12,middle,D Padikkal,LHB,avg,M Shami,pace,good,seaming_track,167,0,68,3,2,1,0
332,13,middle,R Sharma,RHB,top,T Boult,pace,good,seaming_track,167,0,70,4,15,0,1
332,14,middle,R Sharma,RHB,top,H Patel,pace,avg,seaming_track,167,6,85,4,6,0,0
332,15,middle,R Sharma,RHB,top,Y Chahal,spin,good,seaming_track,167,12,91,4,10,0,0
332,16,death,R Sharma,RHB,top,R Jadeja,spin,good,seaming_track,167,18,101,4,8,1,0
332,17,death,R Parag,RHB,avg,J Bumrah,pace,elite,seaming_track,167,0,109,5,3,1,0
333,1,powerplay,V Kohli,RHB,top,A Rashid,spin,elite,slow_turner,202,0,0,0,3,0,0
333,2,powerplay,V Kohli,RHB,top,M Shami,pace,good,slow_turner,202,6,3,0,6,1,0
333,3,powerplay,S Yadav,RHB,top,J Bumrah,pace,elite,slow_turner,202,0,9,1,0,1,1
333,4,powerplay,R Sharma,RHB,top,Y Chahal,spin,good,slow_turner,202,0,9,2,4,0,0
333,5,powerplay,R Sharma,RHB,top,R Jadeja,spin,good,slow_turner,202,6,13,2,5,0,0
333,6,powerplay,R Sharma,RHB,top,K Ahmed,pace,avg,slow_turner,202,12,18,2,14,0,1
333,7,middle,R Sharma,RHB,top,A Rashid,spin,elite,slow_turner,202,18,32,2,3,0,0
333,8,middle,R Sharma,RHB,top,M Shami,pace,good,slow_turner,202,24,35,2,11,0,0
333,9,middle,R Sharma,RHB,top,J Bumrah,pace,elite,slow_turner,202,30,46,2,10,1,0
333,10,middle,R Parag,RHB,avg,Y Chahal,spin,good,slow_turner,202,0,56,3,5,0,0
333,11,middle,R Parag,RHB,avg,R Jadeja,spin,good,slow_turner,202,6,61,3,1,0,0
333,12,middle,R Parag,RHB,avg,K Ahmed,pace,avg,slow_turner,202,12,62,3,8,0,0
333,13,middle,R Parag,RHB,avg,A Rashid,spin,elite,slow_turner,202,18,70,3,4,0,0
333,14,middle,R Parag,RHB,avg,M Shami,pace,good,slow_turner,202,24,74,3,5,0,0
333,15,middle,R Parag,RHB,avg,J Bumrah,pace,elite,slow_turner,202,30,79,3,5,1,0
333,16,death,N Pooran,LHB,top,Y Chahal,spin,good,slow_turner,202,0,84,4,5,0,0
333,17,death,N Pooran,LHB,top,R Jadeja,spin,good,slow_turner,202,6,89,4,7,0,0
333,18,death,N Pooran,LHB,top,K Ahmed,pace,avg,slow_turner,202,12,96,4,15,0,2
333,19,death,N Pooran,LHB,top,A Rashid,spin,elite,slow_turner,202,18,111,4,6,0,0
333,20,death,N Pooran,LHB,top,M Shami,pace,good,slow_turner,202,24,117,4,15,0,1
334,1,powerplay,S Gill,RHB,solid,T Boult,pace,good,slow_turner,127,0,0,0,2,0,0
334,2,powerplay,S Gill,RHB,solid,H Patel,pace,avg,slow_turner,127,6,2,0,7,1,0
334,3,powerplay,R Sharma,RHB,top,A Rashid,spin,elite,slow_turner,127,0,9,1,5,0,0
334,4,powerplay,R Sharma,RHB,top,R Jadeja,spin,good,slow_turner,127,6,14,1,5,0,1
334,5,powerplay,R Sharma,RHB,top,M Shami,pace,good,slow_turner,127,12,19,1,8,0,0
334,6,powerplay,R Sharma,RHB,top,K Ahmed,pace,avg,slow_turner,127,18,27,1,5,0,0
334,7,middle,R Sharma,RHB,top,T Boult,pace,good,slow_turner,127,24,32,1,8,0,1
334,8,middle,R Sharma,RHB,top,H Patel,pace,avg,slow_turner,127,30,40,1,12,0,1
334,9,middle,R Sharma,RHB,top,A Rashid,spin,elite,slow_turner,127,36,52,1,1,0,0
334,10,middle,R Sharma,RHB,top,R Jadeja,spin,good,slow_turner,127,42,53,1,6,0,1
334,11,middle,R Sharma,RHB,top,M Shami,pace,good,slow_turner,127,48,59,1,11,0,1
334,12,middle,R Sharma,RHB,top,K Ahmed,pace,avg,slow_turner,127,54,70,1,8,1,0
334,13,middle,V Kohli,RHB,top,T Boult,pace,good,slow_turner,127,0,78,2,9,0,0
334,14,middle,V Kohli,RHB,top,H Patel,pace,avg,slow_turner,127,6,87,2,10,0,0
334,15,middle,V Kohli,RHB,top,A Rashid,spin,elite,slow_turner,127,12,97,2,8,0,0
334,16,death,V Kohli,RHB,top,R Jadeja,spin,good,slow_turner,127,18,105,2,10,0,0
334,17,death,V Kohli,RHB,top,M Shami,pace,good,slow_turner,127,24,115,2,10,1,0
334,18,death,R Parag,RHB,avg,K Ahmed,pace,avg,slow_turner,127,0,125,3,11,0,1
334,19,death,R Parag,RHB,avg,T Boult,pace,good,slow_turner,127,6,136,3,1,1,1
334,20,death,S Yadav,RHB,top,H Patel,pace,avg,slow_turner,127,0,137,4,9,1,1
335,1,powerplay,S Yadav,RHB,top,K Ahmed,pace,avg,seaming_track,155,0,0,0,6,0,0
335,2,powerplay,S Yadav,RHB,top,R Jadeja,spin,good,seaming_track,155,6,6,0,2,1,0
335,3,powerplay,R Parag,RHB,avg,H Patel,pace,avg,seaming_track,155,0,8,1,4,0,1
335,4,powerplay,R Parag,RHB,avg,J Bumrah,pace,elite,seaming_track,155,6,12,1,2,1,0
335,5,powerplay,R Sharma,RHB,top,Y Chahal,spin,good,seaming_track,155,0,14,2,4,0,1
335,6,powerplay,R Sharma,RHB,top,A Rashid,spin,elite,seaming_track,155,6,18,2,4,1,0
335,7,middle,S Gill,RHB,solid,K Ahmed,pace,avg,seaming_track,155,0,22,3,5,1,0
335,8,middle,N Pooran,LHB,top,R Jadeja,spin,good,seaming_track,155,0,27,4,2,1,0
335,9,middle,V Kohli,RHB,top,H Patel,pace,avg,seaming_track,155,0,29,5,4,1,0
336,1,powerplay,N Pooran,LHB,top,Y Chahal,spin,good,slow_turner,165,0,0,0,5,1,0
336,2,powerplay,R Pant,LHB,top,T Boult,pace,good,slow_turner,165,0,5,1,4,0,0
336,3,powerplay,R Pant,LHB,top,J Bumrah,pace,elite,slow_turner,165,6,9,1,6,0,0
336,4,powerplay,R Pant,LHB,top,M Shami,pace,good,slow_turner,165,12,15,1,6,0,0
336,5,powerplay,R Pant,LHB,top,H Patel,pace,avg,slow_turner,165,18,21,1,4,1,0
336,6,powerplay,S Yadav,RHB,top,A Rashid,spin,elite,slow_turner,165,0,25,2,1,1,0
336,7,middle,KL Rahul,RHB,solid,Y Chahal,spin,good,slow_turner,165,0,26,3,3,1,0
336,8,middle,H Pandya,RHB,solid,T Boult,pace,good,slow_turner,165,0,29,4,3,0,0
336,9,middle,H Pandya,RHB,solid,J Bumrah,pace,elite,slow_turner,165,6,32,4,4,0,0
336,10,middle,H Pandya,RHB,solid,M Shami,pace,good,slow_turner,165,12,36,4,4,0,0
336,11,middle,H Pandya,RHB,solid,H Patel,pace,avg,slow_turner,165,18,40,4,8,1,1
336,12,middle,V Kohli,RHB,top,A Rashid,spin,elite,slow_turner,165,0,48,5,4,0,0
336,13,middle,V Kohli,RHB,top,Y Chahal,spin,good,slow_turner,165,6,52,5,4,0,0
336,14,middle,V Kohli,RHB,top,T Boult,pace,good,slow_turner,165,12,56,5,10,0,0
336,15,middle,V Kohli,RHB,top,J Bumrah,pace,elite,slow_turner,165,18,66,5,11,0,0
336,16,death,V Kohli,RHB,top,M Shami,pace,good,slow_turner,165,24,77,5,13,1,1
337,1,powerplay,KL Rahul,RHB,solid,A Rashid,spin,elite,slow_turner,167,0,0,0,4,0,0
337,2,powerplay,KL Rahul,RHB,solid,J Bumrah,pace,elite,slow_turner,167,6,4,0,2,0,0
337,3,powerplay,KL Rahul,RHB,solid,Y Chahal,spin,good,slow_turner,167,12,6,0,3,0,0
337,4,powerplay,KL Rahul,RHB,solid,K Ahmed,pace,avg,slow_turner,167,18,9,0,11,0,1
337,5,powerplay,KL Rahul,RHB,solid,T Boult,pace,good,slow_turner,167,24,20,0,9,0,0
337,6,powerplay,KL Rahul,RHB,solid,M Shami,pace,good,slow_turner,167,30,29,0,4,1,1
337,7,middle,R Parag,RHB,avg,A Rashid,spin,elite,slow_turner,167,0,33,1,4,0,0
337,8,middle,R Parag,RHB,avg,J Bumrah,pace,elite,slow_turner,167,6,37,1,5,0,0
337,9,middle,R Parag,RHB,avg,Y Chahal,spin,good,slow_turner,167,12,42,1,2,1,0
337,10,middle,S Yadav,RHB,top,K Ahmed,pace,avg,slow_turner,167,0,44,2,8,0,0
337,11,middle,S Yadav,RHB,top,T Boult,pace,good,slow_turner,167,6,52,2,9,0,0
337,12,middle,S Yadav,RHB,top,M Shami,pace,good,slow_turner,167,12,61,2,9,0,0
337,13,middle,S Yadav,RHB,top,A Rashid,spin,elite,slow_turner,167,18,70,2,5,0,1
337,14,middle,S Yadav,RHB,top,J Bumrah,pace,elite,slow_turner,167,24,75,2,9,0,1
337,15,middle,S Yadav,RHB,top,Y Chahal,spin,good,slow_turner,167,30,84,2,8,0,0
337,16,death,S Yadav,RHB,top,K Ahmed,pace,avg,slow_turner,167,36,92,2,17,0,2
337,17,death,S Yadav,RHB,top,T Boult,pace,good,slow_turner,167,42,109,2,6,1,0
337,18,death,R Sharma,RHB,top,M Shami,pace,good,slow_turner,167,0,115,3,7,1,0
337,19,death,R Pant,LHB,top,A Rashid,spin,elite,slow_turner,167,0,122,4,7,0,0
337,20,death,R Pant,LHB,top,J Bumrah,pace,elite,slow_turner,167,6,129,4,4,1,1
338,1,powerplay,H Pandya,RHB,solid,M Shami,pace,good,seaming_track,167,0,0,0,5,0,0
338,2,powerplay,H Pandya,RHB,solid,A Rashid,spin,elite,seaming_track,167,6,5,0,3,1,1
338,3,powerplay,R Sharma,RHB,top,H Patel,pace,avg,seaming_track,167,0,8,1,10,0,0
338,4,powerplay,R Sharma,RHB,top,R Jadeja,spin,good,seaming_track,167,6,18,1,0,1,0
338,5,powerplay,R Parag,RHB,avg,K Ahmed,pace,avg,seaming_track,167,0,18,2,6,0,0
338,6,powerplay,R Parag,RHB,avg,T Boult,pace,good,seaming_track,167,6,24,2,1,1,0
338,7,middle,S Yadav,RHB,top,M Shami,pace,good,seaming_track,167,0,25,3,5,1,0
338,8,middle,N Pooran,LHB,top,A Rashid,spin,elite,seaming_track,167,0,30,4,4,0,0
338,9,middle,N Pooran,LHB,top,H Patel,pace,avg,seaming_track,167,6,34,4,10,0,1
338,10,middle,N Pooran,LHB,top,R Jadeja,spin,good,seaming_track,167,12,44,4,8,0,0
338,11,middle,N Pooran,LHB,top,K Ahmed,pace,avg,seaming_track,167,18,52,4,10,0,0
338,12,middle,N Pooran,LHB,top,T Boult,pace,good,seaming_track,167,24,62,4,4,0,0
338,13,middle,N Pooran,LHB,top,M Shami,pace,good,seaming_track,167,30,66,4,5,0,0
338,14,middle,N Pooran,LHB,top,A Rashid,spin,elite,seaming_track,167,36,71,4,0,1,0
338,15,middle,R Pant,LHB,top,H Patel,pace,avg,seaming_track,167,0,71,5,10,1,0
339,1,powerplay,KL Rahul,RHB,solid,H Patel,pace,avg,batting_paradise,217,0,0,0,1,1,0
339,2,powerplay,D Padikkal,LHB,avg,K Ahmed,pace,avg,batting_paradise,217,0,1,1,7,0,0
339,3,powerplay,D Padikkal,LHB,avg,M Shami,pace,good,batting_paradise,217,6,8,1,3,1,0
339,4,powerplay,S Yadav,RHB,top,R Jadeja,spin,good,batting_paradise,217,0,11,2,4,1,0
339,5,powerplay,R Pant,LHB,top,J Bumrah,pace,elite,batting_paradise,217,0,15,3,3,1,0
339,6,powerplay,N Pooran,LHB,top,T Boult,pace,good,batting_paradise,217,0,18,4,8,0,0
339,7,middle,N Pooran,LHB,top,H Patel,pace,avg,batting_paradise,217,6,26,4,12,0,1
339,8,middle,N Pooran,LHB,top,K Ahmed,pace,avg,batting_paradise,217,12,38,4,16,0,2
339,9,middle,N Pooran,LHB,top,M Shami,pace,good,batting_paradise,217,18,54,4,18,0,1
339,10,middle,N Pooran,LHB,top,R Jadeja,spin,good,batting_paradise,217,24,72,4,18,0,2
339,11,middle,N Pooran,LHB,top,J Bumrah,pace,elite,batting_paradise,217,30,90,4,13,0,1
339,12,middle,N Pooran,LHB,top,T Boult,pace,good,batting_paradise,217,36,103,4,8,1,0
339,13,middle,S Gill,RHB,solid,H Patel,pace,avg,batting_paradise,217,0,111,5,9,1,0
340,1,powerplay,R Parag,RHB,avg,M Shami,pace,good,balanced,174,0,0,0,3,1,0
340,2,powerplay,V Kohli,RHB,top,A Rashid,spin,elite,balanced,174,0,3,1,5,1,0
340,3,powerplay,D Padikkal,LHB,avg,H Patel,pace,avg,balanced,174,0,8,2,7,0,0
340,4,powerplay,D Padikkal,LHB,avg,Y Chahal,spin,good,balanced,174,6,15,2,0,1,0
340,5,powerplay,S Gill,RHB,solid,J Bumrah,pace,elite,balanced,174,0,15,3,6,1,0
340,6,powerplay,H Pandya,RHB,solid,K Ahmed,pace,avg,balanced,174,0,21,4,13,0,1
340,7,middle,H Pandya,RHB,solid,M Shami,pace,good,balanced,174,6,34,4,8,0,0
340,8,middle,H Pandya,RHB,solid,A Rashid,spin,elite,balanced,174,12,42,4,6,1,0
340,9,middle,N Pooran,LHB,top,H Patel,pace,avg,balanced,174,0,48,5,7,0,0
340,10,middle,N Pooran,LHB,top,Y Chahal,spin,good,balanced,174,6,55,5,6,0,0
340,11,middle,N Pooran,LHB,top,J Bumrah,pace,elite,balanced,174,12,61,5,5,0,0
340,12,middle,N Pooran,LHB,top,K Ahmed,pace,avg,balanced,174,18,66,5,12,0,1
340,13,middle,N Pooran,LHB,top,M Shami,pace,good,balanced,174,24,78,5,8,1,1
341,1,powerplay,R Parag,RHB,avg,A Rashid,spin,elite,seaming_track,155,0,0,0,4,0,0
341,2,powerplay,R Parag,RHB,avg,R Jadeja,spin,good,seaming_track,155,6,4,0,7,0,0
341,3,powerplay,R Parag,RHB,avg,J Bumrah,pace,elite,seaming_track,155,12,11,0,2,1,0
341,4,powerplay,N Pooran,LHB,top,H Patel,pace,avg,seaming_track,155,0,13,1,10,0,1
341,5,powerplay,N Pooran,LHB,top,Y Chahal,spin,good,seaming_track,155,6,23,1,6,0,0
341,6,powerplay,N Pooran,LHB,top,K Ahmed,pace,avg,seaming_track,155,12,29,1,11,0,0
341,7,middle,N Pooran,LHB,top,A Rashid,spin,elite,seaming_track,155,18,40,1,4,0,0
341,8,middle,N Pooran,LHB,top,R Jadeja,spin,good,seaming_track,155,24,44,1,5,0,0
341,9,middle,N Pooran,LHB,top,J Bumrah,pace,elite,seaming_track,155,30,49,1,4,1,0
341,10,middle,R Sharma,RHB,top,H Patel,pace,avg,seaming_track,155,0,53,2,6,0,1
341,11,middle,R Sharma,RHB,top,Y Chahal,spin,good,seaming_track,155,6,59,2,7,0,0
341,12,middle,R Sharma,RHB,top,K Ahmed,pace,avg,seaming_track,155,12,66,2,6,0,0
341,13,middle,R Sharma,RHB,top,A Rashid,spin,elite,seaming_track,155,18,72,2,5,0,0
341,14,middle,R Sharma,RHB,top,R Jadeja,spin,good,seaming_track,155,24,77,2,8,0,0
341,15,middle,R Sharma,RHB,top,J Bumrah,pace,elite,seaming_track,155,30,85,2,8,0,0
341,16,death,R Sharma,RHB,top,H Patel,pace,avg,seaming_track,155,36,93,2,13,1,1
341,17,death,V Kohli,RHB,top,Y Chahal,spin,good,seaming_track,155,0,106,3,9,1,0
341,18,death,H Pandya,RHB,solid,K Ahmed,pace,avg,seaming_track,155,0,115,4,6,1,0
341,19,death,KL Rahul,RHB,solid,A Rashid,spin,elite,seaming_track,155,0,121,5,1,1,0
342,1,powerplay,R Pant,LHB,top,M Shami,pace,good,seaming_track,183,0,0,0,8,1,0
342,2,powerplay,R Parag,RHB,avg,H Patel,pace,avg,seaming_track,183,0,8,1,7,0,0
342,3,powerplay,R Parag,RHB,avg,R Jadeja,spin,good,seaming_track,183,6,15,1,1,1,0
342,4,powerplay,H Pandya,RHB,solid,Y Chahal,spin,good,seaming_track,183,0,16,2,3,0,1
342,5,powerplay,H Pandya,RHB,solid,J Bumrah,pace,elite,seaming_track,183,6,19,2,3,1,0
342,6,powerplay,R Sharma,RHB,top,A Rashid,spin,elite,seaming_track,183,0,22,3,4,1,0
342,7,middle,N Pooran,LHB,top,M Shami,pace,good,seaming_track,183,0,26,4,2,1,0
342,8,middle,KL Rahul,RHB,solid,H Patel,pace,avg,seaming_track,183,0,28,5,0,1,0
343,1,powerplay,R Sharma,RHB,top,M Shami,pace,good,balanced,168,0,0,0,12,0,1
343,2,powerplay,R Sharma,RHB,top,R Jadeja,spin,good,balanced,168,6,12,0,10,0,0
343,3,powerplay,R Sharma,RHB,top,A Rashid,spin,elite,balanced,168,12,22,0,5,1,0
343,4,powerplay,KL Rahul,RHB,solid,Y Chahal,spin,good,balanced,168,0,27,1,13,0,1
343,5,powerplay,KL Rahul,RHB,solid,J Bumrah,pace,elite,balanced,168,6,40,1,1,1,0
343,6,powerplay,S Gill,RHB,solid,H Patel,pace,avg,balanced,168,0,41,2,7,0,1
343,7,middle,S Gill,RHB,solid,M Shami,pace,good,balanced,168,6,48,2,5,0,0
343,8,middle,S Gill,RHB,solid,R Jadeja,spin,good,balanced,168,12,53,2,6,0,0
343,9,middle,S Gill,RHB,solid,A Rashid,spin,elite,balanced,168,18,59,2,7,0,0
343,10,middle,S Gill,RHB,solid,Y Chahal,spin,good,balanced,168,24,66,2,10,0,1
343,11,middle,S Gill,RHB,solid,J Bumrah,pace,elite,balanced,168,30,76,2,5,1,0
343,12,middle,S Yadav,RHB,top,H Patel,pace,avg,balanced,168,0,81,3,8,0,0
343,13,middle,S Yadav,RHB,top,M Shami,pace,good,balanced,168,6,89,3,4,0,1
343,14,middle,S Yadav,RHB,top,R Jadeja,spin,good,balanced,168,12,93,3,9,0,0
343,15,middle,S Yadav,RHB,top,A Rashid,spin,elite,balanced,168,18,102,3,9,0,0
343,16,death,S Yadav,RHB,top,Y Chahal,spin,good,balanced,168,24,111,3,9,1,0
343,17,death,R Parag,RHB,avg,J Bumrah,pace,elite,balanced,168,0,120,4,1,1,0
343,18,death,D Padikkal,LHB,avg,H Patel,pace,avg,balanced,168,0,121,5,11,1,0
344,1,powerplay,N Pooran,LHB,top,R Jadeja,spin,good,batting_paradise,214,0,0,0,5,1,0
344,2,powerplay,R Parag,RHB,avg,Y Chahal,spin,good,batting_paradise,214,0,5,1,7,0,0
344,3,powerplay,R Parag,RHB,avg,A Rashid,spin,elite,batting_paradise,214,6,12,1,5,0,0
344,4,powerplay,R Parag,RHB,avg,M Shami,pace,good,batting_paradise,214,12,17,1,10,0,0
344,5,powerplay,R Parag,RHB,avg,H Patel,pace,avg,batting_paradise,214,18,27,1,3,0,0
344,6,powerplay,R Parag,RHB,avg,T Boult,pace,good,batting_paradise,214,24,30,1,11,0,1
344,7,middle,R Parag,RHB,avg,R Jadeja,spin,good,batting_paradise,214,30,41,1,10,1,0
344,8,middle,S Gill,RHB,solid,Y Chahal,spin,good,batting_paradise,214,0,51,2,9,0,0
344,9,middle,S Gill,RHB,solid,A Rashid,spin,elite,batting_paradise,214,6,60,2,4,0,0
344,10,middle,S Gill,RHB,solid,M Shami,pace,good,batting_paradise,214,12,64,2,0,1,0
344,11,middle,S Yadav,RHB,top,H Patel,pace,avg,batting_paradise,214,0,64,3,9,0,0
344,12,middle,S Yadav,RHB,top,T Boult,pace,good,batting_paradise,214,6,73,3,6,0,0
344,13,middle,S Yadav,RHB,top,R Jadeja,spin,good,batting_paradise,214,12,79,3,11,0,1
344,14,middle,S Yadav,RHB,top,Y Chahal,spin,good,batting_paradise,214,18,90,3,12,1,2
344,15,middle,R Sharma,RHB,top,A Rashid,spin,elite,batting_paradise,214,0,102,4,8,0,0
344,16,death,R Sharma,RHB,top,M Shami,pace,good,batting_paradise,214,6,110,4,8,0,0
344,17,death,R Sharma,RHB,top,H Patel,pace,avg,batting_paradise,214,12,118,4,14,1,2
344,18,death,H Pandya,RHB,solid,T Boult,pace,good,batting_paradise,214,0,132,5,9,0,0
344,19,death,H Pandya,RHB,solid,R Jadeja,spin,good,batting_paradise,214,6,141,5,7,0,0
344,20,death,H Pandya,RHB,solid,Y Chahal,spin,good,batting_paradise,214,12,148,5,11,1,0
345,1,powerplay,V Kohli,RHB,top,K Ahmed,pace,avg,slow_turner,176,0,0,0,5,1,1
345,2,powerplay,N Pooran,LHB,top,Y Chahal,spin,good,slow_turner,176,0,5,1,6,0,0
345,3,powerplay,N Pooran,LHB,top,A Rashid,spin,elite,slow_turner,176,6,11,1,4,0,0
345,4,powerplay,N Pooran,LHB,top,J Bumrah,pace,elite,slow_turner,176,12,15,1,10,0,0
345,5,powerplay,N Pooran,LHB,top,R Jadeja,spin,good,slow_turner,176,18,25,1,6,0,0
345,6,powerplay,N Pooran,LHB,top,M Shami,pace,good,slow_turner,176,24,31,1,11,0,1
345,7,middle,N Pooran,LHB,top,K Ahmed,pace,avg,slow_turner,176,30,42,1,8,1,0
345,8,middle,S Gill,RHB,solid,Y Chahal,spin,good,slow_turner,176,0,50,2,7,0,0
345,9,middle,S Gill,RHB,solid,A Rashid,spin,elite,slow_turner,176,6,57,2,0,1,0
345,10,middle,S Yadav,RHB,top,J Bumrah,pace,elite,slow_turner,176,0,57,3,8,1,0
345,11,middle,R Parag,RHB,avg,R Jadeja,spin,good,slow_turner,176,0,65,4,3,0,0
345,12,middle,R Parag,RHB,avg,M Shami,pace,good,slow_turner,176,6,68,4,0,1,1
345,13,middle,R Sharma,RHB,top,K Ahmed,pace,avg,slow_turner,176,0,68,5,5,1,0
346,1,powerplay,H Pandya,RHB,solid,H Patel,pace,avg,slow_turner,161,0,0,0,4,0,0
346,2,powerplay,H Pandya,RHB,solid,K Ahmed,pace,avg,slow_turner,161,6,4,0,3,1,0
346,3,powerplay,KL Rahul,RHB,solid,M Shami,pace,good,slow_turner,161,0,7,1,1,0,0
346,4,powerplay,KL Rahul,RHB,solid,A Rashid,spin,elite,slow_turner,161,6,8,1,4,0,0
346,5,powerplay,KL Rahul,RHB,solid,J Bumrah,pace,elite,slow_turner,161,12,12,1,6,0,0
346,6,powerplay,KL Rahul,RHB,solid,R Jadeja,spin,good,slow_turner,161,18,18,1,5,0,0
346,7,middle,KL Rahul,RHB,solid,H Patel,pace,avg,slow_turner,161,24,23,1,10,0,0
346,8,middle,KL Rahul,RHB,solid,K Ahmed,pace,avg,slow_turner,161,30,33,1,9,1,1
346,9,middle,R Parag,RHB,avg,M Shami,pace,good,slow_turner,161,0,42,2,2,0,0
346,10,middle,R Parag,RHB,avg,A Rashid,spin,elite,slow_turner,161,6,44,2,1,0,0
346,11,middle,R Parag,RHB,avg,J Bumrah,pace,elite,slow_turner,161,12,45,2,1,1,0
346,12,middle,S Yadav,RHB,top,R Jadeja,spin,good,slow_turner,161,0,46,3,5,1,0
346,13,middle,R Pant,LHB,top,H Patel,pace,avg,slow_turner,161,0,51,4,3,0,0
346,14,middle,R Pant,LHB,top,K Ahmed,pace,avg,slow_turner,161,6,54,4,5,0,0
346,15,middle,R Pant,LHB,top,M Shami,pace,good,slow_turner,161,12,59,4,7,0,0
346,16,death,R Pant,LHB,top,A Rashid,spin,elite,slow_turner,161,18,66,4,11,1,0
346,17,death,S Gill,RHB,solid,J Bumrah,pace,elite,slow_turner,161,0,77,5,3,0,0
346,18,death,S Gill,RHB,solid,R Jadeja,spin,good,slow_turner,161,6,80,5,4,0,0
346,19,death,S Gill,RHB,solid,H Patel,pace,avg,slow_turner,161,12,84,5,10,1,0
347,1,powerplay,S Yadav,RHB,top,J Bumrah,pace,elite,slow_turner,153,0,0,0,3,0,0
347,2,powerplay,S Yadav,RHB,top,A Rashid,spin,elite,slow_turner,153,6,3,0,5,1,0
347,3,powerplay,D Padikkal,LHB,avg,M Shami,pace,good,slow_turner,153,0,8,1,4,0,0
347,4,powerplay,D Padikkal,LHB,avg,R Jadeja,spin,good,slow_turner,153,6,12,1,0,1,0
347,5,powerplay,KL Rahul,RHB,solid,Y Chahal,spin,good,slow_turner,153,0,12,2,1,0,0
347,6,powerplay,KL Rahul,RHB,solid,T Boult,pace,good,slow_turner,153,6,13,2,2,0,0
347,7,middle,KL Rahul,RHB,solid,J Bumrah,pace,elite,slow_turner,153,12,15,2,2,0,0
347,8,middle,KL Rahul,RHB,solid,A Rashid,spin,elite,slow_turner,153,18,17,2,4,0,0
347,9,middle,KL Rahul,RHB,solid,M Shami,pace,good,slow_turner,153,24,21,2,3,1,0
347,10,middle,R Parag,RHB,avg,R Jadeja,spin,good,slow_turner,153,0,24,3,7,0,0
347,11,middle,R Parag,RHB,avg,Y Chahal,spin,good,slow_turner,153,6,31,3,4,0,0
347,12,middle,R Parag,RHB,avg,T Boult,pace,good,slow_turner,153,12,35,3,3,0,0
347,13,middle,R Parag,RHB,avg,J Bumrah,pace,elite,slow_turner,153,18,38,3,3,0,1
347,14,middle,R Parag,RHB,avg,A Rashid,spin,elite,slow_turner,153,24,41,3,2,1,0
347,15,middle,S Gill,RHB,solid,M Shami,pace,good,slow_turner,153,0,43,4,3,1,0
347,16,death,R Pant,LHB,top,R Jadeja,spin,good,slow_turner,153,0,46,5,11,1,0
348,1,powerplay,R Pant,LHB,top,T Boult,pace,good,balanced,156,0,0,0,8,0,0
348,2,powerplay,R Pant,LHB,top,A Rashid,spin,elite,balanced,156,6,8,0,3,0,0
348,3,powerplay,R Pant,LHB,top,K Ahmed,pace,avg,balanced,156,12,11,0,12,0,1
348,4,powerplay,R Pant,LHB,top,M Shami,pace,good,balanced,156,18,23,0,20,1,1
348,5,powerplay,R Parag,RHB,avg,R Jadeja,spin,good,balanced,156,0,43,1,5,1,0
348,6,powerplay,S Yadav,RHB,top,H Patel,pace,avg,balanced,156,0,48,2,10,0,0
348,7,middle,S Yadav,RHB,top,T Boult,pace,good,balanced,156,6,58,2,11,0,0
348,8,middle,S Yadav,RHB,top,A Rashid,spin,elite,balanced,156,12,69,2,5,0,0
348,9,middle,S Yadav,RHB,top,K Ahmed,pace,avg,balanced,156,18,74,2,19,0,1
348,10,middle,S Yadav,RHB,top,M Shami,pace,good,balanced,156,24,93,2,8,0,0
348,11,middle,S Yadav,RHB,top,R Jadeja,spin,good,balanced,156,30,101,2,7,0,0
348,12,middle,S Yadav,RHB,top,H Patel,pace,avg,balanced,156,36,108,2,8,1,1
348,13,middle,D Padikkal,LHB,avg,T Boult,pace,good,balanced,156,0,116,3,5,0,0
348,14,middle,D Padikkal,LHB,avg,A Rashid,spin,elite,balanced,156,6,121,3,6,0,0
348,15,middle,D Padikkal,LHB,avg,K Ahmed,pace,avg,balanced,156,12,127,3,6,0,0
348,16,death,D Padikkal,LHB,avg,M Shami,pace,good,balanced,156,18,133,3,8,0,0
348,17,death,D Padikkal,LHB,avg,R Jadeja,spin,good,balanced,156,24,141,3,7,1,0
348,18,death,H Pandya,RHB,solid,H Patel,pace,avg,balanced,156,0,148,4,10,0,0
348,19,death,H Pandya,RHB,solid,T Boult,pace,good,balanced,156,6,158,4,6,0,0
348,20,death,H Pandya,RHB,solid,A Rashid,spin,elite,balanced,156,12,164,4,8,0,0
349,1,powerplay,S Yadav,RHB,top,K Ahmed,pace,avg,slow_turner,134,0,0,0,5,0,0
349,2,powerplay,S Yadav,RHB,top,M Shami,pace,good,slow_turner,134,6,5,0,3,0,1
349,3,powerplay,S Yadav,RHB,top,T Boult,pace,good,slow_turner,134,12,8,0,2,0,0
349,4,powerplay,S Yadav,RHB,top,Y Chahal,spin,good,slow_turner,134,18,10,0,8,0,0
349,5,powerplay,S Yadav,RHB,top,R Jadeja,spin,good,slow_turner,134,24,18,0,5,0,0
349,6,powerplay,S Yadav,RHB,top,H Patel,pace,avg,slow_turner,134,30,23,0,11,0,0
349,7,middle,S Yadav,RHB,top,K Ahmed,pace,avg,slow_turner,134,36,34,0,4,0,0
349,8,middle,S Yadav,RHB,top,M Shami,pace,good,slow_turner,134,42,38,0,8,0,1
349,9,middle,S Yadav,RHB,top,T Boult,pace,good,slow_turner,134,48,46,0,7,0,0
349,10,middle,S Yadav,RHB,top,Y Chahal,spin,good,slow_turner,134,54,53,0,6,1,1
349,11,middle,R Sharma,RHB,top,R Jadeja,spin,good,slow_turner,134,0,59,1,4,0,0
349,12,middle,R Sharma,RHB,top,H Patel,pace,avg,slow_turner,134,6,63,1,7,1,0
349,13,middle,S Gill,RHB,solid,K Ahmed,pace,avg,slow_turner,134,0,70,2,6,0,0
349,14,middle,S Gill,RHB,solid,M Shami,pace,good,slow_turner,134,6,76,2,5,1,0
349,15,middle,N Pooran,LHB,top,T Boult,pace,good,slow_turner,134,0,81,3,3,0,0
349,16,death,N Pooran,LHB,top,Y Chahal,spin,good,slow_turner,134,6,84,3,5,0,0
349,17,death,N Pooran,LHB,top,R Jadeja,spin,good,slow_turner,134,12,89,3,9,1,0
349,18,death,KL Rahul,RHB,solid,H Patel,pace,avg,slow_turner,134,0,98,4,6,1,0
349,19,death,R Parag,RHB,avg,K Ahmed,pace,avg,slow_turner,134,0,104,5,10,1,0
350,1,powerplay,S Yadav,RHB,top,A Rashid,spin,elite,batting_paradise,166,0,0,0,5,0,0
350,2,powerplay,S Yadav,RHB,top,J Bumrah,pace,elite,batting_paradise,166,6,5,0,4,1,1
350,3,powerplay,KL Rahul,RHB,solid,M Shami,pace,good,batting_paradise,166,0,9,1,0,1,1
350,4,powerplay,D Padikkal,LHB,avg,R Jadeja,spin,good,batting_paradise,166,0,9,2,6,0,0
350,5,powerplay,D Padikkal,LHB,avg,Y Chahal,spin,good,batting_paradise,166,6,15,2,7,0,0
350,6,powerplay,D Padikkal,LHB,avg,T Boult,pace,good,batting_paradise,166,12,22,2,11,0,0
350,7,middle,D Padikkal,LHB,avg,A Rashid,spin,elite,batting_paradise,166,18,33,2,8,1,1
350,8,middle,R Parag,RHB,avg,J Bumrah,pace,elite,batting_paradise,166,0,41,3,3,0,0
350,9,middle,R Parag,RHB,avg,M Shami,pace,good,batting_paradise,166,6,44,3,8,0,0
350,10,middle,R Parag,RHB,avg,R Jadeja,spin,good,batting_paradise,166,12,52,3,7,0,1
350,11,middle,R Parag,RHB,avg,Y Chahal,spin,good,batting_paradise,166,18,59,3,6,0,1
350,12,middle,R Parag,RHB,avg,T Boult,pace,good,batting_paradise,166,24,65,3,8,0,0
350,13,middle,R Parag,RHB,avg,A Rashid,spin,elite,batting_paradise,166,30,73,3,3,0,1
350,14,middle,R Parag,RHB,avg,J Bumrah,pace,elite,batting_paradise,166,36,76,3,6,0,0
350,15,middle,R Parag,RHB,avg,M Shami,pace,good,batting_paradise,166,42,82,3,9,0,0
350,16,death,R Parag,RHB,avg,R Jadeja,spin,good,batting_paradise,166,48,91,3,6,1,0
350,17,death,V Kohli,RHB,top,Y Chahal,spin,good,batting_paradise,166,0,97,4,11,0,0
350,18,death,V Kohli,RHB,top,T Boult,pace,good,batting_paradise,166,6,108,4,10,1,0
350,19,death,S Gill,RHB,solid,A Rashid,spin,elite,batting_paradise,166,0,118,5,5,1,0
351,1,powerplay,D Padikkal,LHB,avg,J Bumrah,pace,elite,batting_paradise,141,0,0,0,2,1,0
351,2,powerplay,N Pooran,LHB,top,A Rashid,spin,elite,batting_paradise,141,0,2,1,6,1,0
351,3,powerplay,S Yadav,RHB,top,K Ahmed,pace,avg,batting_paradise,141,0,8,2,11,0,0
351,4,powerplay,S Yadav,RHB,top,H Patel,pace,avg,batting_paradise,141,6,19,2,15,0,1
351,5,powerplay,S Yadav,RHB,top,T Boult,pace,good,batting_paradise,141,12,34,2,16,1,1
351,6,powerplay,R Sharma,RHB,top,Y Chahal,spin,good,batting_paradise,141,0,50,3,3,1,0
351,7,middle,S Gill,RHB,solid,J Bumrah,pace,elite,batting_paradise,141,0,53,4,6,1,0
351,8,middle,KL Rahul,RHB,solid,A Rashid,spin,elite,batting_paradise,141,0,59,5,0,0,0
351,9,middle,KL Rahul,RHB,solid,K Ahmed,pace,avg,batting_paradise,141,6,59,5,9,0,0
351,10,middle,KL Rahul,RHB,solid,H Patel,pace,avg,batting_paradise,141,12,68,5,7,0,0
351,11,middle,KL Rahul,RHB,solid,T Boult,pace,good,batting_paradise,141,18,75,5,9,0,0
351,12,middle,KL Rahul,RHB,solid,Y Chahal,spin,good,batting_paradise,141,24,84,5,11,0,0
351,13,middle,KL Rahul,RHB,solid,J Bumrah,pace,elite,batting_paradise,141,30,95,5,10,0,0
351,14,middle,KL Rahul,RHB,solid,A Rashid,spin,elite,batting_paradise,141,36,105,5,6,0,0
351,15,middle,KL Rahul,RHB,solid,K Ahmed,pace,avg,batting_paradise,141,42,111,5,15,1,1
352,1,powerplay,S Yadav,RHB,top,M Shami,pace,good,balanced,127,0,0,0,10,0,0
352,2,powerplay,S Yadav,RHB,top,J Bumrah,pace,elite,balanced,127,6,10,0,3,0,0
352,3,powerplay,S Yadav,RHB,top,H Patel,pace,avg,balanced,127,12,13,0,8,1,0
352,4,powerplay,D Padikkal,LHB,avg,T Boult,pace,good,balanced,127,0,21,1,6,0,0
352,5,powerplay,D Padikkal,LHB,avg,R Jadeja,spin,good,balanced,127,6,27,1,1,1,0
352,6,powerplay,H Pandya,RHB,solid,K Ahmed,pace,avg,balanced,127,0,28,2,5,0,0
352,7,middle,H Pandya,RHB,solid,M Shami,pace,good,balanced,127,6,33,2,3,0,0
352,8,middle,H Pandya,RHB,solid,J Bumrah,pace,elite,balanced,127,12,36,2,10,0,0
352,9,middle,H Pandya,RHB,solid,H Patel,pace,avg,balanced,127,18,46,2,11,0,0
352,10,middle,H Pandya,RHB,solid,T Boult,pace,good,balanced,127,24,57,2,6,0,0
352,11,middle,H Pandya,RHB,solid,R Jadeja,spin,good,balanced,127,30,63,2,9,0,0
352,12,middle,H Pandya,RHB,solid,K Ahmed,pace,avg,balanced,127,36,72,2,6,0,0
352,13,middle,H Pandya,RHB,solid,M Shami,pace,good,balanced,127,42,78,2,13,0,1
352,14,middle,H Pandya,RHB,solid,J Bumrah,pace,elite,balanced,127,48,91,2,3,0,0
352,15,middle,H Pandya,RHB,solid,H Patel,pace,avg,balanced,127,54,94,2,4,0,0
352,16,death,H Pandya,RHB,solid,T Boult,pace,good,balanced,127,60,98,2,13,1,1
352,17,death,R Parag,RHB,avg,R Jadeja,spin,good,balanced,127,0,111,3,3,1,0
352,18,death,V Kohli,RHB,top,K Ahmed,pace,avg,balanced,127,0,114,4,17,0,1
352,19,death,V Kohli,RHB,top,M Shami,pace,good,balanced,127,6,131,4,6,1,0
352,20,death,N Pooran,LHB,top,J Bumrah,pace,elite,balanced,127,0,137,5,4,1,1
353,1,powerplay,R Sharma,RHB,top,M Shami,pace,good,slow_turner,175,0,0,0,2,1,0
353,2,powerplay,R Parag,RHB,avg,Y Chahal,spin,good,slow_turner,175,0,2,1,6,0,0
353,3,powerplay,R Parag,RHB,avg,H Patel,pace,avg,slow_turner,175,6,8,1,7,0,0
353,4,powerplay,R Parag,RHB,avg,A Rashid,spin,elite,slow_turner,175,12,15,1,2,1,0
353,5,powerplay,D Padikkal,LHB,avg,T Boult,pace,good,slow_turner,175,0,17,2,3,0,0
353,6,powerplay,D Padikkal,LHB,avg,K Ahmed,pace,avg,slow_turner,175,6,20,2,0,1,0
353,7,middle,S Gill,RHB,solid,M Shami,pace,good,slow_turner,175,0,20,3,3,0,0
353,8,middle,S Gill,RHB,solid,Y Chahal,spin,good,slow_turner,175,6,23,3,0,1,0
353,9,middle,R Pant,LHB,top,H Patel,pace,avg,slow_turner,175,0,23,4,6,0,0
353,10,middle,R Pant,LHB,top,A Rashid,spin,elite,slow_turner,175,6,29,4,6,0,0
353,11,middle,R Pant,LHB,top,T Boult,pace,good,slow_turner,175,12,35,4,8,0,0
353,12,middle,R Pant,LHB,top,K Ahmed,pace,avg,slow_turner,175,18,43,4,15,0,1
353,13,middle,R Pant,LHB,top,M Shami,pace,good,slow_turner,175,24,58,4,4,1,1
353,14,middle,KL Rahul,RHB,solid,Y Chahal,spin,good,slow_turner,175,0,62,5,2,1,0
354,1,powerplay,R Parag,RHB,avg,A Rashid,spin,elite,seaming_track,197,0,0,0,10,0,0
354,2,powerplay,R Parag,RHB,avg,H Patel,pace,avg,seaming_track,197,6,10,0,3,0,0
354,3,powerplay,R Parag,RHB,avg,J Bumrah,pace,elite,seaming_track,197,12,13,0,5,1,0
354,4,powerplay,R Pant,LHB,top,K Ahmed,pace,avg,seaming_track,197,0,18,1,11,1,0
354,5,powerplay,S Gill,RHB,solid,R Jadeja,spin,good,seaming_track,197,0,29,2,6,0,0
354,6,powerplay,S Gill,RHB,solid,M Shami,pace,good,seaming_track,197,6,35,2,3,0,0
354,7,middle,S Gill,RHB,solid,A Rashid,spin,elite,seaming_track,197,12,38,2,5,0,0
354,8,middle,S Gill,RHB,solid,H Patel,pace,avg,seaming_track,197,18,43,2,7,1,0
354,9,middle,KL Rahul,RHB,solid,J Bumrah,pace,elite,seaming_track,197,0,50,3,1,0,0
354,10,middle,KL Rahul,RHB,solid,K Ahmed,pace,avg,seaming_track,197,6,51,3,4,0,0
354,11,middle,KL Rahul,RHB,solid,R Jadeja,spin,good,seaming_track,197,12,55,3,9,0,0
354,12,middle,KL Rahul,RHB,solid,M Shami,pace,good,seaming_track,197,18,64,3,10,1,1
354,13,middle,H Pandya,RHB,solid,A Rashid,spin,elite,seaming_track,197,0,74,4,0,1,1
354,14,middle,D Padikkal,LHB,avg,H Patel,pace,avg,seaming_track,197,0,74,5,4,1,0
355,1,powerplay,R Parag,RHB,avg,K Ahmed,pace,avg,balanced,168,0,0,0,4,0,0
355,2,powerplay,R Parag,RHB,avg,A Rashid,spin,elite,balanced,168,6,4,0,3,1,1
355,3,powerplay,R Pant,LHB,top,H Patel,pace,avg,balanced,168,0,7,1,9,0,0
355,4,powerplay,R Pant,LHB,top,Y Chahal,spin,good,balanced,168,6,16,1,2,0,0
355,5,powerplay,R Pant,LHB,top,T Boult,pace,good,balanced,168,12,18,1,12,1,1
355,6,powerplay,S Yadav,RHB,top,M Shami,pace,good,balanced,168,0,30,2,7,1,1
355,7,middle,H Pandya,RHB,solid,K Ahmed,pace,avg,balanced,168,0,37,3,3,1,0
355,8,middle,V Kohli,RHB,top,A Rashid,spin,elite,balanced,168,0,40,4,3,0,0
355,9,middle,V Kohli,RHB,top,H Patel,pace,avg,balanced,168,6,43,4,6,1,0
355,10,middle,N Pooran,LHB,top,Y Chahal,spin,good,balanced,168,0,49,5,1,1,0
356,1,powerplay,D Padikkal,LHB,avg,Y Chahal,spin,good,seaming_track,164,0,0,0,1,1,0
356,2,powerplay,R Sharma,RHB,top,K Ahmed,pace,avg,seaming_track,164,0,1,1,8,0,0
356,3,powerplay,R Sharma,RHB,top,H Patel,pace,avg,seaming_track,164,6,9,1,10,0,1
356,4,powerplay,R Sharma,RHB,top,M Shami,pace,good,seaming_track,164,12,19,1,11,0,1
356,5,powerplay,R Sharma,RHB,top,T Boult,pace,good,seaming_track,164,18,30,1,9,1,0
356,6,powerplay,R Pant,LHB,top,R Jadeja,spin,good,seaming_track,164,0,39,2,4,0,0
356,7,middle,R Pant,LHB,top,Y Chahal,spin,good,seaming_track,164,6,43,2,6,0,0
356,8,middle,R Pant,LHB,top,K Ahmed,pace,avg,seaming_track,164,12,49,2,8,0,0
356,9,middle,R Pant,LHB,top,H Patel,pace,avg,seaming_track,164,18,57,2,12,0,1
356,10,middle,R Pant,LHB,top,M Shami,pace,good,seaming_track,164,24,69,2,11,0,1
356,11,middle,R Pant,LHB,top,T Boult,pace,good,seaming_track,164,30,80,2,11,1,0
356,12,middle,R Parag,RHB,avg,R Jadeja,spin,good,seaming_track,164,0,91,3,3,0,0
356,13,middle,R Parag,RHB,avg,Y Chahal,spin,good,seaming_track,164,6,94,3,3,1,0
356,14,middle,N Pooran,LHB,top,K Ahmed,pace,avg,seaming_track,164,0,97,4,5,1,0
356,15,middle,S Yadav,RHB,top,H Patel,pace,avg,seaming_track,164,0,102,5,9,0,0
356,16,death,S Yadav,RHB,top,M Shami,pace,good,seaming_track,164,6,111,5,9,0,0
356,17,death,S Yadav,RHB,top,T Boult,pace,good,seaming_track,164,12,120,5,15,0,1
356,18,death,S Yadav,RHB,top,R Jadeja,spin,good,seaming_track,164,18,135,5,6,1,0
357,1,powerplay,S Yadav,RHB,top,R Jadeja,spin,good,batting_paradise,157,0,0,0,4,0,1
357,2,powerplay,S Yadav,RHB,top,T Boult,pace,good,batting_paradise,157,6,4,0,8,1,0
357,3,powerplay,V Kohli,RHB,top,H Patel,pace,avg,batting_paradise,157,0,12,1,14,0,1
357,4,powerplay,V Kohli,RHB,top,K Ahmed,pace,avg,batting_paradise,157,6,26,1,16,0,1
357,5,powerplay,V Kohli,RHB,top,Y Chahal,spin,good,batting_paradise,157,12,42,1,14,0,2
357,6,powerplay,V Kohli,RHB,top,A Rashid,spin,elite,batting_paradise,157,18,56,1,7,0,0
357,7,middle,V Kohli,RHB,top,R Jadeja,spin,good,batting_paradise,157,24,63,1,9,1,0
357,8,middle,R Sharma,RHB,top,T Boult,pace,good,batting_paradise,157,0,72,2,6,1,0
357,9,middle,D Padikkal,LHB,avg,H Patel,pace,avg,batting_paradise,157,0,78,3,8,1,0
357,10,middle,N Pooran,LHB,top,K Ahmed,pace,avg,batting_paradise,157,0,86,4,14,0,2
357,11,middle,N Pooran,LHB,top,Y Chahal,spin,good,batting_paradise,157,6,100,4,11,0,0
357,12,middle,N Pooran,LHB,top,A Rashid,spin,elite,batting_paradise,157,12,111,4,10,0,0
357,13,middle,N Pooran,LHB,top,R Jadeja,spin,good,batting_paradise,157,18,121,4,11,0,0
357,14,middle,N Pooran,LHB,top,T Boult,pace,good,batting_paradise,157,24,132,4,11,0,0
357,15,middle,N Pooran,LHB,top,H Patel,pace,avg,batting_paradise,157,30,143,4,14,0,1
357,16,death,N Pooran,LHB,top,K Ahmed,pace,avg,batting_paradise,157,36,157,4,25,0,1
357,17,death,N Pooran,LHB,top,Y Chahal,spin,good,batting_paradise,157,42,182,4,10,0,0
357,18,death,N Pooran,LHB,top,A Rashid,spin,elite,batting_paradise,157,48,192,4,11,0,1
357,19,death,N Pooran,LHB,top,R Jadeja,spin,good,batting_paradise,157,54,203,4,16,1,1
357,20,death,R Pant,LHB,top,T Boult,pace,good,batting_paradise,157,0,219,5,14,1,1
358,1,powerplay,V Kohli,RHB,top,K Ahmed,pace,avg,batting_paradise,156,0,0,0,11,0,1
358,2,powerplay,V Kohli,RHB,top,Y Chahal,spin,good,batting_paradise,156,6,11,0,7,0,1
358,3,powerplay,V Kohli,RHB,top,M Shami,pace,good,batting_paradise,156,12,18,0,14,0,1
358,4,powerplay,V Kohli,RHB,top,H Patel,pace,avg,batting_paradise,156,18,32,0,23,0,1
358,5,powerplay,V Kohli,RHB,top,T Boult,pace,good,batting_paradise,156,24,55,0,12,0,1
358,6,powerplay,V Kohli,RHB,top,A Rashid,spin,elite,batting_paradise,156,30,67,0,8,0,0
358,7,middle,V Kohli,RHB,top,K Ahmed,pace,avg,batting_paradise,156,36,75,0,16,0,1
358,8,middle,V Kohli,RHB,top,Y Chahal,spin,good,batting_paradise,156,42,91,0,5,0,0
358,9,middle,V Kohli,RHB,top,M Shami,pace,good,batting_paradise,156,48,96,0,15,0,1
358,10,middle,V Kohli,RHB,top,H Patel,pace,avg,batting_paradise,156,54,111,0,16,0,1
358,11,middle,V Kohli,RHB,top,T Boult,pace,good,batting_paradise,156,60,127,0,10,0,0
358,12,middle,V Kohli,RHB,top,A Rashid,spin,elite,batting_paradise,156,66,137,0,10,0,0
358,13,middle,V Kohli,RHB,top,K Ahmed,pace,avg,batting_paradise,156,72,147,0,15,0,1
358,14,middle,V Kohli,RHB,top,Y Chahal,spin,good,batting_paradise,156,78,162,0,15,0,2
358,15,middle,V Kohli,RHB,top,M Shami,pace,good,batting_paradise,156,84,177,0,8,0,1
358,16,death,V Kohli,RHB,top,H Patel,pace,avg,batting_paradise,156,90,185,0,23,1,1
358,17,death,KL Rahul,RHB,solid,T Boult,pace,good,batting_paradise,156,0,208,1,8,0,0
358,18,death,KL Rahul,RHB,solid,A Rashid,spin,elite,batting_paradise,156,6,216,1,5,1,0
358,19,death,R Parag,RHB,avg,K Ahmed,pace,avg,batting_paradise,156,0,221,2,9,1,0
358,20,death,R Sharma,RHB,top,Y Chahal,spin,good,batting_paradise,156,0,230,3,8,0,0
359,1,powerplay,D Padikkal,LHB,avg,T Boult,pace,good,balanced,164,0,0,0,2,0,0
359,2,powerplay,D Padikkal,LHB,avg,H Patel,pace,avg,balanced,164,6,2,0,5,0,0
359,3,powerplay,D Padikkal,LHB,avg,R Jadeja,spin,good,balanced,164,12,7,0,5,1,0
359,4,powerplay,R Parag,RHB,avg,Y Chahal,spin,good,balanced,164,0,12,1,2,0,0
359,5,powerplay,R Parag,RHB,avg,J Bumrah,pace,elite,balanced,164,6,14,1,2,0,0
359,6,powerplay,R Parag,RHB,avg,M Shami,pace,good,balanced,164,12,16,1,7,0,1
359,7,middle,R Parag,RHB,avg,T Boult,pace,good,balanced,164,18,23,1,8,0,1
359,8,middle,R Parag,RHB,avg,H Patel,pace,avg,balanced,164,24,31,1,12,0,1
359,9,middle,R Parag,RHB,avg,R Jadeja,spin,good,balanced,164,30,43,1,2,0,0
359,10,middle,R Parag,RHB,avg,Y Chahal,spin,good,balanced,164,36,45,1,9,1,0
359,11,middle,V Kohli,RHB,top,J Bumrah,pace,elite,balanced,164,0,54,2,8,0,1
359,12,middle,V Kohli,RHB,top,M Shami,pace,good,balanced,164,6,62,2,7,0,0
359,13,middle,V Kohli,RHB,top,T Boult,pace,good,balanced,164,12,69,2,11,0,0
359,14,middle,V Kohli,RHB,top,H Patel,pace,avg,balanced,164,18,80,2,5,0,0
359,15,middle,V Kohli,RHB,top,R Jadeja,spin,good,balanced,164,24,85,2,8,0,1
359,16,death,V Kohli,RHB,top,Y Chahal,spin,good,balanced,164,30,93,2,7,0,0
359,17,death,V Kohli,RHB,top,J Bumrah,pace,elite,balanced,164,36,100,2,14,1,2
359,18,death,R Sharma,RHB,top,M Shami,pace,good,balanced,164,0,114,3,6,0,0
359,19,death,R Sharma,RHB,top,T Boult,pace,good,balanced,164,6,120,3,7,0,0
359,20,death,R Sharma,RHB,top,H Patel,pace,avg,balanced,164,12,127,3,17,0,2
360,1,powerplay,R Pant,LHB,top,H Patel,pace,avg,balanced,185,0,0,0,9,0,0
360,2,powerplay,R Pant,LHB,top,Y Chahal,spin,good,balanced,185,6,9,0,6,1,1
360,3,powerplay,R Parag,RHB,avg,T Boult,pace,good,balanced,185,0,15,1,3,1,0
360,4,powerplay,S Gill,RHB,solid,A Rashid,spin,elite,balanced,185,0,18,2,3,0,0
360,5,powerplay,S Gill,RHB,solid,J Bumrah,pace,elite,balanced,185,6,21,2,3,1,0
360,6,powerplay,S Yadav,RHB,top,R Jadeja,spin,good,balanced,185,0,24,3,3,0,0
360,7,middle,S Yadav,RHB,top,H Patel,pace,avg,balanced,185,6,27,3,5,0,0
360,8,middle,S Yadav,RHB,top,Y Chahal,spin,good,balanced,185,12,32,3,13,0,1
360,9,middle,S Yadav,RHB,top,T Boult,pace,good,balanced,185,18,45,3,4,1,1
360,10,middle,V Kohli,RHB,top,A Rashid,spin,elite,balanced,185,0,49,4,5,0,0
360,11,middle,V Kohli,RHB,top,J Bumrah,pace,elite,balanced,185,6,54,4,5,0,0
360,12,middle,V Kohli,RHB,top,R Jadeja,spin,good,balanced,185,12,59,4,6,1,0
360,13,middle,H Pandya,RHB,solid,H Patel,pace,avg,balanced,185,0,65,5,6,0,0
360,14,middle,H Pandya,RHB,solid,Y Chahal,spin,good,balanced,185,6,71,5,3,1,0
361,1,powerplay,D Padikkal,LHB,avg,K Ahmed,pace,avg,slow_turner,145,0,0,0,4,0,0
361,2,powerplay,D Padikkal,LHB,avg,R Jadeja,spin,good,slow_turner,145,6,4,0,6,0,0
361,3,powerplay,D Padikkal,LHB,avg,T Boult,pace,good,slow_turner,145,12,10,0,6,0,0
361,4,powerplay,D Padikkal,LHB,avg,Y Chahal,spin,good,slow_turner,145,18,16,0,7,1,0
361,5,powerplay,S Yadav,RHB,top,H Patel,pace,avg,slow_turner,145,0,23,1,7,0,0
361,6,powerplay,S Yadav,RHB,top,A Rashid,spin,elite,slow_turner,145,6,30,1,3,1,1
361,7,middle,R Sharma,RHB,top,K Ahmed,pace,avg,slow_turner,145,0,33,2,3,1,0
361,8,middle,KL Rahul,RHB,solid,R Jadeja,spin,good,slow_turner,145,0,36,3,4,0,0
361,9,middle,KL Rahul,RHB,solid,T Boult,pace,good,slow_turner,145,6,40,3,4,0,0
361,10,middle,KL Rahul,RHB,solid,Y Chahal,spin,good,slow_turner,145,12,44,3,5,0,0
361,11,middle,KL Rahul,RHB,solid,H Patel,pace,avg,slow_turner,145,18,49,3,4,0,0
361,12,middle,KL Rahul,RHB,solid,A Rashid,spin,elite,slow_turner,145,24,53,3,4,0,0
361,13,middle,KL Rahul,RHB,solid,K Ahmed,pace,avg,slow_turner,145,30,57,3,7,0,0
361,14,middle,KL Rahul,RHB,solid,R Jadeja,spin,good,slow_turner,145,36,64,3,5,0,0
361,15,middle,KL Rahul,RHB,solid,T Boult,pace,good,slow_turner,145,42,69,3,9,0,0
361,16,death,KL Rahul,RHB,solid,Y Chahal,spin,good,slow_turner,145,48,78,3,9,0,1
361,17,death,KL Rahul,RHB,solid,H Patel,pace,avg,slow_turner,145,54,87,3,9,0,0
361,18,death,KL Rahul,RHB,solid,A Rashid,spin,elite,slow_turner,145,60,96,3,2,1,1
361,19,death,R Parag,RHB,avg,K Ahmed,pace,avg,slow_turner,145,0,98,4,5,0,0
361,20,death,R Parag,RHB,avg,R Jadeja,spin,good,slow_turner,145,6,103,4,6,1,0
362,1,powerplay,D Padikkal,LHB,avg,M Shami,pace,good,batting_paradise,154,0,0,0,8,1,0
362,2,powerplay,N Pooran,LHB,top,K Ahmed,pace,avg,batting_paradise,154,0,8,1,8,0,0
362,3,powerplay,N Pooran,LHB,top,J Bumrah,pace,elite,batting_paradise,154,6,16,1,11,1,0
362,4,powerplay,V Kohli,RHB,top,H Patel,pace,avg,batting_paradise,154,0,27,2,11,0,1
362,5,powerplay,V Kohli,RHB,top,A Rashid,spin,elite,batting_paradise,154,6,38,2,2,1,0
362,6,powerplay,R Sharma,RHB,top,R Jadeja,spin,good,batting_paradise,154,0,40,3,9,0,0
362,7,middle,R Sharma,RHB,top,M Shami,pace,good,batting_paradise,154,6,49,3,7,1,0
362,8,middle,S Gill,RHB,solid,K Ahmed,pace,avg,batting_paradise,154,0,56,4,5,0,0
362,9,middle,S Gill,RHB,solid,J Bumrah,pace,elite,batting_paradise,154,6,61,4,5,0,0
362,10,middle,S Gill,RHB,solid,H Patel,pace,avg,batting_paradise,154,12,66,4,13,0,2
362,11,middle,S Gill,RHB,solid,A Rashid,spin,elite,batting_paradise,154,18,79,4,6,1,0
362,12,middle,H Pandya,RHB,solid,R Jadeja,spin,good,batting_paradise,154,0,85,5,10,0,0
362,13,middle,H Pandya,RHB,solid,M Shami,pace,good,batting_paradise,154,6,95,5,5,0,0
362,14,middle,H Pandya,RHB,solid,K Ahmed,pace,avg,batting_paradise,154,12,100,5,11,0,1
362,15,middle,H Pandya,RHB,solid,J Bumrah,pace,elite,batting_paradise,154,18,111,5,3,1,0
363,1,powerplay,D Padikkal,LHB,avg,H Patel,pace,avg,balanced,163,0,0,0,4,0,0
363,2,powerplay,D Padikkal,LHB,avg,Y Chahal,spin,good,balanced,163,6,4,0,3,0,0
363,3,powerplay,D Padikkal,LHB,avg,J Bumrah,pace,elite,balanced,163,12,7,0,5,0,0
363,4,powerplay,D Padikkal,LHB,avg,R Jadeja,spin,good,balanced,163,18,12,0,9,1,0
363,5,powerplay,R Pant,LHB,top,T Boult,pace,good,balanced,163,0,21,1,4,0,1
363,6,powerplay,R Pant,LHB,top,K Ahmed,pace,avg,balanced,163,6,25,1,8,1,0
363,7,middle,R Sharma,RHB,top,H Patel,pace,avg,balanced,163,0,33,2,5,0,0
363,8,middle,R Sharma,RHB,top,Y Chahal,spin,good,balanced,163,6,38,2,10,0,0
363,9,middle,R Sharma,RHB,top,J Bumrah,pace,elite,balanced,163,12,48,2,8,0,0
363,10,middle,R Sharma,RHB,top,R Jadeja,spin,good,balanced,163,18,56,2,12,1,1
363,11,middle,N Pooran,LHB,top,T Boult,pace,good,balanced,163,0,68,3,5,0,0
363,12,middle,N Pooran,LHB,top,K Ahmed,pace,avg,balanced,163,6,73,3,10,0,1
363,13,middle,N Pooran,LHB,top,H Patel,pace,avg,balanced,163,12,83,3,17,0,1
363,14,middle,N Pooran,LHB,top,Y Chahal,spin,good,balanced,163,18,100,3,8,0,0
363,15,middle,N Pooran,LHB,top,J Bumrah,pace,elite,balanced,163,24,108,3,6,0,0
363,16,death,N Pooran,LHB,top,R Jadeja,spin,good,balanced,163,30,114,3,13,0,1
363,17,death,N Pooran,LHB,top,T Boult,pace,good,balanced,163,36,127,3,15,1,1
363,18,death,KL Rahul,RHB,solid,K Ahmed,pace,avg,balanced,163,0,142,4,7,1,0
363,19,death,H Pandya,RHB,solid,H Patel,pace,avg,balanced,163,0,149,5,7,0,1
363,20,death,H Pandya,RHB,solid,Y Chahal,spin,good,balanced,163,6,156,5,12,0,1
364,1,powerplay,R Parag,RHB,avg,H Patel,pace,avg,batting_paradise,162,0,0,0,1,1,0
364,2,powerplay,V Kohli,RHB,top,A Rashid,spin,elite,batting_paradise,162,0,1,1,10,1,0
364,3,powerplay,H Pandya,RHB,solid,J Bumrah,pace,elite,batting_paradise,162,0,11,2,11,0,0
364,4,powerplay,H Pandya,RHB,solid,M Shami,pace,good,batting_paradise,162,6,22,2,4,0,0
364,5,powerplay,H Pandya,RHB,solid,Y Chahal,spin,good,batting_paradise,162,12,26,2,12,0,1
364,6,powerplay,H Pandya,RHB,solid,K Ahmed,pace,avg,batting_paradise,162,18,38,2,11,0,0
364,7,middle,H Pandya,RHB,solid,H Patel,pace,avg,batting_paradise,162,24,49,2,10,0,1
364,8,middle,H Pandya,RHB,solid,A Rashid,spin,elite,batting_paradise,162,30,59,2,3,1,1
364,9,middle,N Pooran,LHB,top,J Bumrah,pace,elite,batting_paradise,162,0,62,3,8,0,0
364,10,middle,N Pooran,LHB,top,M Shami,pace,good,batting_paradise,162,6,70,3,11,0,0
364,11,middle,N Pooran,LHB,top,Y Chahal,spin,good,batting_paradise,162,12,81,3,5,1,0
364,12,middle,S Gill,RHB,solid,K Ahmed,pace,avg,batting_paradise,162,0,86,4,6,0,0
364,13,middle,S Gill,RHB,solid,H Patel,pace,avg,batting_paradise,162,6,92,4,4,0,0
364,14,middle,S Gill,RHB,solid,A Rashid,spin,elite,batting_paradise,162,12,96,4,7,1,1
364,15,middle,R Sharma,RHB,top,J Bumrah,pace,elite,batting_paradise,162,0,103,5,12,0,1
364,16,death,R Sharma,RHB,top,M Shami,pace,good,batting_paradise,162,6,115,5,6,1,0
365,1,powerplay,V Kohli,RHB,top,A Rashid,spin,elite,batting_paradise,183,0,0,0,4,1,0
365,2,powerplay,S Yadav,RHB,top,R Jadeja,spin,good,batting_paradise,183,0,4,1,8,0,1
365,3,powerplay,S Yadav,RHB,top,K Ahmed,pace,avg,batting_paradise,183,6,12,1,7,0,0
365,4,powerplay,S Yadav,RHB,top,J Bumrah,pace,elite,batting_paradise,183,12,19,1,9,1,1
365,5,powerplay,S Gill,RHB,solid,T Boult,pace,good,batting_paradise,183,0,28,2,11,0,0
365,6,powerplay,S Gill,RHB,solid,H Patel,pace,avg,batting_paradise,183,6,39,2,9,0,0
365,7,middle,S Gill,RHB,solid,A Rashid,spin,elite,batting_paradise,183,12,48,2,9,0,0
365,8,middle,S Gill,RHB,solid,R Jadeja,spin,good,batting_paradise,183,18,57,2,9,0,0
365,9,middle,S Gill,RHB,solid,K Ahmed,pace,avg,batting_paradise,183,24,66,2,11,1,1
365,10,middle,N Pooran,LHB,top,J Bumrah,pace,elite,batting_paradise,183,0,77,3,6,1,0
365,11,middle,R Pant,LHB,top,T Boult,pace,good,batting_paradise,183,0,83,4,10,0,0
365,12,middle,R Pant,LHB,top,H Patel,pace,avg,batting_paradise,183,6,93,4,9,1,0
365,13,middle,R Sharma,RHB,top,A Rashid,spin,elite,batting_paradise,183,0,102,5,3,0,0
365,14,middle,R Sharma,RHB,top,R Jadeja,spin,good,batting_paradise,183,6,105,5,11,0,1
365,15,middle,R Sharma,RHB,top,K Ahmed,pace,avg,batting_paradise,183,12,116,5,14,0,2
365,16,death,R Sharma,RHB,top,J Bumrah,pace,elite,batting_paradise,183,18,130,5,7,1,0
366,1,powerplay,KL Rahul,RHB,solid,T Boult,pace,good,slow_turner,178,0,0,0,6,0,1
366,2,powerplay,KL Rahul,RHB,solid,M Shami,pace,good,slow_turner,178,6,6,0,8,0,0
366,3,powerplay,KL Rahul,RHB,solid,A Rashid,spin,elite,slow_turner,178,12,14,0,8,0,1
366,4,powerplay,KL Rahul,RHB,solid,J Bumrah,pace,elite,slow_turner,178,18,22,0,7,1,0
366,5,powerplay,V Kohli,RHB,top,H Patel,pace,avg,slow_turner,178,0,29,1,5,1,0
366,6,powerplay,H Pandya,RHB,solid,K Ahmed,pace,avg,slow_turner,178,0,34,2,3,1,0
366,7,middle,R Sharma,RHB,top,T Boult,pace,good,slow_turner,178,0,37,3,5,0,0
366,8,middle,R Sharma,RHB,top,M Shami,pace,good,slow_turner,178,6,42,3,6,0,0
366,9,middle,R Sharma,RHB,top,A Rashid,spin,elite,slow_turner,178,12,48,3,2,1,0
366,10,middle,R Pant,LHB,top,J Bumrah,pace,elite,slow_turner,178,0,50,4,2,0,0
366,11,middle,R Pant,LHB,top,H Patel,pace,avg,slow_turner,178,6,52,4,7,1,0
366,12,middle,R Parag,RHB,avg,K Ahmed,pace,avg,slow_turner,178,0,59,5,3,0,0
366,13,middle,R Parag,RHB,avg,T Boult,pace,good,slow_turner,178,6,62,5,3,0,0
366,14,middle,R Parag,RHB,avg,M Shami,pace,good,slow_turner,178,12,65,5,5,0,0
366,15,middle,R Parag,RHB,avg,A Rashid,spin,elite,slow_turner,178,18,70,5,4,0,0
366,16,death,R Parag,RHB,avg,J Bumrah,pace,elite,slow_turner,178,24,74,5,4,0,0
366,17,death,R Parag,RHB,avg,H Patel,pace,avg,slow_turner,178,30,78,5,9,1,0
367,1,powerplay,S Gill,RHB,solid,Y Chahal,spin,good,slow_turner,147,0,0,0,6,0,0
367,2,powerplay,S Gill,RHB,solid,T Boult,pace,good,slow_turner,147,6,6,0,5,0,0
367,3,powerplay,S Gill,RHB,solid,M Shami,pace,good,slow_turner,147,12,11,0,8,0,0
367,4,powerplay,S Gill,RHB,solid,K Ahmed,pace,avg,slow_turner,147,18,19,0,4,0,0
367,5,powerplay,S Gill,RHB,solid,R Jadeja,spin,good,slow_turner,147,24,23,0,5,1,0
367,6,powerplay,KL Rahul,RHB,solid,H Patel,pace,avg,slow_turner,147,0,28,1,3,0,0
367,7,middle,KL Rahul,RHB,solid,Y Chahal,spin,good,slow_turner,147,6,31,1,2,0,0
367,8,middle,KL Rahul,RHB,solid,T Boult,pace,good,slow_turner,147,12,33,1,9,0,0
367,9,middle,KL Rahul,RHB,solid,M Shami,pace,good,slow_turner,147,18,42,1,7,0,0
367,10,middle,KL Rahul,RHB,solid,K Ahmed,pace,avg,slow_turner,147,24,49,1,4,0,0
367,11,middle,KL Rahul,RHB,solid,R Jadeja,spin,good,slow_turner,147,30,53,1,4,0,0
367,12,middle,KL Rahul,RHB,solid,H Patel,pace,avg,slow_turner,147,36,57,1,3,0,0
367,13,middle,KL Rahul,RHB,solid,Y Chahal,spin,good,slow_turner,147,42,60,1,1,1,0
367,14,middle,N Pooran,LHB,top,T Boult,pace,good,slow_turner,147,0,61,2,11,0,0
367,15,middle,N Pooran,LHB,top,M Shami,pace,good,slow_turner,147,6,72,2,2,1,0
367,16,death,H Pandya,RHB,solid,K Ahmed,pace,avg,slow_turner,147,0,74,3,5,0,0
367,17,death,H Pandya,RHB,solid,R Jadeja,spin,good,slow_turner,147,6,79,3,1,1,1
367,18,death,D Padikkal,LHB,avg,H Patel,pace,avg,slow_turner,147,0,80,4,3,1,0
367,19,death,V Kohli,RHB,top,Y Chahal,spin,good,slow_turner,147,0,83,5,7,0,1
367,20,death,V Kohli,RHB,top,T Boult,pace,good,slow_turner,147,6,90,5,6,1,1
368,1,powerplay,KL Rahul,RHB,solid,K Ahmed,pace,avg,seaming_track,160,0,0,0,6,1,0
368,2,powerplay,S Yadav,RHB,top,J Bumrah,pace,elite,seaming_track,160,0,6,1,10,0,0
368,3,powerplay,S Yadav,RHB,top,R Jadeja,spin,good,seaming_track,160,6,16,1,10,0,0
368,4,powerplay,S Yadav,RHB,top,T Boult,pace,good,seaming_track,160,12,26,1,5,0,1
368,5,powerplay,S Yadav,RHB,top,M Shami,pace,good,seaming_track,160,18,31,1,7,1,0
368,6,powerplay,D Padikkal,LHB,avg,H Patel,pace,avg,seaming_track,160,0,38,2,3,1,0
368,7,middle,R Parag,RHB,avg,K Ahmed,pace,avg,seaming_track,160,0,41,3,2,0,0
368,8,middle,R Parag,RHB,avg,J Bumrah,pace,elite,seaming_track,160,6,43,3,0,1,0
368,9,middle,H Pandya,RHB,solid,R Jadeja,spin,good,seaming_track,160,0,43,4,3,0,0
368,10,middle,H Pandya,RHB,solid,T Boult,pace,good,seaming_track,160,6,46,4,3,0,0
368,11,middle,H Pandya,RHB,solid,M Shami,pace,good,seaming_track,160,12,49,4,6,0,0
368,12,middle,H Pandya,RHB,solid,H Patel,pace,avg,seaming_track,160,18,55,4,9,0,0
368,13,middle,H Pandya,RHB,solid,K Ahmed,pace,avg,seaming_track,160,24,64,4,5,0,0
368,14,middle,H Pandya,RHB,solid,J Bumrah,pace,elite,seaming_track,160,30,69,4,5,0,0
368,15,middle,H Pandya,RHB,solid,R Jadeja,spin,good,seaming_track,160,36,74,4,10,1,0
368,16,death,R Sharma,RHB,top,T Boult,pace,good,seaming_track,160,0,84,5,8,1,0
369,1,powerplay,S Yadav,RHB,top,J Bumrah,pace,elite,batting_paradise,225,0,0,0,4,1,0
369,2,powerplay,R Pant,LHB,top,H Patel,pace,avg,batting_paradise,225,0,4,1,10,0,1
369,3,powerplay,R Pant,LHB,top,Y Chahal,spin,good,batting_paradise,225,6,14,1,9,0,0
369,4,powerplay,R Pant,LHB,top,K Ahmed,pace,avg,batting_paradise,225,12,23,1,16,0,2
369,5,powerplay,R Pant,LHB,top,T Boult,pace,good,batting_paradise,225,18,39,1,10,0,1
369,6,powerplay,R Pant,LHB,top,R Jadeja,spin,good,batting_paradise,225,24,49,1,8,1,0
369,7,middle,D Padikkal,LHB,avg,J Bumrah,pace,elite,batting_paradise,225,0,57,2,3,1,0
369,8,middle,R Sharma,RHB,top,H Patel,pace,avg,batting_paradise,225,0,60,3,14,0,1
369,9,middle,R Sharma,RHB,top,Y Chahal,spin,good,batting_paradise,225,6,74,3,10,0,0
369,10,middle,R Sharma,RHB,top,K Ahmed,pace,avg,batting_paradise,225,12,84,3,16,0,1
369,11,middle,R Sharma,RHB,top,T Boult,pace,good,batting_paradise,225,18,100,3,10,0,0
369,12,middle,R Sharma,RHB,top,R Jadeja,spin,good,batting_paradise,225,24,110,3,9,1,0
369,13,middle,S Gill,RHB,solid,J Bumrah,pace,elite,batting_paradise,225,0,119,4,4,1,0
369,14,middle,N Pooran,LHB,top,H Patel,pace,avg,batting_paradise,225,0,123,5,13,0,1
369,15,middle,N Pooran,LHB,top,Y Chahal,spin,good,batting_paradise,225,6,136,5,10,1,1
370,1,powerplay,S Gill,RHB,solid,Y Chahal,spin,good,slow_turner,162,0,0,0,0,1,0
370,2,powerplay,S Yadav,RHB,top,H Patel,pace,avg,slow_turner,162,0,0,1,12,0,1
370,3,powerplay,S Yadav,RHB,top,T Boult,pace,good,slow_turner,162,6,12,1,5,0,1
370,4,powerplay,S Yadav,RHB,top,M Shami,pace,good,slow_turner,162,12,17,1,15,0,1
370,5,powerplay,S Yadav,RHB,top,A Rashid,spin,elite,slow_turner,162,18,32,1,4,0,0
370,6,powerplay,S Yadav,RHB,top,K Ahmed,pace,avg,slow_turner,162,24,36,1,15,1,1
370,7,middle,H Pandya,RHB,solid,Y Chahal,spin,good,slow_turner,162,0,51,2,4,0,0
370,8,middle,H Pandya,RHB,solid,H Patel,pace,avg,slow_turner,162,6,55,2,10,0,0
370,9,middle,H Pandya,RHB,solid,T Boult,pace,good,slow_turner,162,12,65,2,7,0,0
370,10,middle,H Pandya,RHB,solid,M Shami,pace,good,slow_turner,162,18,72,2,6,0,0
370,11,middle,H Pandya,RHB,solid,A Rashid,spin,elite,slow_turner,162,24,78,2,3,1,0
370,12,middle,V Kohli,RHB,top,K Ahmed,pace,avg,slow_turner,162,0,81,3,3,0,0
370,13,middle,V Kohli,RHB,top,Y Chahal,spin,good,slow_turner,162,6,84,3,3,1,0
370,14,middle,R Pant,LHB,top,H Patel,pace,avg,slow_turner,162,0,87,4,3,0,0
370,15,middle,R Pant,LHB,top,T Boult,pace,good,slow_turner,162,6,90,4,7,0,0
370,16,death,R Pant,LHB,top,M Shami,pace,good,slow_turner,162,12,97,4,10,0,1
370,17,death,R Pant,LHB,top,A Rashid,spin,elite,slow_turner,162,18,107,4,7,0,0
370,18,death,R Pant,LHB,top,K Ahmed,pace,avg,slow_turner,162,24,114,4,16,0,1
370,19,death,R Pant,LHB,top,Y Chahal,spin,good,slow_turner,162,30,130,4,10,0,1
370,20,death,R Pant,LHB,top,H Patel,pace,avg,slow_turner,162,36,140,4,14,0,2
371,1,powerplay,R Pant,LHB,top,H Patel,pace,avg,slow_turner,166,0,0,0,3,0,0
371,2,powerplay,R Pant,LHB,top,T Boult,pace,good,slow_turner,166,6,3,0,4,1,1
371,3,powerplay,H Pandya,RHB,solid,A Rashid,spin,elite,slow_turner,166,0,7,1,3,0,0
371,4,powerplay,H Pandya,RHB,solid,M Shami,pace,good,slow_turner,166,6,10,1,12,0,1
371,5,powerplay,H Pandya,RHB,solid,J Bumrah,pace,elite,slow_turner,166,12,22,1,2,0,0
371,6,powerplay,H Pandya,RHB,solid,K Ahmed,pace,avg,slow_turner,166,18,24,1,4,0,0
371,7,middle,H Pandya,RHB,solid,H Patel,pace,avg,slow_turner,166,24,28,1,11,0,0
371,8,middle,H Pandya,RHB,solid,T Boult,pace,good,slow_turner,166,30,39,1,3,0,1
371,9,middle,H Pandya,RHB,solid,A Rashid,spin,elite,slow_turner,166,36,42,1,4,0,0
371,10,middle,H Pandya,RHB,solid,M Shami,pace,good,slow_turner,166,42,46,1,6,1,0
371,11,middle,S Yadav,RHB,top,J Bumrah,pace,elite,slow_turner,166,0,52,2,1,1,0
371,12,middle,KL Rahul,RHB,solid,K Ahmed,pace,avg,slow_turner,166,0,53,3,8,0,0
371,13,middle,KL Rahul,RHB,solid,H Patel,pace,avg,slow_turner,166,6,61,3,1,1,1
371,14,middle,S Gill,RHB,solid,T Boult,pace,good,slow_turner,166,0,62,4,1,0,0
371,15,middle,S Gill,RHB,solid,A Rashid,spin,elite,slow_turner,166,6,63,4,6,0,0
371,16,death,S Gill,RHB,solid,M Shami,pace,good,slow_turner,166,12,69,4,4,0,0
371,17,death,S Gill,RHB,solid,J Bumrah,pace,elite,slow_turner,166,18,73,4,6,1,0
371,18,death,D Padikkal,LHB,avg,K Ahmed,pace,avg,slow_turner,166,0,79,5,5,0,0
371,19,death,D Padikkal,LHB,avg,H Patel,pace,avg,slow_turner,166,6,84,5,3,0,0
371,20,death,D Padikkal,LHB,avg,T Boult,pace,good,slow_turner,166,12,87,5,1,1,0
372,1,powerplay,H Pandya,RHB,solid,Y Chahal,spin,good,batting_paradise,168,0,0,0,5,0,0
372,2,powerplay,H Pandya,RHB,solid,H Patel,pace,avg,batting_paradise,168,6,5,0,6,0,0
372,3,powerplay,H Pandya,RHB,solid,M Shami,pace,good,batting_paradise,168,12,11,0,14,0,1
372,4,powerplay,H Pandya,RHB,solid,T Boult,pace,good,batting_paradise,168,18,25,0,8,0,0
372,5,powerplay,H Pandya,RHB,solid,R Jadeja,spin,good,batting_paradise,168,24,33,0,9,0,1
372,6,powerplay,H Pandya,RHB,solid,A Rashid,spin,elite,batting_paradise,168,30,42,0,11,1,0
372,7,middle,R Pant,LHB,top,Y Chahal,spin,good,batting_paradise,168,0,53,1,9,1,0
372,8,middle,R Parag,RHB,avg,H Patel,pace,avg,batting_paradise,168,0,62,2,10,0,0
372,9,middle,R Parag,RHB,avg,M Shami,pace,good,batting_paradise,168,6,72,2,8,0,0
372,10,middle,R Parag,RHB,avg,T Boult,pace,good,batting_paradise,168,12,80,2,7,0,0
372,11,middle,R Parag,RHB,avg,R Jadeja,spin,good,batting_paradise,168,18,87,2,6,0,0
372,12,middle,R Parag,RHB,avg,A Rashid,spin,elite,batting_paradise,168,24,93,2,7,0,0
372,13,middle,R Parag,RHB,avg,Y Chahal,spin,good,batting_paradise,168,30,100,2,7,0,0
372,14,middle,R Parag,RHB,avg,H Patel,pace,avg,batting_paradise,168,36,107,2,12,0,1
372,15,middle,R Parag,RHB,avg,M Shami,pace,good,batting_paradise,168,42,119,2,6,1,0
372,16,death,V Kohli,RHB,top,T Boult,pace,good,batting_paradise,168,0,125,3,8,1,0
372,17,death,S Gill,RHB,solid,R Jadeja,spin,good,batting_paradise,168,0,133,4,12,1,1
372,18,death,D Padikkal,LHB,avg,A Rashid,spin,elite,batting_paradise,168,0,145,5,2,1,0
373,1,powerplay,H Pandya,RHB,solid,T Boult,pace,good,slow_turner,163,0,0,0,3,1,0
373,2,powerplay,N Pooran,LHB,top,A Rashid,spin,elite,slow_turner,163,0,3,1,6,0,0
373,3,powerplay,N Pooran,LHB,top,M Shami,pace,good,slow_turner,163,6,9,1,4,0,0
373,4,powerplay,N Pooran,LHB,top,J Bumrah,pace,elite,slow_turner,163,12,13,1,4,0,0
373,5,powerplay,N Pooran,LHB,top,K Ahmed,pace,avg,slow_turner,163,18,17,1,11,0,0
373,6,powerplay,N Pooran,LHB,top,Y Chahal,spin,good,slow_turner,163,24,28,1,7,0,0
373,7,middle,N Pooran,LHB,top,T Boult,pace,good,slow_turner,163,30,35,1,6,0,1
373,8,middle,N Pooran,LHB,top,A Rashid,spin,elite,slow_turner,163,36,41,1,8,0,0
373,9,middle,N Pooran,LHB,top,M Shami,pace,good,slow_turner,163,42,49,1,7,0,1
373,10,middle,N Pooran,LHB,top,J Bumrah,pace,elite,slow_turner,163,48,56,1,5,0,0
373,11,middle,N Pooran,LHB,top,K Ahmed,pace,avg,slow_turner,163,54,61,1,16,0,2
373,12,middle,N Pooran,LHB,top,Y Chahal,spin,good,slow_turner,163,60,77,1,3,1,0
373,13,middle,V Kohli,RHB,top,T Boult,pace,good,slow_turner,163,0,80,2,7,0,0
373,14,middle,V Kohli,RHB,top,A Rashid,spin,elite,slow_turner,163,6,87,2,6,1,0
373,15,middle,R Parag,RHB,avg,M Shami,pace,good,slow_turner,163,0,93,3,0,1,0
373,16,death,R Sharma,RHB,top,J Bumrah,pace,elite,slow_turner,163,0,93,4,8,0,0
373,17,death,R Sharma,RHB,top,K Ahmed,pace,avg,slow_turner,163,6,101,4,9,0,0
373,18,death,R Sharma,RHB,top,Y Chahal,spin,good,slow_turner,163,12,110,4,2,1,1
373,19,death,R Pant,LHB,top,T Boult,pace,good,slow_turner,163,0,112,5,6,0,0
373,20,death,R Pant,LHB,top,A Rashid,spin,elite,slow_turner,163,6,118,5,9,1,0
374,1,powerplay,V Kohli,RHB,top,K Ahmed,pace,avg,seaming_track,123,0,0,0,9,0,0
374,2,powerplay,V Kohli,RHB,top,T Boult,pace,good,seaming_track,123,6,9,0,7,1,1
374,3,powerplay,N Pooran,LHB,top,A Rashid,spin,elite,seaming_track,123,0,16,1,3,0,0
374,4,powerplay,N Pooran,LHB,top,R Jadeja,spin,good,seaming_track,123,6,19,1,3,0,0
374,5,powerplay,N Pooran,LHB,top,M Shami,pace,good,seaming_track,123,12,22,1,7,0,0
374,6,powerplay,N Pooran,LHB,top,J Bumrah,pace,elite,seaming_track,123,18,29,1,4,1,0
374,7,middle,R Parag,RHB,avg,K Ahmed,pace,avg,seaming_track,123,0,33,2,7,0,0
374,8,middle,R Parag,RHB,avg,T Boult,pace,good,seaming_track,123,6,40,2,7,0,0
374,9,middle,R Parag,RHB,avg,A Rashid,spin,elite,seaming_track,123,12,47,2,3,0,0
374,10,middle,R Parag,RHB,avg,R Jadeja,spin,good,seaming_track,123,18,50,2,3,0,0
374,11,middle,R Parag,RHB,avg,M Shami,pace,good,seaming_track,123,24,53,2,2,0,0
374,12,middle,R Parag,RHB,avg,J Bumrah,pace,elite,seaming_track,123,30,55,2,4,0,0
374,13,middle,R Parag,RHB,avg,K Ahmed,pace,avg,seaming_track,123,36,59,2,5,0,1
374,14,middle,R Parag,RHB,avg,T Boult,pace,good,seaming_track,123,42,64,2,4,0,0
374,15,middle,R Parag,RHB,avg,A Rashid,spin,elite,seaming_track,123,48,68,2,5,0,0
374,16,death,R Parag,RHB,avg,R Jadeja,spin,good,seaming_track,123,54,73,2,7,0,0
374,17,death,R Parag,RHB,avg,M Shami,pace,good,seaming_track,123,60,80,2,3,1,0
374,18,death,KL Rahul,RHB,solid,J Bumrah,pace,elite,seaming_track,123,0,83,3,4,0,0
374,19,death,KL Rahul,RHB,solid,K Ahmed,pace,avg,seaming_track,123,6,87,3,11,0,0
374,20,death,KL Rahul,RHB,solid,T Boult,pace,good,seaming_track,123,12,98,3,6,1,0
375,1,powerplay,KL Rahul,RHB,solid,H Patel,pace,avg,slow_turner,143,0,0,0,2,1,0
375,2,powerplay,D Padikkal,LHB,avg,Y Chahal,spin,good,slow_turner,143,0,2,1,7,1,0
375,3,powerplay,H Pandya,RHB,solid,T Boult,pace,good,slow_turner,143,0,9,2,0,1,0
375,4,powerplay,R Sharma,RHB,top,J Bumrah,pace,elite,slow_turner,143,0,9,3,4,0,0
375,5,powerplay,R Sharma,RHB,top,R Jadeja,spin,good,slow_turner,143,6,13,3,1,1,0
375,6,powerplay,V Kohli,RHB,top,M Shami,pace,good,slow_turner,143,0,14,4,7,0,0
375,7,middle,V Kohli,RHB,top,H Patel,pace,avg,slow_turner,143,6,21,4,6,0,0
375,8,middle,V Kohli,RHB,top,Y Chahal,spin,good,slow_turner,143,12,27,4,7,0,0
375,9,middle,V Kohli,RHB,top,T Boult,pace,good,slow_turner,143,18,34,4,11,0,0
375,10,middle,V Kohli,RHB,top,J Bumrah,pace,elite,slow_turner,143,24,45,4,11,0,0
375,11,middle,V Kohli,RHB,top,R Jadeja,spin,good,slow_turner,143,30,56,4,2,0,0
375,12,middle,V Kohli,RHB,top,M Shami,pace,good,slow_turner,143,36,58,4,7,0,1
375,13,middle,V Kohli,RHB,top,H Patel,pace,avg,slow_turner,143,42,65,4,11,0,1
375,14,middle,V Kohli,RHB,top,Y Chahal,spin,good,slow_turner,143,48,76,4,16,1,1
375,15,middle,S Gill,RHB,solid,T Boult,pace,good,slow_turner,143,0,92,5,5,0,0
375,16,death,S Gill,RHB,solid,J Bumrah,pace,elite,slow_turner,143,6,97,5,2,0,0
375,17,death,S Gill,RHB,solid,R Jadeja,spin,good,slow_turner,143,12,99,5,6,1,1
376,1,powerplay,N Pooran,LHB,top,M Shami,pace,good,slow_turner,198,0,0,0,11,0,0
376,2,powerplay,N Pooran,LHB,top,T Boult,pace,good,slow_turner,198,6,11,0,7,0,0
376,3,powerplay,N Pooran,LHB,top,Y Chahal,spin,good,slow_turner,198,12,18,0,8,0,0
376,4,powerplay,N Pooran,LHB,top,R Jadeja,spin,good,slow_turner,198,18,26,0,8,0,0
376,5,powerplay,N Pooran,LHB,top,A Rashid,spin,elite,slow_turner,198,24,34,0,7,0,1
376,6,powerplay,N Pooran,LHB,top,K Ahmed,pace,avg,slow_turner,198,30,41,0,9,0,1
376,7,middle,N Pooran,LHB,top,M Shami,pace,good,slow_turner,198,36,50,0,8,0,1
376,8,middle,N Pooran,LHB,top,T Boult,pace,good,slow_turner,198,42,58,0,6,0,0
376,9,middle,N Pooran,LHB,top,Y Chahal,spin,good,slow_turner,198,48,64,0,5,0,0
376,10,middle,N Pooran,LHB,top,R Jadeja,spin,good,slow_turner,198,54,69,0,6,0,0
376,11,middle,N Pooran,LHB,top,A Rashid,spin,elite,slow_turner,198,60,75,0,4,0,0
376,12,middle,N Pooran,LHB,top,K Ahmed,pace,avg,slow_turner,198,66,79,0,7,0,0
376,13,middle,N Pooran,LHB,top,M Shami,pace,good,slow_turner,198,72,86,0,8,0,0
376,14,middle,N Pooran,LHB,top,T Boult,pace,good,slow_turner,198,78,94,0,7,0,0
376,15,middle,N Pooran,LHB,top,Y Chahal,spin,good,slow_turner,198,84,101,0,6,0,0
376,16,death,N Pooran,LHB,top,R Jadeja,spin,good,slow_turner,198,90,107,0,9,0,0
376,17,death,N Pooran,LHB,top,A Rashid,spin,elite,slow_turner,198,96,116,0,6,1,0
376,18,death,R Parag,RHB,avg,K Ahmed,pace,avg,slow_turner,198,0,122,1,6,0,1
376,19,death,R Parag,RHB,avg,M Shami,pace,good,slow_turner,198,6,128,1,5,0,0
376,20,death,R Parag,RHB,avg,T Boult,pace,good,slow_turner,198,12,133,1,6,0,0
377,1,powerplay,R Sharma,RHB,top,J Bumrah,pace,elite,seaming_track,188,0,0,0,1,0,0
377,2,powerplay,R Sharma,RHB,top,H Patel,pace,avg,seaming_track,188,6,1,0,11,0,0
377,3,powerplay,R Sharma,RHB,top,K Ahmed,pace,avg,seaming_track,188,12,12,0,9,0,0
377,4,powerplay,R Sharma,RHB,top,A Rashid,spin,elite,seaming_track,188,18,21,0,3,0,1
377,5,powerplay,R Sharma,RHB,top,R Jadeja,spin,good,seaming_track,188,24,24,0,4,0,0
377,6,powerplay,R Sharma,RHB,top,T Boult,pace,good,seaming_track,188,30,28,0,5,0,0
377,7,middle,R Sharma,RHB,top,J Bumrah,pace,elite,seaming_track,188,36,33,0,6,0,0
377,8,middle,R Sharma,RHB,top,H Patel,pace,avg,seaming_track,188,42,39,0,17,0,2
377,9,middle,R Sharma,RHB,top,K Ahmed,pace,avg,seaming_track,188,48,56,0,9,0,0
377,10,middle,R Sharma,RHB,top,A Rashid,spin,elite,seaming_track,188,54,65,0,9,0,0
377,11,middle,R Sharma,RHB,top,R Jadeja,spin,good,seaming_track,188,60,74,0,3,1,1
377,12,middle,S Yadav,RHB,top,T Boult,pace,good,seaming_track,188,0,77,1,4,0,0
377,13,middle,S Yadav,RHB,top,J Bumrah,pace,elite,seaming_track,188,6,81,1,5,0,0
377,14,middle,S Yadav,RHB,top,H Patel,pace,avg,seaming_track,188,12,86,1,12,0,1
377,15,middle,S Yadav,RHB,top,K Ahmed,pace,avg,seaming_track,188,18,98,1,11,0,1
377,16,death,S Yadav,RHB,top,A Rashid,spin,elite,seaming_track,188,24,109,1,11,1,0
377,17,death,H Pandya,RHB,solid,R Jadeja,spin,good,seaming_track,188,0,120,2,2,0,0
377,18,death,H Pandya,RHB,solid,T Boult,pace,good,seaming_track,188,6,122,2,6,0,0
377,19,death,H Pandya,RHB,solid,J Bumrah,pace,elite,seaming_track,188,12,128,2,5,0,0
377,20,death,H Pandya,RHB,solid,H Patel,pace,avg,seaming_track,188,18,133,2,10,1,0
378,1,powerplay,S Gill,RHB,solid,H Patel,pace,avg,slow_turner,157,0,0,0,6,1,0
378,2,powerplay,R Parag,RHB,avg,Y Chahal,spin,good,slow_turner,157,0,6,1,0,1,0
378,3,powerplay,S Yadav,RHB,top,K Ahmed,pace,avg,slow_turner,157,0,6,2,3,0,0
378,4,powerplay,S Yadav,RHB,top,A Rashid,spin,elite,slow_turner,157,6,9,2,4,0,0
378,5,powerplay,S Yadav,RHB,top,M Shami,pace,good,slow_turner,157,12,13,2,4,0,0
378,6,powerplay,S Yadav,RHB,top,R Jadeja,spin,good,slow_turner,157,18,17,2,5,0,0
378,7,middle,S Yadav,RHB,top,H Patel,pace,avg,slow_turner,157,24,22,2,12,0,1
378,8,middle,S Yadav,RHB,top,Y Chahal,spin,good,slow_turner,157,30,34,2,4,0,0
378,9,middle,S Yadav,RHB,top,K Ahmed,pace,avg,slow_turner,157,36,38,2,14,0,1
378,10,middle,S Yadav,RHB,top,A Rashid,spin,elite,slow_turner,157,42,52,2,7,0,0
378,11,middle,S Yadav,RHB,top,M Shami,pace,good,slow_turner,157,48,59,2,8,0,0
378,12,middle,S Yadav,RHB,top,R Jadeja,spin,good,slow_turner,157,54,67,2,7,0,0
378,13,middle,S Yadav,RHB,top,H Patel,pace,avg,slow_turner,157,60,74,2,7,0,0
378,14,middle,S Yadav,RHB,top,Y Chahal,spin,good,slow_turner,157,66,81,2,9,0,0
378,15,middle,S Yadav,RHB,top,K Ahmed,pace,avg,slow_turner,157,72,90,2,7,0,0
378,16,death,S Yadav,RHB,top,A Rashid,spin,elite,slow_turner,157,78,97,2,2,1,0
378,17,death,R Pant,LHB,top,M Shami,pace,good,slow_turner,157,0,99,3,10,1,0
378,18,death,N Pooran,LHB,top,R Jadeja,spin,good,slow_turner,157,0,109,4,4,0,1
378,19,death,N Pooran,LHB,top,H Patel,pace,avg,slow_turner,157,6,113,4,13,1,2
378,20,death,H Pandya,RHB,solid,Y Chahal,spin,good,slow_turner,157,0,126,5,11,0,0
379,1,powerplay,D Padikkal,LHB,avg,M Shami,pace,good,seaming_track,131,0,0,0,3,0,0
379,2,powerplay,D Padikkal,LHB,avg,A Rashid,spin,elite,seaming_track,131,6,3,0,3,0,0
379,3,powerplay,D Padikkal,LHB,avg,J Bumrah,pace,elite,seaming_track,131,12,6,0,3,0,0
379,4,powerplay,D Padikkal,LHB,avg,Y Chahal,spin,good,seaming_track,131,18,9,0,2,1,1
379,5,powerplay,R Pant,LHB,top,K Ahmed,pace,avg,seaming_track,131,0,11,1,11,1,0
379,6,powerplay,KL Rahul,RHB,solid,T Boult,pace,good,seaming_track,131,0,22,2,3,0,0
379,7,middle,KL Rahul,RHB,solid,M Shami,pace,good,seaming_track,131,6,25,2,4,1,0
379,8,middle,S Gill,RHB,solid,A Rashid,spin,elite,seaming_track,131,0,29,3,3,0,0
379,9,middle,S Gill,RHB,solid,J Bumrah,pace,elite,seaming_track,131,6,32,3,5,0,0
379,10,middle,S Gill,RHB,solid,Y Chahal,spin,good,seaming_track,131,12,37,3,6,0,0
379,11,middle,S Gill,RHB,solid,K Ahmed,pace,avg,seaming_track,131,18,43,3,5,0,0
379,12,middle,S Gill,RHB,solid,T Boult,pace,good,seaming_track,131,24,48,3,13,0,1
379,13,middle,S Gill,RHB,solid,M Shami,pace,good,seaming_track,131,30,61,3,0,1,0
379,14,middle,N Pooran,LHB,top,A Rashid,spin,elite,seaming_track,131,0,61,4,2,0,0
379,15,middle,N Pooran,LHB,top,J Bumrah,pace,elite,seaming_track,131,6,63,4,4,1,0
379,16,death,H Pandya,RHB,solid,Y Chahal,spin,good,seaming_track,131,0,67,5,3,1,0
380,1,powerplay,V Kohli,RHB,top,R Jadeja,spin,good,seaming_track,146,0,0,0,3,1,0
380,2,powerplay,D Padikkal,LHB,avg,T Boult,pace,good,seaming_track,146,0,3,1,1,1,0
380,3,powerplay,R Pant,LHB,top,K Ahmed,pace,avg,seaming_track,146,0,4,2,11,1,0
380,4,powerplay,R Parag,RHB,avg,Y Chahal,spin,good,seaming_track,146,0,15,3,1,1,0
380,5,powerplay,S Gill,RHB,solid,H Patel,pace,avg,seaming_track,146,0,16,4,6,0,0
380,6,powerplay,S Gill,RHB,solid,J Bumrah,pace,elite,seaming_track,146,6,22,4,4,0,0
380,7,middle,S Gill,RHB,solid,R Jadeja,spin,good,seaming_track,146,12,26,4,6,0,0
380,8,middle,S Gill,RHB,solid,T Boult,pace,good,seaming_track,146,18,32,4,1,1,0
380,9,middle,H Pandya,RHB,solid,K Ahmed,pace,avg,seaming_track,146,0,33,5,8,0,1
380,10,middle,H Pandya,RHB,solid,Y Chahal,spin,good,seaming_track,146,6,41,5,4,0,0
380,11,middle,H Pandya,RHB,solid,H Patel,pace,avg,seaming_track,146,12,45,5,10,0,0
380,12,middle,H Pandya,RHB,solid,J Bumrah,pace,elite,seaming_track,146,18,55,5,2,0,0
380,13,middle,H Pandya,RHB,solid,R Jadeja,spin,good,seaming_track,146,24,57,5,6,0,0
380,14,middle,H Pandya,RHB,solid,T Boult,pace,good,seaming_track,146,30,63,5,6,0,1
380,15,middle,H Pandya,RHB,solid,K Ahmed,pace,avg,seaming_track,146,36,69,5,10,0,1
380,16,death,H Pandya,RHB,solid,Y Chahal,spin,good,seaming_track,146,42,79,5,11,0,1
380,17,death,H Pandya,RHB,solid,H Patel,pace,avg,seaming_track,146,48,90,5,9,1,0
381,1,powerplay,V Kohli,RHB,top,H Patel,pace,avg,slow_turner,199,0,0,0,7,0,0
381,2,powerplay,V Kohli,RHB,top,A Rashid,spin,elite,slow_turner,199,6,7,0,1,1,0
381,3,powerplay,KL Rahul,RHB,solid,Y Chahal,spin,good,slow_turner,199,0,8,1,5,1,1
381,4,powerplay,H Pandya,RHB,solid,R Jadeja,spin,good,slow_turner,199,0,13,2,5,0,0
381,5,powerplay,H Pandya,RHB,solid,M Shami,pace,good,slow_turner,199,6,18,2,2,0,0
381,6,powerplay,H Pandya,RHB,solid,T Boult,pace,good,slow_turner,199,12,20,2,9,0,0
381,7,middle,H Pandya,RHB,solid,H Patel,pace,avg,slow_turner,199,18,29,2,6,0,0
381,8,middle,H Pandya,RHB,solid,A Rashid,spin,elite,slow_turner,199,24,35,2,4,1,0
381,9,middle,R Parag,RHB,avg,Y Chahal,spin,good,slow_turner,199,0,39,3,0,0,0
381,10,middle,R Parag,RHB,avg,R Jadeja,spin,good,slow_turner,199,6,39,3,4,0,0
381,11,middle,R Parag,RHB,avg,M Shami,pace,good,slow_turner,199,12,43,3,5,0,0
381,12,middle,R Parag,RHB,avg,T Boult,pace,good,slow_turner,199,18,48,3,2,0,0
381,13,middle,R Parag,RHB,avg,H Patel,pace,avg,slow_turner,199,24,50,3,5,1,0
381,14,middle,D Padikkal,LHB,avg,A Rashid,spin,elite,slow_turner,199,0,55,4,0,1,0
381,15,middle,N Pooran,LHB,top,Y Chahal,spin,good,slow_turner,199,0,55,5,4,0,0
381,16,death,N Pooran,LHB,top,R Jadeja,spin,good,slow_turner,199,6,59,5,3,0,0
381,17,death,N Pooran,LHB,top,M Shami,pace,good,slow_turner,199,12,62,5,9,1,0
382,1,powerplay,KL Rahul,RHB,solid,Y Chahal,spin,good,slow_turner,163,0,0,0,1,1,0
382,2,powerplay,N Pooran,LHB,top,A Rashid,spin,elite,slow_turner,163,0,1,1,1,1,0
382,3,powerplay,R Parag,RHB,avg,M Shami,pace,good,slow_turner,163,0,2,2,7,0,0
382,4,powerplay,R Parag,RHB,avg,H Patel,pace,avg,slow_turner,163,6,9,2,6,0,0
382,5,powerplay,R Parag,RHB,avg,J Bumrah,pace,elite,slow_turner,163,12,15,2,0,1,0
382,6,powerplay,V Kohli,RHB,top,K Ahmed,pace,avg,slow_turner,163,0,15,3,10,1,1
382,7,middle,R Sharma,RHB,top,Y Chahal,spin,good,slow_turner,163,0,25,4,6,1,0
382,8,middle,D Padikkal,LHB,avg,A Rashid,spin,elite,slow_turner,163,0,31,5,2,0,0
382,9,middle,D Padikkal,LHB,avg,M Shami,pace,good,slow_turner,163,6,33,5,5,0,0
382,10,middle,D Padikkal,LHB,avg,H Patel,pace,avg,slow_turner,163,12,38,5,11,0,0
382,11,middle,D Padikkal,LHB,avg,J Bumrah,pace,elite,slow_turner,163,18,49,5,3,0,0
382,12,middle,D Padikkal,LHB,avg,K Ahmed,pace,avg,slow_turner,163,24,52,5,1,0,1
382,13,middle,D Padikkal,LHB,avg,Y Chahal,spin,good,slow_turner,163,30,53,5,5,0,0
382,14,middle,D Padikkal,LHB,avg,A Rashid,spin,elite,slow_turner,163,36,58,5,3,1,0
383,1,powerplay,R Parag,RHB,avg,R Jadeja,spin,good,seaming_track,133,0,0,0,0,1,0
383,2,powerplay,R Sharma,RHB,top,J Bumrah,pace,elite,seaming_track,133,0,0,1,6,0,0
383,3,powerplay,R Sharma,RHB,top,K Ahmed,pace,avg,seaming_track,133,6,6,1,10,1,0
383,4,powerplay,S Yadav,RHB,top,T Boult,pace,good,seaming_track,133,0,16,2,3,0,0
383,5,powerplay,S Yadav,RHB,top,A Rashid,spin,elite,seaming_track,133,6,19,2,6,0,0
383,6,powerplay,S Yadav,RHB,top,M Shami,pace,good,seaming_track,133,12,25,2,9,1,0
383,7,middle,R Pant,LHB,top,R Jadeja,spin,good,seaming_track,133,0,34,3,7,0,0
383,8,middle,R Pant,LHB,top,J Bumrah,pace,elite,seaming_track,133,6,41,3,3,0,0
383,9,middle,R Pant,LHB,top,K Ahmed,pace,avg,seaming_track,133,12,44,3,9,0,0
383,10,middle,R Pant,LHB,top,T Boult,pace,good,seaming_track,133,18,53,3,10,1,0
383,11,middle,V Kohli,RHB,top,A Rashid,spin,elite,seaming_track,133,0,63,4,4,0,0
383,12,middle,V Kohli,RHB,top,M Shami,pace,good,seaming_track,133,6,67,4,5,0,0
383,13,middle,V Kohli,RHB,top,R Jadeja,spin,good,seaming_track,133,12,72,4,7,0,0
383,14,middle,V Kohli,RHB,top,J Bumrah,pace,elite,seaming_track,133,18,79,4,6,0,0
383,15,middle,V Kohli,RHB,top,K Ahmed,pace,avg,seaming_track,133,24,85,4,8,0,0
383,16,death,V Kohli,RHB,top,T Boult,pace,good,seaming_track,133,30,93,4,6,0,0
383,17,death,V Kohli,RHB,top,A Rashid,spin,elite,seaming_track,133,36,99,4,8,1,0
383,18,death,N Pooran,LHB,top,M Shami,pace,good,seaming_track,133,0,107,5,5,0,1
383,19,death,N Pooran,LHB,top,R Jadeja,spin,good,seaming_track,133,6,112,5,6,0,0
383,20,death,N Pooran,LHB,top,J Bumrah,pace,elite,seaming_track,133,12,118,5,6,1,1
384,1,powerplay,N Pooran,LHB,top,K Ahmed,pace,avg,seaming_track,198,0,0,0,5,0,0
384,2,powerplay,N Pooran,LHB,top,H Patel,pace,avg,seaming_track,198,6,5,0,14,1,1
384,3,powerplay,V Kohli,RHB,top,J Bumrah,pace,elite,seaming_track,198,0,19,1,9,1,0
384,4,powerplay,H Pandya,RHB,solid,Y Chahal,spin,good,seaming_track,198,0,28,2,7,0,0
384,5,powerplay,H Pandya,RHB,solid,A Rashid,spin,elite,seaming_track,198,6,35,2,5,1,0
384,6,powerplay,D Padikkal,LHB,avg,M Shami,pace,good,seaming_track,198,0,40,3,4,1,0
384,7,middle,R Sharma,RHB,top,K Ahmed,pace,avg,seaming_track,198,0,44,4,12,0,1
384,8,middle,R Sharma,RHB,top,H Patel,pace,avg,seaming_track,198,6,56,4,5,0,0
384,9,middle,R Sharma,RHB,top,J Bumrah,pace,elite,seaming_track,198,12,61,4,9,0,0
384,10,middle,R Sharma,RHB,top,Y Chahal,spin,good,seaming_track,198,18,70,4,5,0,0
384,11,middle,R Sharma,RHB,top,A Rashid,spin,elite,seaming_track,198,24,75,4,6,0,0
384,12,middle,R Sharma,RHB,top,M Shami,pace,good,seaming_track,198,30,81,4,8,0,0
384,13,middle,R Sharma,RHB,top,K Ahmed,pace,avg,seaming_track,198,36,89,4,10,0,0
384,14,middle,R Sharma,RHB,top,H Patel,pace,avg,seaming_track,198,42,99,4,12,0,2
384,15,middle,R Sharma,RHB,top,J Bumrah,pace,elite,seaming_track,198,48,111,4,8,0,0
384,16,death,R Sharma,RHB,top,Y Chahal,spin,good,seaming_track,198,54,119,4,8,0,0
384,17,death,R Sharma,RHB,top,A Rashid,spin,elite,seaming_track,198,60,127,4,12,0,1
384,18,death,R Sharma,RHB,top,M Shami,pace,good,seaming_track,198,66,139,4,13,1,2
384,19,death,KL Rahul,RHB,solid,K Ahmed,pace,avg,seaming_track,198,0,152,5,10,1,0
385,1,powerplay,R Sharma,RHB,top,K Ahmed,pace,avg,seaming_track,205,0,0,0,7,0,0
385,2,powerplay,R Sharma,RHB,top,Y Chahal,spin,good,seaming_track,205,6,7,0,6,0,0
385,3,powerplay,R Sharma,RHB,top,R Jadeja,spin,good,seaming_track,205,12,13,0,3,1,0
385,4,powerplay,V Kohli,RHB,top,H Patel,pace,avg,seaming_track,205,0,16,1,6,1,0
385,5,powerplay,R Pant,LHB,top,T Boult,pace,good,seaming_track,205,0,22,2,3,0,1
385,6,powerplay,R Pant,LHB,top,A Rashid,spin,elite,seaming_track,205,6,25,2,4,1,0
385,7,middle,H Pandya,RHB,solid,K Ahmed,pace,avg,seaming_track,205,0,29,3,6,0,0
385,8,middle,H Pandya,RHB,solid,Y Chahal,spin,good,seaming_track,205,6,35,3,9,0,0
385,9,middle,H Pandya,RHB,solid,R Jadeja,spin,good,seaming_track,205,12,44,3,6,0,0
385,10,middle,H Pandya,RHB,solid,H Patel,pace,avg,seaming_track,205,18,50,3,6,0,0
385,11,middle,H Pandya,RHB,solid,T Boult,pace,good,seaming_track,205,24,56,3,10,0,0
385,12,middle,H Pandya,RHB,solid,A Rashid,spin,elite,seaming_track,205,30,66,3,2,1,0
385,13,middle,KL Rahul,RHB,solid,K Ahmed,pace,avg,seaming_track,205,0,68,4,3,1,0
385,14,middle,N Pooran,LHB,top,Y Chahal,spin,good,seaming_track,205,0,71,5,3,0,0
385,15,middle,N Pooran,LHB,top,R Jadeja,spin,good,seaming_track,205,6,74,5,2,1,0
386,1,powerplay,S Yadav,RHB,top,A Rashid,spin,elite,slow_turner,174,0,0,0,3,1,0
386,2,powerplay,S Gill,RHB,solid,K Ahmed,pace,avg,slow_turner,174,0,3,1,6,1,0
386,3,powerplay,R Pant,LHB,top,T Boult,pace,good,slow_turner,174,0,9,2,4,1,0
386,4,powerplay,H Pandya,RHB,solid,J Bumrah,pace,elite,slow_turner,174,0,13,3,2,1,0
386,5,powerplay,KL Rahul,RHB,solid,M Shami,pace,good,slow_turner,174,0,15,4,3,1,0
386,6,powerplay,V Kohli,RHB,top,H Patel,pace,avg,slow_turner,174,0,18,5,9,0,0
386,7,middle,V Kohli,RHB,top,A Rashid,spin,elite,slow_turner,174,6,27,5,4,0,0
386,8,middle,V Kohli,RHB,top,K Ahmed,pace,avg,slow_turner,174,12,31,5,7,0,0
386,9,middle,V Kohli,RHB,top,T Boult,pace,good,slow_turner,174,18,38,5,7,0,0
386,10,middle,V Kohli,RHB,top,J Bumrah,pace,elite,slow_turner,174,24,45,5,5,0,1
386,11,middle,V Kohli,RHB,top,M Shami,pace,good,slow_turner,174,30,50,5,5,0,0
386,12,middle,V Kohli,RHB,top,H Patel,pace,avg,slow_turner,174,36,55,5,6,0,0
386,13,middle,V Kohli,RHB,top,A Rashid,spin,elite,slow_turner,174,42,61,5,13,0,1
386,14,middle,V Kohli,RHB,top,K Ahmed,pace,avg,slow_turner,174,48,74,5,10,0,0
386,15,middle,V Kohli,RHB,top,T Boult,pace,good,slow_turner,174,54,84,5,9,1,0
387,1,powerplay,V Kohli,RHB,top,R Jadeja,spin,good,slow_turner,162,0,0,0,6,0,0
387,2,powerplay,V Kohli,RHB,top,K Ahmed,pace,avg,slow_turner,162,6,6,0,6,1,0
387,3,powerplay,KL Rahul,RHB,solid,H Patel,pace,avg,slow_turner,162,0,12,1,5,0,0
387,4,powerplay,KL Rahul,RHB,solid,Y Chahal,spin,good,slow_turner,162,6,17,1,1,0,0
387,5,powerplay,KL Rahul,RHB,solid,J Bumrah,pace,elite,slow_turner,162,12,18,1,7,0,0
387,6,powerplay,KL Rahul,RHB,solid,M Shami,pace,good,slow_turner,162,18,25,1,0,1,0
387,7,middle,R Parag,RHB,avg,R Jadeja,spin,good,slow_turner,162,0,25,2,2,0,0
387,8,middle,R Parag,RHB,avg,K Ahmed,pace,avg,slow_turner,162,6,27,2,3,0,0
387,9,middle,R Parag,RHB,avg,H Patel,pace,avg,slow_turner,162,12,30,2,5,0,0
387,10,middle,R Parag,RHB,avg,Y Chahal,spin,good,slow_turner,162,18,35,2,2,0,0
387,11,middle,R Parag,RHB,avg,J Bumrah,pace,elite,slow_turner,162,24,37,2,4,1,0
387,12,middle,S Yadav,RHB,top,M Shami,pace,good,slow_turner,162,0,41,3,6,0,1
387,13,middle,S Yadav,RHB,top,R Jadeja,spin,good,slow_turner,162,6,47,3,14,1,1
387,14,middle,R Pant,LHB,top,K Ahmed,pace,avg,slow_turner,162,0,61,4,6,0,1
387,15,middle,R Pant,LHB,top,H Patel,pace,avg,slow_turner,162,6,67,4,5,0,1
387,16,death,R Pant,LHB,top,Y Chahal,spin,good,slow_turner,162,12,72,4,9,1,0
387,17,death,S Gill,RHB,solid,J Bumrah,pace,elite,slow_turner,162,0,81,5,5,1,0
388,1,powerplay,R Sharma,RHB,top,H Patel,pace,avg,seaming_track,147,0,0,0,5,0,0
388,2,powerplay,R Sharma,RHB,top,K Ahmed,pace,avg,seaming_track,147,6,5,0,8,1,0
388,3,powerplay,R Parag,RHB,avg,T Boult,pace,good,seaming_track,147,0,13,1,4,0,0
388,4,powerplay,R Parag,RHB,avg,A Rashid,spin,elite,seaming_track,147,6,17,1,2,1,0
388,5,powerplay,KL Rahul,RHB,solid,M Shami,pace,good,seaming_track,147,0,19,2,3,1,0
388,6,powerplay,S Yadav,RHB,top,R Jadeja,spin,good,seaming_track,147,0,22,3,9,0,1
388,7,middle,S Yadav,RHB,top,H Patel,pace,avg,seaming_track,147,6,31,3,11,0,0
388,8,middle,S Yadav,RHB,top,K Ahmed,pace,avg,seaming_track,147,12,42,3,10,0,0
388,9,middle,S Yadav,RHB,top,T Boult,pace,good,seaming_track,147,18,52,3,13,0,1
388,10,middle,S Yadav,RHB,top,A Rashid,spin,elite,seaming_track,147,24,65,3,7,1,0
388,11,middle,D Padikkal,LHB,avg,M Shami,pace,good,seaming_track,147,0,72,4,5,1,0
388,12,middle,N Pooran,LHB,top,R Jadeja,spin,good,seaming_track,147,0,77,5,6,0,0
388,13,middle,N Pooran,LHB,top,H Patel,pace,avg,seaming_track,147,6,83,5,7,0,1
388,14,middle,N Pooran,LHB,top,K Ahmed,pace,avg,seaming_track,147,12,90,5,10,0,0
388,15,middle,N Pooran,LHB,top,T Boult,pace,good,seaming_track,147,18,100,5,9,0,0
388,16,death,N Pooran,LHB,top,A Rashid,spin,elite,seaming_track,147,24,109,5,11,0,0
388,17,death,N Pooran,LHB,top,M Shami,pace,good,seaming_track,147,30,120,5,8,1,0
389,1,powerplay,D Padikkal,LHB,avg,T Boult,pace,good,seaming_track,136,0,0,0,4,1,0
389,2,powerplay,KL Rahul,RHB,solid,K Ahmed,pace,avg,seaming_track,136,0,4,1,5,1,0
389,3,powerplay,R Pant,LHB,top,M Shami,pace,good,seaming_track,136,0,9,2,4,0,0
389,4,powerplay,R Pant,LHB,top,R Jadeja,spin,good,seaming_track,136,6,13,2,10,0,0
389,5,powerplay,R Pant,LHB,top,J Bumrah,pace,elite,seaming_track,136,12,23,2,13,0,2
389,6,powerplay,R Pant,LHB,top,Y Chahal,spin,good,seaming_track,136,18,36,2,11,0,0
389,7,middle,R Pant,LHB,top,T Boult,pace,good,seaming_track,136,24,47,2,8,0,0
389,8,middle,R Pant,LHB,top,K Ahmed,pace,avg,seaming_track,136,30,55,2,7,0,0
389,9,middle,R Pant,LHB,top,M Shami,pace,good,seaming_track,136,36,62,2,10,0,0
389,10,middle,R Pant,LHB,top,R Jadeja,spin,good,seaming_track,136,42,72,2,6,0,0
389,11,middle,R Pant,LHB,top,J Bumrah,pace,elite,seaming_track,136,48,78,2,3,1,0
389,12,middle,S Yadav,RHB,top,Y Chahal,spin,good,seaming_track,136,0,81,3,6,1,0
389,13,middle,R Parag,RHB,avg,T Boult,pace,good,seaming_track,136,0,87,4,3,0,0
389,14,middle,R Parag,RHB,avg,K Ahmed,pace,avg,seaming_track,136,6,90,4,2,0,0
389,15,middle,R Parag,RHB,avg,M Shami,pace,good,seaming_track,136,12,92,4,9,0,0
389,16,death,R Parag,RHB,avg,R Jadeja,spin,good,seaming_track,136,18,101,4,5,0,0
389,17,death,R Parag,RHB,avg,J Bumrah,pace,elite,seaming_track,136,24,106,4,7,0,0
389,18,death,R Parag,RHB,avg,Y Chahal,spin,good,seaming_track,136,30,113,4,11,0,0
389,19,death,R Parag,RHB,avg,T Boult,pace,good,seaming_track,136,36,124,4,4,1,0
389,20,death,H Pandya,RHB,solid,K Ahmed,pace,avg,seaming_track,136,0,128,5,8,0,0
390,1,powerplay,S Yadav,RHB,top,M Shami,pace,good,balanced,171,0,0,0,9,0,0
390,2,powerplay,S Yadav,RHB,top,K Ahmed,pace,avg,balanced,171,6,9,0,13,0,1
390,3,powerplay,S Yadav,RHB,top,Y Chahal,spin,good,balanced,171,12,22,0,8,0,0
390,4,powerplay,S Yadav,RHB,top,H Patel,pace,avg,balanced,171,18,30,0,18,0,2
390,5,powerplay,S Yadav,RHB,top,T Boult,pace,good,balanced,171,24,48,0,13,0,2
390,6,powerplay,S Yadav,RHB,top,R Jadeja,spin,good,balanced,171,30,61,0,4,0,1
390,7,middle,S Yadav,RHB,top,M Shami,pace,good,balanced,171,36,65,0,8,1,1
390,8,middle,R Pant,LHB,top,K Ahmed,pace,avg,balanced,171,0,73,1,9,0,0
390,9,middle,R Pant,LHB,top,Y Chahal,spin,good,balanced,171,6,82,1,5,1,0
390,10,middle,V Kohli,RHB,top,H Patel,pace,avg,balanced,171,0,87,2,7,0,0
390,11,middle,V Kohli,RHB,top,T Boult,pace,good,balanced,171,6,94,2,8,0,0
390,12,middle,V Kohli,RHB,top,R Jadeja,spin,good,balanced,171,12,102,2,4,1,0
390,13,middle,S Gill,RHB,solid,M Shami,pace,good,balanced,171,0,106,3,6,0,0
390,14,middle,S Gill,RHB,solid,K Ahmed,pace,avg,balanced,171,6,112,3,5,0,0
390,15,middle,S Gill,RHB,solid,Y Chahal,spin,good,balanced,171,12,117,3,7,0,0
390,16,death,S Gill,RHB,solid,H Patel,pace,avg,balanced,171,18,124,3,8,0,0
390,17,death,S Gill,RHB,solid,T Boult,pace,good,balanced,171,24,132,3,8,1,0
390,18,death,D Padikkal,LHB,avg,R Jadeja,spin,good,balanced,171,0,140,4,5,0,0
390,19,death,D Padikkal,LHB,avg,M Shami,pace,good,balanced,171,6,145,4,3,1,0
390,20,death,N Pooran,LHB,top,K Ahmed,pace,avg,balanced,171,0,148,5,14,0,2
391,1,powerplay,D Padikkal,LHB,avg,H Patel,pace,avg,seaming_track,142,0,0,0,1,1,0
391,2,powerplay,R Parag,RHB,avg,Y Chahal,spin,good,seaming_track,142,0,1,1,1,1,0
391,3,powerplay,V Kohli,RHB,top,M Shami,pace,good,seaming_track,142,0,2,2,7,0,0
391,4,powerplay,V Kohli,RHB,top,J Bumrah,pace,elite,seaming_track,142,6,9,2,7,1,0
391,5,powerplay,R Pant,LHB,top,R Jadeja,spin,good,seaming_track,142,0,16,3,4,0,0
391,6,powerplay,R Pant,LHB,top,A Rashid,spin,elite,seaming_track,142,6,20,3,5,0,0
391,7,middle,R Pant,LHB,top,H Patel,pace,avg,seaming_track,142,12,25,3,8,1,0
391,8,middle,KL Rahul,RHB,solid,Y Chahal,spin,good,seaming_track,142,0,33,4,0,1,0
391,9,middle,N Pooran,LHB,top,M Shami,pace,good,seaming_track,142,0,33,5,7,0,0
391,10,middle,N Pooran,LHB,top,J Bumrah,pace,elite,seaming_track,142,6,40,5,5,0,0
391,11,middle,N Pooran,LHB,top,R Jadeja,spin,good,seaming_track,142,12,45,5,3,0,0
391,12,middle,N Pooran,LHB,top,A Rashid,spin,elite,seaming_track,142,18,48,5,6,1,0
392,1,powerplay,R Pant,LHB,top,H Patel,pace,avg,seaming_track,152,0,0,0,4,0,0
392,2,powerplay,R Pant,LHB,top,K Ahmed,pace,avg,seaming_track,152,6,4,0,10,0,0
392,3,powerplay,R Pant,LHB,top,R Jadeja,spin,good,seaming_track,152,12,14,0,8,0,0
392,4,powerplay,R Pant,LHB,top,T Boult,pace,good,seaming_track,152,18,22,0,8,0,0
392,5,powerplay,R Pant,LHB,top,J Bumrah,pace,elite,seaming_track,152,24,30,0,13,0,1
392,6,powerplay,R Pant,LHB,top,A Rashid,spin,elite,seaming_track,152,30,43,0,9,0,1
392,7,middle,R Pant,LHB,top,H Patel,pace,avg,seaming_track,152,36,52,0,12,0,2
392,8,middle,R Pant,LHB,top,K Ahmed,pace,avg,seaming_track,152,42,64,0,10,0,0
392,9,middle,R Pant,LHB,top,R Jadeja,spin,good,seaming_track,152,48,74,0,9,1,0
392,10,middle,D Padikkal,LHB,avg,T Boult,pace,good,seaming_track,152,0,83,1,2,1,0
392,11,middle,R Sharma,RHB,top,J Bumrah,pace,elite,seaming_track,152,0,85,2,6,0,0
392,12,middle,R Sharma,RHB,top,A Rashid,spin,elite,seaming_track,152,6,91,2,4,1,0
392,13,middle,V Kohli,RHB,top,H Patel,pace,avg,seaming_track,152,0,95,3,9,0,1
392,14,middle,V Kohli,RHB,top,K Ahmed,pace,avg,seaming_track,152,6,104,3,7,0,0
392,15,middle,V Kohli,RHB,top,R Jadeja,spin,good,seaming_track,152,12,111,3,4,1,0
392,16,death,N Pooran,LHB,top,T Boult,pace,good,seaming_track,152,0,115,4,8,0,0
392,17,death,N Pooran,LHB,top,J Bumrah,pace,elite,seaming_track,152,6,123,4,10,0,0
392,18,death,N Pooran,LHB,top,A Rashid,spin,elite,seaming_track,152,12,133,4,6,1,0
392,19,death,R Parag,RHB,avg,H Patel,pace,avg,seaming_track,152,0,139,5,3,1,0
393,1,powerplay,S Yadav,RHB,top,H Patel,pace,avg,slow_turner,144,0,0,0,10,0,0
393,2,powerplay,S Yadav,RHB,top,A Rashid,spin,elite,slow_turner,144,6,10,0,3,0,0
393,3,powerplay,S Yadav,RHB,top,Y Chahal,spin,good,slow_turner,144,12,13,0,6,0,0
393,4,powerplay,S Yadav,RHB,top,K Ahmed,pace,avg,slow_turner,144,18,19,0,7,0,0
393,5,powerplay,S Yadav,RHB,top,J Bumrah,pace,elite,slow_turner,144,24,26,0,11,0,0
393,6,powerplay,S Yadav,RHB,top,M Shami,pace,good,slow_turner,144,30,37,0,3,0,0
393,7,middle,S Yadav,RHB,top,H Patel,pace,avg,slow_turner,144,36,40,0,11,1,0
393,8,middle,N Pooran,LHB,top,A Rashid,spin,elite,slow_turner,144,0,51,1,8,0,0
393,9,middle,N Pooran,LHB,top,Y Chahal,spin,good,slow_turner,144,6,59,1,8,0,0
393,10,middle,N Pooran,LHB,top,K Ahmed,pace,avg,slow_turner,144,12,67,1,15,0,1
393,11,middle,N Pooran,LHB,top,J Bumrah,pace,elite,slow_turner,144,18,82,1,5,0,1
393,12,middle,N Pooran,LHB,top,M Shami,pace,good,slow_turner,144,24,87,1,6,1,1
393,13,middle,D Padikkal,LHB,avg,H Patel,pace,avg,slow_turner,144,0,93,2,2,0,0
393,14,middle,D Padikkal,LHB,avg,A Rashid,spin,elite,slow_turner,144,6,95,2,5,0,0
393,15,middle,D Padikkal,LHB,avg,Y Chahal,spin,good,slow_turner,144,12,100,2,5,1,0
393,16,death,H Pandya,RHB,solid,K Ahmed,pace,avg,slow_turner,144,0,105,3,7,1,1
393,17,death,R Sharma,RHB,top,J Bumrah,pace,elite,slow_turner,144,0,112,4,5,0,0
393,18,death,R Sharma,RHB,top,M Shami,pace,good,slow_turner,144,6,117,4,8,1,0
393,19,death,V Kohli,RHB,top,H Patel,pace,avg,slow_turner,144,0,125,5,12,0,2
393,20,death,V Kohli,RHB,top,A Rashid,spin,elite,slow_turner,144,6,137,5,5,0,0
394,1,powerplay,R Sharma,RHB,top,M Shami,pace,good,slow_turner,187,0,0,0,12,0,1
394,2,powerplay,R Sharma,RHB,top,R Jadeja,spin,good,slow_turner,187,6,12,0,5,1,1
394,3,powerplay,S Yadav,RHB,top,Y Chahal,spin,good,slow_turner,187,0,17,1,3,1,0
394,4,powerplay,R Parag,RHB,avg,T Boult,pace,good,slow_turner,187,0,20,2,6,1,0
394,5,powerplay,D Padikkal,LHB,avg,J Bumrah,pace,elite,slow_turner,187,0,26,3,1,1,0
394,6,powerplay,V Kohli,RHB,top,H Patel,pace,avg,slow_turner,187,0,27,4,6,1,0
394,7,middle,S Gill,RHB,solid,M Shami,pace,good,slow_turner,187,0,33,5,2,1,1
395,1,powerplay,V Kohli,RHB,top,J Bumrah,pace,elite,balanced,175,0,0,0,1,1,0
395,2,powerplay,S Gill,RHB,solid,A Rashid,spin,elite,balanced,175,0,1,1,1,0,0
395,3,powerplay,S Gill,RHB,solid,T Boult,pace,good,balanced,175,6,2,1,3,0,0
395,4,powerplay,S Gill,RHB,solid,Y Chahal,spin,good,balanced,175,12,5,1,7,1,0
395,5,powerplay,D Padikkal,LHB,avg,R Jadeja,spin,good,balanced,175,0,12,2,3,0,0
395,6,powerplay,D Padikkal,LHB,avg,K Ahmed,pace,avg,balanced,175,6,15,2,4,0,0
395,7,middle,D Padikkal,LHB,avg,J Bumrah,pace,elite,balanced,175,12,19,2,6,0,0
395,8,middle,D Padikkal,LHB,avg,A Rashid,spin,elite,balanced,175,18,25,2,5,1,0
395,9,middle,R Pant,LHB,top,T Boult,pace,good,balanced,175,0,30,3,10,0,0
395,10,middle,R Pant,LHB,top,Y Chahal,spin,good,balanced,175,6,40,3,8,0,0
395,11,middle,R Pant,LHB,top,R Jadeja,spin,good,balanced,175,12,48,3,11,1,0
395,12,middle,R Parag,RHB,avg,K Ahmed,pace,avg,balanced,175,0,59,4,7,0,0
395,13,middle,R Parag,RHB,avg,J Bumrah,pace,elite,balanced,175,6,66,4,6,0,0
395,14,middle,R Parag,RHB,avg,A Rashid,spin,elite,balanced,175,12,72,4,6,1,0
395,15,middle,R Sharma,RHB,top,T Boult,pace,good,balanced,175,0,78,5,7,1,1
396,1,powerplay,D Padikkal,LHB,avg,A Rashid,spin,elite,seaming_track,146,0,0,0,4,0,0
396,2,powerplay,D Padikkal,LHB,avg,K Ahmed,pace,avg,seaming_track,146,6,4,0,4,0,0
396,3,powerplay,D Padikkal,LHB,avg,H Patel,pace,avg,seaming_track,146,12,8,0,7,1,1
396,4,powerplay,S Yadav,RHB,top,J Bumrah,pace,elite,seaming_track,146,0,15,1,9,0,0
396,5,powerplay,S Yadav,RHB,top,Y Chahal,spin,good,seaming_track,146,6,24,1,11,0,0
396,6,powerplay,S Yadav,RHB,top,M Shami,pace,good,seaming_track,146,12,35,1,11,0,0
396,7,middle,S Yadav,RHB,top,A Rashid,spin,elite,seaming_track,146,18,46,1,3,0,0
396,8,middle,S Yadav,RHB,top,K Ahmed,pace,avg,seaming_track,146,24,49,1,15,1,2
396,9,middle,R Sharma,RHB,top,H Patel,pace,avg,seaming_track,146,0,64,2,16,1,1
396,10,middle,H Pandya,RHB,solid,J Bumrah,pace,elite,seaming_track,146,0,80,3,5,0,0
396,11,middle,H Pandya,RHB,solid,Y Chahal,spin,good,seaming_track,146,6,85,3,9,0,0
396,12,middle,H Pandya,RHB,solid,M Shami,pace,good,seaming_track,146,12,94,3,7,0,0
396,13,middle,H Pandya,RHB,solid,A Rashid,spin,elite,seaming_track,146,18,101,3,2,1,0
396,14,middle,KL Rahul,RHB,solid,K Ahmed,pace,avg,seaming_track,146,0,103,4,6,0,0
396,15,middle,KL Rahul,RHB,solid,H Patel,pace,avg,seaming_track,146,6,109,4,6,1,0
396,16,death,S Gill,RHB,solid,J Bumrah,pace,elite,seaming_track,146,0,115,5,6,1,0
397,1,powerplay,V Kohli,RHB,top,R Jadeja,spin,good,batting_paradise,175,0,0,0,11,0,1
397,2,powerplay,V Kohli,RHB,top,M Shami,pace,good,batting_paradise,175,6,11,0,15,0,1
397,3,powerplay,V Kohli,RHB,top,Y Chahal,spin,good,batting_paradise,175,12,26,0,8,1,0
397,4,powerplay,S Gill,RHB,solid,T Boult,pace,good,batting_paradise,175,0,34,1,6,0,0
397,5,powerplay,S Gill,RHB,solid,J Bumrah,pace,elite,batting_paradise,175,6,40,1,7,1,0
397,6,powerplay,S Yadav,RHB,top,K Ahmed,pace,avg,batting_paradise,175,0,47,2,13,0,2
397,7,middle,S Yadav,RHB,top,R Jadeja,spin,good,batting_paradise,175,6,60,2,8,0,0
397,8,middle,S Yadav,RHB,top,M Shami,pace,good,batting_paradise,175,12,68,2,12,0,1
397,9,middle,S Yadav,RHB,top,Y Chahal,spin,good,batting_paradise,175,18,80,2,10,0,0
397,10,middle,S Yadav,RHB,top,T Boult,pace,good,batting_paradise,175,24,90,2,9,0,0
397,11,middle,S Yadav,RHB,top,J Bumrah,pace,elite,batting_paradise,175,30,99,2,8,0,1
397,12,middle,S Yadav,RHB,top,K Ahmed,pace,avg,batting_paradise,175,36,107,2,11,0,1
397,13,middle,S Yadav,RHB,top,R Jadeja,spin,good,batting_paradise,175,42,118,2,15,0,1
397,14,middle,S Yadav,RHB,top,M Shami,pace,good,batting_paradise,175,48,133,2,17,1,1
397,15,middle,R Parag,RHB,avg,Y Chahal,spin,good,batting_paradise,175,0,150,3,3,0,0
397,16,death,R Parag,RHB,avg,T Boult,pace,good,batting_paradise,175,6,153,3,5,1,0
397,17,death,R Pant,LHB,top,J Bumrah,pace,elite,batting_paradise,175,0,158,4,14,1,1
397,18,death,H Pandya,RHB,solid,K Ahmed,pace,avg,batting_paradise,175,0,172,5,13,0,1
397,19,death,H Pandya,RHB,solid,R Jadeja,spin,good,batting_paradise,175,6,185,5,12,0,2
397,20,death,H Pandya,RHB,solid,M Shami,pace,good,batting_paradise,175,12,197,5,9,0,0
398,1,powerplay,S Gill,RHB,solid,H Patel,pace,avg,seaming_track,133,0,0,0,2,1,0
398,2,powerplay,R Parag,RHB,avg,T Boult,pace,good,seaming_track,133,0,2,1,6,0,0
398,3,powerplay,R Parag,RHB,avg,R Jadeja,spin,good,seaming_track,133,6,8,1,5,0,0
398,4,powerplay,R Parag,RHB,avg,K Ahmed,pace,avg,seaming_track,133,12,13,1,4,1,0
398,5,powerplay,H Pandya,RHB,solid,J Bumrah,pace,elite,seaming_track,133,0,17,2,5,1,0
398,6,powerplay,D Padikkal,LHB,avg,M Shami,pace,good,seaming_track,133,0,22,3,0,1,0
398,7,middle,KL Rahul,RHB,solid,H Patel,pace,avg,seaming_track,133,0,22,4,4,0,0
398,8,middle,KL Rahul,RHB,solid,T Boult,pace,good,seaming_track,133,6,26,4,3,0,0
398,9,middle,KL Rahul,RHB,solid,R Jadeja,spin,good,seaming_track,133,12,29,4,4,0,0
398,10,middle,KL Rahul,RHB,solid,K Ahmed,pace,avg,seaming_track,133,18,33,4,6,0,0
398,11,middle,KL Rahul,RHB,solid,J Bumrah,pace,elite,seaming_track,133,24,39,4,5,0,0
398,12,middle,KL Rahul,RHB,solid,M Shami,pace,good,seaming_track,133,30,44,4,6,0,0
398,13,middle,KL Rahul,RHB,solid,H Patel,pace,avg,seaming_track,133,36,50,4,4,1,0
398,14,middle,R Sharma,RHB,top,T Boult,pace,good,seaming_track,133,0,54,5,3,0,0
398,15,middle,R Sharma,RHB,top,R Jadeja,spin,good,seaming_track,133,6,57,5,4,0,0
398,16,death,R Sharma,RHB,top,K Ahmed,pace,avg,seaming_track,133,12,61,5,10,0,1
398,17,death,R Sharma,RHB,top,J Bumrah,pace,elite,seaming_track,133,18,71,5,7,1,1
399,1,powerplay,D Padikkal,LHB,avg,H Patel,pace,avg,batting_paradise,139,0,0,0,5,0,0
399,2,powerplay,D Padikkal,LHB,avg,T Boult,pace,good,batting_paradise,139,6,5,0,3,1,0
399,3,powerplay,S Gill,RHB,solid,J Bumrah,pace,elite,batting_paradise,139,0,8,1,4,0,0
399,4,powerplay,S Gill,RHB,solid,R Jadeja,spin,good,batting_paradise,139,6,12,1,4,0,1
399,5,powerplay,S Gill,RHB,solid,M Shami,pace,good,batting_paradise,139,12,16,1,11,0,0
399,6,powerplay,S Gill,RHB,solid,A Rashid,spin,elite,batting_paradise,139,18,27,1,10,0,0
399,7,middle,S Gill,RHB,solid,H Patel,pace,avg,batting_paradise,139,24,37,1,9,0,0
399,8,middle,S Gill,RHB,solid,T Boult,pace,good,batting_paradise,139,30,46,1,9,0,0
399,9,middle,S Gill,RHB,solid,J Bumrah,pace,elite,batting_paradise,139,36,55,1,9,0,1
399,10,middle,S Gill,RHB,solid,R Jadeja,spin,good,batting_paradise,139,42,64,1,6,0,0
399,11,middle,S Gill,RHB,solid,M Shami,pace,good,batting_paradise,139,48,70,1,13,0,1
399,12,middle,S Gill,RHB,solid,A Rashid,spin,elite,batting_paradise,139,54,83,1,9,0,0
399,13,middle,S Gill,RHB,solid,H Patel,pace,avg,batting_paradise,139,60,92,1,9,0,0
399,14,middle,S Gill,RHB,solid,T Boult,pace,good,batting_paradise,139,66,101,1,11,0,1
399,15,middle,S Gill,RHB,solid,J Bumrah,pace,elite,batting_paradise,139,72,112,1,16,0,1
399,16,death,S Gill,RHB,solid,R Jadeja,spin,good,batting_paradise,139,78,128,1,21,0,1
399,17,death,S Gill,RHB,solid,M Shami,pace,good,batting_paradise,139,84,149,1,16,0,2
399,18,death,S Gill,RHB,solid,A Rashid,spin,elite,batting_paradise,139,90,165,1,11,0,1
399,19,death,S Gill,RHB,solid,H Patel,pace,avg,batting_paradise,139,96,176,1,16,1,1
399,20,death,N Pooran,LHB,top,T Boult,pace,good,batting_paradise,139,0,192,2,8,0,1
400,1,powerplay,R Sharma,RHB,top,M Shami,pace,good,slow_turner,163,0,0,0,9,0,0
400,2,powerplay,R Sharma,RHB,top,J Bumrah,pace,elite,slow_turner,163,6,9,0,4,0,0
400,3,powerplay,R Sharma,RHB,top,H Patel,pace,avg,slow_turner,163,12,13,0,11,0,0
400,4,powerplay,R Sharma,RHB,top,A Rashid,spin,elite,slow_turner,163,18,24,0,5,0,0
400,5,powerplay,R Sharma,RHB,top,K Ahmed,pace,avg,slow_turner,163,24,29,0,12,0,1
400,6,powerplay,R Sharma,RHB,top,Y Chahal,spin,good,slow_turner,163,30,41,0,8,0,1
400,7,middle,R Sharma,RHB,top,M Shami,pace,good,slow_turner,163,36,49,0,6,0,0
400,8,middle,R Sharma,RHB,top,J Bumrah,pace,elite,slow_turner,163,42,55,0,8,0,0
400,9,middle,R Sharma,RHB,top,H Patel,pace,avg,slow_turner,163,48,63,0,9,1,0
400,10,middle,S Yadav,RHB,top,A Rashid,spin,elite,slow_turner,163,0,72,1,6,0,0
400,11,middle,S Yadav,RHB,top,K Ahmed,pace,avg,slow_turner,163,6,78,1,8,0,0
400,12,middle,S Yadav,RHB,top,Y Chahal,spin,good,slow_turner,163,12,86,1,11,1,0
400,13,middle,R Pant,LHB,top,M Shami,pace,good,slow_turner,163,0,97,2,8,0,0
400,14,middle,R Pant,LHB,top,J Bumrah,pace,elite,slow_turner,163,6,105,2,1,0,0
400,15,middle,R Pant,LHB,top,H Patel,pace,avg,slow_turner,163,12,106,2,2,1,0
400,16,death,R Parag,RHB,avg,A Rashid,spin,elite,slow_turner,163,0,108,3,4,1,0
400,17,death,V Kohli,RHB,top,K Ahmed,pace,avg,slow_turner,163,0,112,4,9,0,0
400,18,death,V Kohli,RHB,top,Y Chahal,spin,good,slow_turner,163,6,121,4,6,0,1
400,19,death,V Kohli,RHB,top,M Shami,pace,good,slow_turner,163,12,127,4,6,0,0
400,20,death,V Kohli,RHB,top,J Bumrah,pace,elite,slow_turner,163,18,133,4,10,0,0
401,1,powerplay,H Pandya,RHB,solid,M Shami,pace,good,batting_paradise,173,0,0,0,7,0,0
401,2,powerplay,H Pandya,RHB,solid,R Jadeja,spin,good,batting_paradise,173,6,7,0,6,0,0
401,3,powerplay,H Pandya,RHB,solid,H Patel,pace,avg,batting_paradise,173,12,13,0,19,0,1
401,4,powerplay,H Pandya,RHB,solid,Y Chahal,spin,good,batting_paradise,173,18,32,0,5,0,1
401,5,powerplay,H Pandya,RHB,solid,K Ahmed,pace,avg,batting_paradise,173,24,37,0,8,0,1
401,6,powerplay,H Pandya,RHB,solid,T Boult,pace,good,batting_paradise,173,30,45,0,8,0,1
401,7,middle,H Pandya,RHB,solid,M Shami,pace,good,batting_paradise,173,36,53,0,9,1,1
401,8,middle,N Pooran,LHB,top,R Jadeja,spin,good,batting_paradise,173,0,62,1,2,0,0
401,9,middle,N Pooran,LHB,top,H Patel,pace,avg,batting_paradise,173,6,64,1,9,0,0
401,10,middle,N Pooran,LHB,top,Y Chahal,spin,good,batting_paradise,173,12,73,1,11,0,0
401,11,middle,N Pooran,LHB,top,K Ahmed,pace,avg,batting_paradise,173,18,84,1,7,0,0
401,12,middle,N Pooran,LHB,top,T Boult,pace,good,batting_paradise,173,24,91,1,12,0,1
401,13,middle,N Pooran,LHB,top,M Shami,pace,good,batting_paradise,173,30,103,1,9,0,1
401,14,middle,N Pooran,LHB,top,R Jadeja,spin,good,batting_paradise,173,36,112,1,4,1,0
401,15,middle,S Yadav,RHB,top,H Patel,pace,avg,batting_paradise,173,0,116,2,12,1,2
401,16,death,R Sharma,RHB,top,Y Chahal,spin,good,batting_paradise,173,0,128,3,10,0,0
401,17,death,R Sharma,RHB,top,K Ahmed,pace,avg,batting_paradise,173,6,138,3,13,0,1
401,18,death,R Sharma,RHB,top,T Boult,pace,good,batting_paradise,173,12,151,3,18,0,1
401,19,death,R Sharma,RHB,top,M Shami,pace,good,batting_paradise,173,18,169,3,18,0,2
401,20,death,R Sharma,RHB,top,R Jadeja,spin,good,batting_paradise,173,24,187,3,14,0,1
402,1,powerplay,H Pandya,RHB,solid,Y Chahal,spin,good,balanced,181,0,0,0,5,0,0
402,2,powerplay,H Pandya,RHB,solid,M Shami,pace,good,balanced,181,6,5,0,3,1,0
402,3,powerplay,V Kohli,RHB,top,A Rashid,spin,elite,balanced,181,0,8,1,2,0,0
402,4,powerplay,V Kohli,RHB,top,T Boult,pace,good,balanced,181,6,10,1,8,1,0
402,5,powerplay,R Pant,LHB,top,J Bumrah,pace,elite,balanced,181,0,18,2,6,0,0
402,6,powerplay,R Pant,LHB,top,R Jadeja,spin,good,balanced,181,6,24,2,9,1,1
402,7,middle,R Parag,RHB,avg,Y Chahal,spin,good,balanced,181,0,33,3,5,0,0
402,8,middle,R Parag,RHB,avg,M Shami,pace,good,balanced,181,6,38,3,2,0,0
402,9,middle,R Parag,RHB,avg,A Rashid,spin,elite,balanced,181,12,40,3,7,1,0
402,10,middle,D Padikkal,LHB,avg,T Boult,pace,good,balanced,181,0,47,4,2,1,0
402,11,middle,S Gill,RHB,solid,J Bumrah,pace,elite,balanced,181,0,49,5,5,0,0
402,12,middle,S Gill,RHB,solid,R Jadeja,spin,good,balanced,181,6,54,5,1,1,0
403,1,powerplay,R Pant,LHB,top,T Boult,pace,good,seaming_track,146,0,0,0,4,0,0
403,2,powerplay,R Pant,LHB,top,R Jadeja,spin,good,seaming_track,146,6,4,0,5,0,0
403,3,powerplay,R Pant,LHB,top,J Bumrah,pace,elite,seaming_track,146,12,9,0,5,1,0
403,4,powerplay,R Parag,RHB,avg,Y Chahal,spin,good,seaming_track,146,0,14,1,2,0,0
403,5,powerplay,R Parag,RHB,avg,A Rashid,spin,elite,seaming_track,146,6,16,1,2,1,0
403,6,powerplay,S Gill,RHB,solid,K Ahmed,pace,avg,seaming_track,146,0,18,2,6,0,1
403,7,middle,S Gill,RHB,solid,T Boult,pace,good,seaming_track,146,6,24,2,4,1,0
403,8,middle,N Pooran,LHB,top,R Jadeja,spin,good,seaming_track,146,0,28,3,2,0,0
403,9,middle,N Pooran,LHB,top,J Bumrah,pace,elite,seaming_track,146,6,30,3,5,0,0
403,10,middle,N Pooran,LHB,top,Y Chahal,spin,good,seaming_track,146,12,35,3,4,0,0
403,11,middle,N Pooran,LHB,top,A Rashid,spin,elite,seaming_track,146,18,39,3,4,1,1
403,12,middle,R Sharma,RHB,top,K Ahmed,pace,avg,seaming_track,146,0,43,4,10,0,0
403,13,middle,R Sharma,RHB,top,T Boult,pace,good,seaming_track,146,6,53,4,5,0,0
403,14,middle,R Sharma,RHB,top,R Jadeja,spin,good,seaming_track,146,12,58,4,3,1,0
403,15,middle,S Yadav,RHB,top,J Bumrah,pace,elite,seaming_track,146,0,61,5,5,0,0
403,16,death,S Yadav,RHB,top,Y Chahal,spin,good,seaming_track,146,6,66,5,6,1,0
404,1,powerplay,KL Rahul,RHB,solid,K Ahmed,pace,avg,slow_turner,147,0,0,0,9,1,0
404,2,powerplay,R Pant,LHB,top,M Shami,pace,good,slow_turner,147,0,9,1,1,1,0
404,3,powerplay,S Gill,RHB,solid,J Bumrah,pace,elite,slow_turner,147,0,10,2,3,0,0
404,4,powerplay,S Gill,RHB,solid,A Rashid,spin,elite,slow_turner,147,6,13,2,1,0,0
404,5,powerplay,S Gill,RHB,solid,H Patel,pace,avg,slow_turner,147,12,14,2,11,0,0
404,6,powerplay,S Gill,RHB,solid,Y Chahal,spin,good,slow_turner,147,18,25,2,8,1,0
404,7,middle,N Pooran,LHB,top,K Ahmed,pace,avg,slow_turner,147,0,33,3,8,0,1
404,8,middle,N Pooran,LHB,top,M Shami,pace,good,slow_turner,147,6,41,3,3,0,0
404,9,middle,N Pooran,LHB,top,J Bumrah,pace,elite,slow_turner,147,12,44,3,5,0,0
404,10,middle,N Pooran,LHB,top,A Rashid,spin,elite,slow_turner,147,18,49,3,2,0,0
404,11,middle,N Pooran,LHB,top,H Patel,pace,avg,slow_turner,147,24,51,3,8,0,0
404,12,middle,N Pooran,LHB,top,Y Chahal,spin,good,slow_turner,147,30,59,3,5,0,0
404,13,middle,N Pooran,LHB,top,K Ahmed,pace,avg,slow_turner,147,36,64,3,7,0,0
404,14,middle,N Pooran,LHB,top,M Shami,pace,good,slow_turner,147,42,71,3,12,0,1
404,15,middle,N Pooran,LHB,top,J Bumrah,pace,elite,slow_turner,147,48,83,3,5,0,0
404,16,death,N Pooran,LHB,top,A Rashid,spin,elite,slow_turner,147,54,88,3,18,0,2
404,17,death,N Pooran,LHB,top,H Patel,pace,avg,slow_turner,147,60,106,3,9,0,1
404,18,death,N Pooran,LHB,top,Y Chahal,spin,good,slow_turner,147,66,115,3,11,0,0
404,19,death,N Pooran,LHB,top,K Ahmed,pace,avg,slow_turner,147,72,126,3,16,1,2
404,20,death,S Yadav,RHB,top,M Shami,pace,good,slow_turner,147,0,142,4,8,0,0
405,1,powerplay,D Padikkal,LHB,avg,R Jadeja,spin,good,slow_turner,183,0,0,0,3,1,0
405,2,powerplay,H Pandya,RHB,solid,T Boult,pace,good,slow_turner,183,0,3,1,5,1,0
405,3,powerplay,KL Rahul,RHB,solid,Y Chahal,spin,good,slow_turner,183,0,8,2,1,1,0
405,4,powerplay,R Sharma,RHB,top,J Bumrah,pace,elite,slow_turner,183,0,9,3,8,0,0
405,5,powerplay,R Sharma,RHB,top,A Rashid,spin,elite,slow_turner,183,6,17,3,6,1,0
405,6,powerplay,V Kohli,RHB,top,H Patel,pace,avg,slow_turner,183,0,23,4,13,0,1
405,7,middle,V Kohli,RHB,top,R Jadeja,spin,good,slow_turner,183,6,36,4,3,0,0
405,8,middle,V Kohli,RHB,top,T Boult,pace,good,slow_turner,183,12,39,4,12,0,1
405,9,middle,V Kohli,RHB,top,Y Chahal,spin,good,slow_turner,183,18,51,4,8,0,0
405,10,middle,V Kohli,RHB,top,J Bumrah,pace,elite,slow_turner,183,24,59,4,5,0,0
405,11,middle,V Kohli,RHB,top,A Rashid,spin,elite,slow_turner,183,30,64,4,4,0,0
405,12,middle,V Kohli,RHB,top,H Patel,pace,avg,slow_turner,183,36,68,4,6,0,1
405,13,middle,V Kohli,RHB,top,R Jadeja,spin,good,slow_turner,183,42,74,4,11,0,0
405,14,middle,V Kohli,RHB,top,T Boult,pace,good,slow_turner,183,48,85,4,7,0,0
405,15,middle,V Kohli,RHB,top,Y Chahal,spin,good,slow_turner,183,54,92,4,3,0,1
405,16,death,V Kohli,RHB,top,J Bumrah,pace,elite,slow_turner,183,60,95,4,9,0,0
405,17,death,V Kohli,RHB,top,A Rashid,spin,elite,slow_turner,183,66,104,4,7,0,0
405,18,death,V Kohli,RHB,top,H Patel,pace,avg,slow_turner,183,72,111,4,11,0,0
405,19,death,V Kohli,RHB,top,R Jadeja,spin,good,slow_turner,183,78,122,4,10,0,1
405,20,death,V Kohli,RHB,top,T Boult,pace,good,slow_turner,183,84,132,4,10,1,0
406,1,powerplay,N Pooran,LHB,top,A Rashid,spin,elite,seaming_track,141,0,0,0,3,0,0
406,2,powerplay,N Pooran,LHB,top,Y Chahal,spin,good,seaming_track,141,6,3,0,7,1,0
406,3,powerplay,R Pant,LHB,top,T Boult,pace,good,seaming_track,141,0,10,1,11,0,0
406,4,powerplay,R Pant,LHB,top,R Jadeja,spin,good,seaming_track,141,6,21,1,6,0,1
406,5,powerplay,R Pant,LHB,top,H Patel,pace,avg,seaming_track,141,12,27,1,15,0,2
406,6,powerplay,R Pant,LHB,top,K Ahmed,pace,avg,seaming_track,141,18,42,1,9,0,0
406,7,middle,R Pant,LHB,top,A Rashid,spin,elite,seaming_track,141,24,51,1,9,1,1
406,8,middle,S Yadav,RHB,top,Y Chahal,spin,good,seaming_track,141,0,60,2,11,1,0
406,9,middle,R Parag,RHB,avg,T Boult,pace,good,seaming_track,141,0,71,3,6,0,0
406,10,middle,R Parag,RHB,avg,R Jadeja,spin,good,seaming_track,141,6,77,3,5,0,0
406,11,middle,R Parag,RHB,avg,H Patel,pace,avg,seaming_track,141,12,82,3,6,0,1
406,12,middle,R Parag,RHB,avg,K Ahmed,pace,avg,seaming_track,141,18,88,3,7,1,0
406,13,middle,KL Rahul,RHB,solid,A Rashid,spin,elite,seaming_track,141,0,95,4,4,1,0
406,14,middle,D Padikkal,LHB,avg,Y Chahal,spin,good,seaming_track,141,0,99,5,0,1,0
407,1,powerplay,D Padikkal,LHB,avg,R Jadeja,spin,good,balanced,132,0,0,0,1,0,0
407,2,powerplay,D Padikkal,LHB,avg,A Rashid,spin,elite,balanced,132,6,1,0,3,1,0
407,3,powerplay,R Sharma,RHB,top,M Shami,pace,good,balanced,132,0,4,1,8,0,0
407,4,powerplay,R Sharma,RHB,top,T Boult,pace,good,balanced,132,6,12,1,3,0,0
407,5,powerplay,R Sharma,RHB,top,J Bumrah,pace,elite,balanced,132,12,15,1,9,1,0
407,6,powerplay,S Gill,RHB,solid,K Ahmed,pace,avg,balanced,132,0,24,2,10,0,0
407,7,middle,S Gill,RHB,solid,R Jadeja,spin,good,balanced,132,6,34,2,7,0,0
407,8,middle,S Gill,RHB,solid,A Rashid,spin,elite,balanced,132,12,41,2,9,0,0
407,9,middle,S Gill,RHB,solid,M Shami,pace,good,balanced,132,18,50,2,3,1,0
407,10,middle,H Pandya,RHB,solid,T Boult,pace,good,balanced,132,0,53,3,1,0,0
407,11,middle,H Pandya,RHB,solid,J Bumrah,pace,elite,balanced,132,6,54,3,2,1,0
407,12,middle,N Pooran,LHB,top,K Ahmed,pace,avg,balanced,132,0,56,4,12,0,2
407,13,middle,N Pooran,LHB,top,R Jadeja,spin,good,balanced,132,6,68,4,7,0,0
407,14,middle,N Pooran,LHB,top,A Rashid,spin,elite,balanced,132,12,75,4,3,1,0
407,15,middle,V Kohli,RHB,top,M Shami,pace,good,balanced,132,0,78,5,2,1,0
408,1,powerplay,R Sharma,RHB,top,T Boult,pace,good,batting_paradise,173,0,0,0,13,0,1
408,2,powerplay,R Sharma,RHB,top,Y Chahal,spin,good,batting_paradise,173,6,13,0,11,1,0
408,3,powerplay,S Yadav,RHB,top,K Ahmed,pace,avg,batting_paradise,173,0,24,1,9,0,0
408,4,powerplay,S Yadav,RHB,top,H Patel,pace,avg,batting_paradise,173,6,33,1,14,0,2
408,5,powerplay,S Yadav,RHB,top,J Bumrah,pace,elite,batting_paradise,173,12,47,1,9,0,0
408,6,powerplay,S Yadav,RHB,top,M Shami,pace,good,batting_paradise,173,18,56,1,13,0,1
408,7,middle,S Yadav,RHB,top,T Boult,pace,good,batting_paradise,173,24,69,1,14,0,1
408,8,middle,S Yadav,RHB,top,Y Chahal,spin,good,batting_paradise,173,30,83,1,12,0,1
408,9,middle,S Yadav,RHB,top,K Ahmed,pace,avg,batting_paradise,173,36,95,1,18,0,2
408,10,middle,S Yadav,RHB,top,H Patel,pace,avg,batting_paradise,173,42,113,1,11,0,0
408,11,middle,S Yadav,RHB,top,J Bumrah,pace,elite,batting_paradise,173,48,124,1,9,1,0
408,12,middle,R Pant,LHB,top,M Shami,pace,good,batting_paradise,173,0,133,2,6,0,1
408,13,middle,R Pant,LHB,top,T Boult,pace,good,batting_paradise,173,6,139,2,10,1,0
408,14,middle,R Parag,RHB,avg,Y Chahal,spin,good,batting_paradise,173,0,149,3,4,0,0
408,15,middle,R Parag,RHB,avg,K Ahmed,pace,avg,batting_paradise,173,6,153,3,6,0,0
408,16,death,R Parag,RHB,avg,H Patel,pace,avg,batting_paradise,173,12,159,3,15,0,1
408,17,death,R Parag,RHB,avg,J Bumrah,pace,elite,batting_paradise,173,18,174,3,9,0,0
408,18,death,R Parag,RHB,avg,M Shami,pace,good,batting_paradise,173,24,183,3,8,1,0
408,19,death,H Pandya,RHB,solid,T Boult,pace,good,batting_paradise,173,0,191,4,12,0,1
408,20,death,H Pandya,RHB,solid,Y Chahal,spin,good,batting_paradise,173,6,203,4,7,1,0
409,1,powerplay,S Gill,RHB,solid,M Shami,pace,good,seaming_track,156,0,0,0,1,0,1
409,2,powerplay,S Gill,RHB,solid,T Boult,pace,good,seaming_track,156,6,1,0,8,0,0
409,3,powerplay,S Gill,RHB,solid,A Rashid,spin,elite,seaming_track,156,12,9,0,4,0,0
409,4,powerplay,S Gill,RHB,solid,J Bumrah,pace,elite,seaming_track,156,18,13,0,2,1,0
409,5,powerplay,R Parag,RHB,avg,R Jadeja,spin,good,seaming_track,156,0,15,1,2,1,0
409,6,powerplay,R Pant,LHB,top,H Patel,pace,avg,seaming_track,156,0,17,2,5,0,1
409,7,middle,R Pant,LHB,top,M Shami,pace,good,seaming_track,156,6,22,2,9,0,0
409,8,middle,R Pant,LHB,top,T Boult,pace,good,seaming_track,156,12,31,2,2,1,1
409,9,middle,KL Rahul,RHB,solid,A Rashid,spin,elite,seaming_track,156,0,33,3,1,1,0
409,10,middle,V Kohli,RHB,top,J Bumrah,pace,elite,seaming_track,156,0,34,4,2,1,1
409,11,middle,H Pandya,RHB,solid,R Jadeja,spin,good,seaming_track,156,0,36,5,5,0,0
409,12,middle,H Pandya,RHB,solid,H Patel,pace,avg,seaming_track,156,6,41,5,4,0,1
409,13,middle,H Pandya,RHB,solid,M Shami,pace,good,seaming_track,156,12,45,5,5,1,0
410,1,powerplay,H Pandya,RHB,solid,T Boult,pace,good,balanced,181,0,0,0,3,0,0
410,2,powerplay,H Pandya,RHB,solid,R Jadeja,spin,good,balanced,181,6,3,0,4,1,0
410,3,powerplay,S Gill,RHB,solid,H Patel,pace,avg,balanced,181,0,7,1,9,1,1
410,4,powerplay,N Pooran,LHB,top,A Rashid,spin,elite,balanced,181,0,16,2,6,0,0
410,5,powerplay,N Pooran,LHB,top,Y Chahal,spin,good,balanced,181,6,22,2,8,0,1
410,6,powerplay,N Pooran,LHB,top,M Shami,pace,good,balanced,181,12,30,2,8,0,0
410,7,middle,N Pooran,LHB,top,T Boult,pace,good,balanced,181,18,38,2,7,1,0
410,8,middle,R Sharma,RHB,top,R Jadeja,spin,good,balanced,181,0,45,3,10,0,0
410,9,middle,R Sharma,RHB,top,H Patel,pace,avg,balanced,181,6,55,3,5,0,0
410,10,middle,R Sharma,RHB,top,A Rashid,spin,elite,balanced,181,12,60,3,3,1,0
410,11,middle,V Kohli,RHB,top,Y Chahal,spin,good,balanced,181,0,63,4,7,0,0
410,12,middle,V Kohli,RHB,top,M Shami,pace,good,balanced,181,6,70,4,6,0,0
410,13,middle,V Kohli,RHB,top,T Boult,pace,good,balanced,181,12,76,4,13,0,1
410,14,middle,V Kohli,RHB,top,R Jadeja,spin,good,balanced,181,18,89,4,12,0,1
410,15,middle,V Kohli,RHB,top,H Patel,pace,avg,balanced,181,24,101,4,15,0,1
410,16,death,V Kohli,RHB,top,A Rashid,spin,elite,balanced,181,30,116,4,8,0,0
410,17,death,V Kohli,RHB,top,Y Chahal,spin,good,balanced,181,36,124,4,7,1,0
410,18,death,KL Rahul,RHB,solid,M Shami,pace,good,balanced,181,0,131,5,6,1,0
411,1,powerplay,R Pant,LHB,top,R Jadeja,spin,good,seaming_track,136,0,0,0,2,0,1
411,2,powerplay,R Pant,LHB,top,J Bumrah,pace,elite,seaming_track,136,6,2,0,8,1,0
411,3,powerplay,R Parag,RHB,avg,K Ahmed,pace,avg,seaming_track,136,0,10,1,5,0,0
411,4,powerplay,R Parag,RHB,avg,Y Chahal,spin,good,seaming_track,136,6,15,1,0,1,0
411,5,powerplay,D Padikkal,LHB,avg,H Patel,pace,avg,seaming_track,136,0,15,2,6,0,0
411,6,powerplay,D Padikkal,LHB,avg,A Rashid,spin,elite,seaming_track,136,6,21,2,2,1,0
411,7,middle,H Pandya,RHB,solid,R Jadeja,spin,good,seaming_track,136,0,23,3,6,1,0
411,8,middle,S Yadav,RHB,top,J Bumrah,pace,elite,seaming_track,136,0,29,4,7,0,0
411,9,middle,S Yadav,RHB,top,K Ahmed,pace,avg,seaming_track,136,6,36,4,6,1,1
411,10,middle,V Kohli,RHB,top,Y Chahal,spin,good,seaming_track,136,0,42,5,3,0,0
411,11,middle,V Kohli,RHB,top,H Patel,pace,avg,seaming_track,136,6,45,5,11,0,0
411,12,middle,V Kohli,RHB,top,A Rashid,spin,elite,seaming_track,136,12,56,5,2,0,1
411,13,middle,V Kohli,RHB,top,R Jadeja,spin,good,seaming_track,136,18,58,5,4,1,0
412,1,powerplay,V Kohli,RHB,top,A Rashid,spin,elite,seaming_track,165,0,0,0,3,0,0
412,2,powerplay,V Kohli,RHB,top,J Bumrah,pace,elite,seaming_track,165,6,3,0,0,1,0
412,3,powerplay,R Parag,RHB,avg,Y Chahal,spin,good,seaming_track,165,0,3,1,2,1,0
412,4,powerplay,R Pant,LHB,top,K Ahmed,pace,avg,seaming_track,165,0,5,2,8,0,0
412,5,powerplay,R Pant,LHB,top,R Jadeja,spin,good,seaming_track,165,6,13,2,8,0,0
412,6,powerplay,R Pant,LHB,top,M Shami,pace,good,seaming_track,165,12,21,2,8,0,1
412,7,middle,R Pant,LHB,top,A Rashid,spin,elite,seaming_track,165,18,29,2,7,0,0
412,8,middle,R Pant,LHB,top,J Bumrah,pace,elite,seaming_track,165,24,36,2,8,0,0
412,9,middle,R Pant,LHB,top,Y Chahal,spin,good,seaming_track,165,30,44,2,9,0,1
412,10,middle,R Pant,LHB,top,K Ahmed,pace,avg,seaming_track,165,36,53,2,9,0,1
412,11,middle,R Pant,LHB,top,R Jadeja,spin,good,seaming_track,165,42,62,2,6,1,0
412,12,middle,H Pandya,RHB,solid,M Shami,pace,good,seaming_track,165,0,68,3,2,1,0
412,13,middle,S Gill,RHB,solid,A Rashid,spin,elite,seaming_track,165,0,70,4,0,1,0
412,14,middle,KL Rahul,RHB,solid,J Bumrah,pace,elite,seaming_track,165,0,70,5,4,0,0
412,15,middle,KL Rahul,RHB,solid,Y Chahal,spin,good,seaming_track,165,6,74,5,6,1,0
413,1,powerplay,R Sharma,RHB,top,K Ahmed,pace,avg,batting_paradise,149,0,0,0,7,1,1
413,2,powerplay,D Padikkal,LHB,avg,H Patel,pace,avg,batting_paradise,149,0,7,1,5,0,0
413,3,powerplay,D Padikkal,LHB,avg,R Jadeja,spin,good,batting_paradise,149,6,12,1,6,1,0
413,4,powerplay,V Kohli,RHB,top,J Bumrah,pace,elite,batting_paradise,149,0,18,2,10,0,0
413,5,powerplay,V Kohli,RHB,top,Y Chahal,spin,good,batting_paradise,149,6,28,2,0,1,0
413,6,powerplay,R Parag,RHB,avg,M Shami,pace,good,batting_paradise,149,0,28,3,2,0,0
413,7,middle,R Parag,RHB,avg,K Ahmed,pace,avg,batting_paradise,149,6,30,3,10,0,0
413,8,middle,R Parag,RHB,avg,H Patel,pace,avg,batting_paradise,149,12,40,3,8,1,0
413,9,middle,N Pooran,LHB,top,R Jadeja,spin,good,batting_paradise,149,0,48,4,11,0,0
413,10,middle,N Pooran,LHB,top,J Bumrah,pace,elite,batting_paradise,149,6,59,4,9,0,0
413,11,middle,N Pooran,LHB,top,Y Chahal,spin,good,batting_paradise,149,12,68,4,10,1,0
413,12,middle,S Gill,RHB,solid,M Shami,pace,good,batting_paradise,149,0,78,5,9,0,1
413,13,middle,S Gill,RHB,solid,K Ahmed,pace,avg,batting_paradise,149,6,87,5,8,0,0
413,14,middle,S Gill,RHB,solid,H Patel,pace,avg,batting_paradise,149,12,95,5,13,0,2
413,15,middle,S Gill,RHB,solid,R Jadeja,spin,good,batting_paradise,149,18,108,5,5,0,0
413,16,death,S Gill,RHB,solid,J Bumrah,pace,elite,batting_paradise,149,24,113,5,14,0,1
413,17,death,S Gill,RHB,solid,Y Chahal,spin,good,batting_paradise,149,30,127,5,11,0,0
413,18,death,S Gill,RHB,solid,M Shami,pace,good,batting_paradise,149,36,138,5,16,0,2
413,19,death,S Gill,RHB,solid,K Ahmed,pace,avg,batting_paradise,149,42,154,5,23,1,1
414,1,powerplay,S Gill,RHB,solid,H Patel,pace,avg,slow_turner,156,0,0,0,11,0,0
414,2,powerplay,S Gill,RHB,solid,T Boult,pace,good,slow_turner,156,6,11,0,1,0,0
414,3,powerplay,S Gill,RHB,solid,A Rashid,spin,elite,slow_turner,156,12,12,0,4,0,0
414,4,powerplay,S Gill,RHB,solid,J Bumrah,pace,elite,slow_turner,156,18,16,0,4,0,1
414,5,powerplay,S Gill,RHB,solid,K Ahmed,pace,avg,slow_turner,156,24,20,0,6,1,0
414,6,powerplay,S Yadav,RHB,top,Y Chahal,spin,good,slow_turner,156,0,26,1,9,1,0
414,7,middle,N Pooran,LHB,top,H Patel,pace,avg,slow_turner,156,0,35,2,4,0,0
414,8,middle,N Pooran,LHB,top,T Boult,pace,good,slow_turner,156,6,39,2,4,1,0
414,9,middle,KL Rahul,RHB,solid,A Rashid,spin,elite,slow_turner,156,0,43,3,1,1,0
414,10,middle,V Kohli,RHB,top,J Bumrah,pace,elite,slow_turner,156,0,44,4,3,0,0
414,11,middle,V Kohli,RHB,top,K Ahmed,pace,avg,slow_turner,156,6,47,4,13,0,1
414,12,middle,V Kohli,RHB,top,Y Chahal,spin,good,slow_turner,156,12,60,4,1,1,0
414,13,middle,R Parag,RHB,avg,H Patel,pace,avg,slow_turner,156,0,61,5,0,1,0
415,1,powerplay,D Padikkal,LHB,avg,K Ahmed,pace,avg,batting_paradise,173,0,0,0,5,0,0
415,2,powerplay,D Padikkal,LHB,avg,T Boult,pace,good,batting_paradise,173,6,5,0,4,0,0
415,3,powerplay,D Padikkal,LHB,avg,H Patel,pace,avg,batting_paradise,173,12,9,0,6,1,0
415,4,powerplay,N Pooran,LHB,top,Y Chahal,spin,good,batting_paradise,173,0,15,1,6,1,0
415,5,powerplay,V Kohli,RHB,top,J Bumrah,pace,elite,batting_paradise,173,0,21,2,5,0,0
415,6,powerplay,V Kohli,RHB,top,A Rashid,spin,elite,batting_paradise,173,6,26,2,6,0,0
415,7,middle,V Kohli,RHB,top,K Ahmed,pace,avg,batting_paradise,173,12,32,2,6,0,0
415,8,middle,V Kohli,RHB,top,T Boult,pace,good,batting_paradise,173,18,38,2,13,0,2
415,9,middle,V Kohli,RHB,top,H Patel,pace,avg,batting_paradise,173,24,51,2,17,0,1
415,10,middle,V Kohli,RHB,top,Y Chahal,spin,good,batting_paradise,173,30,68,2,11,0,0
415,11,middle,V Kohli,RHB,top,J Bumrah,pace,elite,batting_paradise,173,36,79,2,9,0,1
415,12,middle,V Kohli,RHB,top,A Rashid,spin,elite,batting_paradise,173,42,88,2,13,1,1
415,13,middle,H Pandya,RHB,solid,K Ahmed,pace,avg,batting_paradise,173,0,101,3,12,0,1
415,14,middle,H Pandya,RHB,solid,T Boult,pace,good,batting_paradise,173,6,113,3,8,0,1
415,15,middle,H Pandya,RHB,solid,H Patel,pace,avg,batting_paradise,173,12,121,3,12,0,1
415,16,death,H Pandya,RHB,solid,Y Chahal,spin,good,batting_paradise,173,18,133,3,9,0,0
415,17,death,H Pandya,RHB,solid,J Bumrah,pace,elite,batting_paradise,173,24,142,3,10,1,0
415,18,death,S Yadav,RHB,top,A Rashid,spin,elite,batting_paradise,173,0,152,4,8,1,0
415,19,death,KL Rahul,RHB,solid,K Ahmed,pace,avg,batting_paradise,173,0,160,5,13,0,1
415,20,death,KL Rahul,RHB,solid,T Boult,pace,good,batting_paradise,173,6,173,5,14,0,1
416,1,powerplay,V Kohli,RHB,top,J Bumrah,pace,elite,seaming_track,172,0,0,0,7,0,0
416,2,powerplay,V Kohli,RHB,top,Y Chahal,spin,good,seaming_track,172,6,7,0,5,1,0
416,3,powerplay,R Pant,LHB,top,A Rashid,spin,elite,seaming_track,172,0,12,1,5,1,0
416,4,powerplay,R Sharma,RHB,top,H Patel,pace,avg,seaming_track,172,0,17,2,8,0,0
416,5,powerplay,R Sharma,RHB,top,T Boult,pace,good,seaming_track,172,6,25,2,4,0,0
416,6,powerplay,R Sharma,RHB,top,M Shami,pace,good,seaming_track,172,12,29,2,8,1,0
416,7,middle,S Yadav,RHB,top,J Bumrah,pace,elite,seaming_track,172,0,37,3,7,1,1
416,8,middle,H Pandya,RHB,solid,Y Chahal,spin,good,seaming_track,172,0,44,4,5,0,0
416,9,middle,H Pandya,RHB,solid,A Rashid,spin,elite,seaming_track,172,6,49,4,4,1,0
416,10,middle,R Parag,RHB,avg,H Patel,pace,avg,seaming_track,172,0,53,5,3,1,1
417,1,powerplay,R Parag,RHB,avg,T Boult,pace,good,seaming_track,144,0,0,0,6,1,0
417,2,powerplay,D Padikkal,LHB,avg,J Bumrah,pace,elite,seaming_track,144,0,6,1,7,0,0
417,3,powerplay,D Padikkal,LHB,avg,A Rashid,spin,elite,seaming_track,144,6,13,1,4,0,0
417,4,powerplay,D Padikkal,LHB,avg,H Patel,pace,avg,seaming_track,144,12,17,1,8,0,0
417,5,powerplay,D Padikkal,LHB,avg,M Shami,pace,good,seaming_track,144,18,25,1,8,0,0
417,6,powerplay,D Padikkal,LHB,avg,K Ahmed,pace,avg,seaming_track,144,24,33,1,2,0,0
417,7,middle,D Padikkal,LHB,avg,T Boult,pace,good,seaming_track,144,30,35,1,5,0,0
417,8,middle,D Padikkal,LHB,avg,J Bumrah,pace,elite,seaming_track,144,36,40,1,6,0,0
417,9,middle,D Padikkal,LHB,avg,A Rashid,spin,elite,seaming_track,144,42,46,1,7,1,0
417,10,middle,V Kohli,RHB,top,H Patel,pace,avg,seaming_track,144,0,53,2,6,0,0
417,11,middle,V Kohli,RHB,top,M Shami,pace,good,seaming_track,144,6,59,2,7,0,0
417,12,middle,V Kohli,RHB,top,K Ahmed,pace,avg,seaming_track,144,12,66,2,10,0,0
417,13,middle,V Kohli,RHB,top,T Boult,pace,good,seaming_track,144,18,76,2,8,0,0
417,14,middle,V Kohli,RHB,top,J Bumrah,pace,elite,seaming_track,144,24,84,2,9,0,0
417,15,middle,V Kohli,RHB,top,A Rashid,spin,elite,seaming_track,144,30,93,2,10,0,0
417,16,death,V Kohli,RHB,top,H Patel,pace,avg,seaming_track,144,36,103,2,13,1,2
417,17,death,S Yadav,RHB,top,M Shami,pace,good,seaming_track,144,0,116,3,6,0,0
417,18,death,S Yadav,RHB,top,K Ahmed,pace,avg,seaming_track,144,6,122,3,11,1,0
417,19,death,H Pandya,RHB,solid,T Boult,pace,good,seaming_track,144,0,133,4,8,0,0
417,20,death,H Pandya,RHB,solid,J Bumrah,pace,elite,seaming_track,144,6,141,4,6,1,1
418,1,powerplay,H Pandya,RHB,solid,R Jadeja,spin,good,seaming_track,170,0,0,0,4,0,1
418,2,powerplay,H Pandya,RHB,solid,M Shami,pace,good,seaming_track,170,6,4,0,5,1,0
418,3,powerplay,KL Rahul,RHB,solid,Y Chahal,spin,good,seaming_track,170,0,9,1,3,0,0
418,4,powerplay,KL Rahul,RHB,solid,H Patel,pace,avg,seaming_track,170,6,12,1,9,0,0
418,5,powerplay,KL Rahul,RHB,solid,K Ahmed,pace,avg,seaming_track,170,12,21,1,5,0,0
418,6,powerplay,KL Rahul,RHB,solid,T Boult,pace,good,seaming_track,170,18,26,1,6,0,1
418,7,middle,KL Rahul,RHB,solid,R Jadeja,spin,good,seaming_track,170,24,32,1,10,0,0
418,8,middle,KL Rahul,RHB,solid,M Shami,pace,good,seaming_track,170,30,42,1,5,1,0
418,9,middle,R Pant,LHB,top,Y Chahal,spin,good,seaming_track,170,0,47,2,2,1,0
418,10,middle,S Gill,RHB,solid,H Patel,pace,avg,seaming_track,170,0,49,3,4,0,0
418,11,middle,S Gill,RHB,solid,K Ahmed,pace,avg,seaming_track,170,6,53,3,8,0,0
418,12,middle,S Gill,RHB,solid,T Boult,pace,good,seaming_track,170,12,61,3,3,0,1
418,13,middle,S Gill,RHB,solid,R Jadeja,spin,good,seaming_track,170,18,64,3,4,1,0
418,14,middle,D Padikkal,LHB,avg,M Shami,pace,good,seaming_track,170,0,68,4,5,0,0
418,15,middle,D Padikkal,LHB,avg,Y Chahal,spin,good,seaming_track,170,6,73,4,3,0,0
418,16,death,D Padikkal,LHB,avg,H Patel,pace,avg,seaming_track,170,12,76,4,8,0,0
418,17,death,D Padikkal,LHB,avg,K Ahmed,pace,avg,seaming_track,170,18,84,4,1,1,0
418,18,death,R Parag,RHB,avg,T Boult,pace,good,seaming_track,170,0,85,5,3,1,0
419,1,powerplay,H Pandya,RHB,solid,H Patel,pace,avg,balanced,157,0,0,0,10,0,0
419,2,powerplay,H Pandya,RHB,solid,R Jadeja,spin,good,balanced,157,6,10,0,5,0,0
419,3,powerplay,H Pandya,RHB,solid,K Ahmed,pace,avg,balanced,157,12,15,0,11,0,0
419,4,powerplay,H Pandya,RHB,solid,Y Chahal,spin,good,balanced,157,18,26,0,9,1,1
419,5,powerplay,R Sharma,RHB,top,M Shami,pace,good,balanced,157,0,35,1,6,1,0
419,6,powerplay,R Parag,RHB,avg,A Rashid,spin,elite,balanced,157,0,41,2,1,1,0
419,7,middle,S Gill,RHB,solid,H Patel,pace,avg,balanced,157,0,42,3,6,0,0
419,8,middle,S Gill,RHB,solid,R Jadeja,spin,good,balanced,157,6,48,3,4,0,0
419,9,middle,S Gill,RHB,solid,K Ahmed,pace,avg,balanced,157,12,52,3,9,0,1
419,10,middle,S Gill,RHB,solid,Y Chahal,spin,good,balanced,157,18,61,3,6,0,0
419,11,middle,S Gill,RHB,solid,M Shami,pace,good,balanced,157,24,67,3,8,0,0
419,12,middle,S Gill,RHB,solid,A Rashid,spin,elite,balanced,157,30,75,3,7,0,0
419,13,middle,S Gill,RHB,solid,H Patel,pace,avg,balanced,157,36,82,3,8,0,0
419,14,middle,S Gill,RHB,solid,R Jadeja,spin,good,balanced,157,42,90,3,6,0,0
419,15,middle,S Gill,RHB,solid,K Ahmed,pace,avg,balanced,157,48,96,3,13,0,1
419,16,death,S Gill,RHB,solid,Y Chahal,spin,good,balanced,157,54,109,3,6,0,1
419,17,death,S Gill,RHB,solid,M Shami,pace,good,balanced,157,60,115,3,9,0,0
419,18,death,S Gill,RHB,solid,A Rashid,spin,elite,balanced,157,66,124,3,4,1,1
419,19,death,V Kohli,RHB,top,H Patel,pace,avg,balanced,157,0,128,4,13,1,1
419,20,death,N Pooran,LHB,top,R Jadeja,spin,good,balanced,157,0,141,5,1,1,0
420,1,powerplay,S Gill,RHB,solid,Y Chahal,spin,good,batting_paradise,156,0,0,0,2,0,0
420,2,powerplay,S Gill,RHB,solid,T Boult,pace,good,batting_paradise,156,6,2,0,7,0,0
420,3,powerplay,S Gill,RHB,solid,A Rashid,spin,elite,batting_paradise,156,12,9,0,4,1,0
420,4,powerplay,V Kohli,RHB,top,J Bumrah,pace,elite,batting_paradise,156,0,13,1,6,1,0
420,5,powerplay,D Padikkal,LHB,avg,K Ahmed,pace,avg,batting_paradise,156,0,19,2,9,0,0
420,6,powerplay,D Padikkal,LHB,avg,R Jadeja,spin,good,batting_paradise,156,6,28,2,4,0,0
420,7,middle,D Padikkal,LHB,avg,Y Chahal,spin,good,batting_paradise,156,12,32,2,12,0,1
420,8,middle,D Padikkal,LHB,avg,T Boult,pace,good,batting_paradise,156,18,44,2,7,0,0
420,9,middle,D Padikkal,LHB,avg,A Rashid,spin,elite,batting_paradise,156,24,51,2,4,1,0
420,10,middle,R Sharma,RHB,top,J Bumrah,pace,elite,batting_paradise,156,0,55,3,9,0,0
420,11,middle,R Sharma,RHB,top,K Ahmed,pace,avg,batting_paradise,156,6,64,3,10,0,0
420,12,middle,R Sharma,RHB,top,R Jadeja,spin,good,batting_paradise,156,12,74,3,6,0,0
420,13,middle,R Sharma,RHB,top,Y Chahal,spin,good,batting_paradise,156,18,80,3,10,0,0
420,14,middle,R Sharma,RHB,top,T Boult,pace,good,batting_paradise,156,24,90,3,8,0,0
420,15,middle,R Sharma,RHB,top,A Rashid,spin,elite,batting_paradise,156,30,98,3,7,1,0
420,16,death,H Pandya,RHB,solid,J Bumrah,pace,elite,batting_paradise,156,0,105,4,4,1,0
420,17,death,S Yadav,RHB,top,K Ahmed,pace,avg,batting_paradise,156,0,109,5,15,0,2
420,18,death,S Yadav,RHB,top,R Jadeja,spin,good,batting_paradise,156,6,124,5,6,1,0
421,1,powerplay,R Pant,LHB,top,K Ahmed,pace,avg,balanced,168,0,0,0,10,0,0
421,2,powerplay,R Pant,LHB,top,T Boult,pace,good,balanced,168,6,10,0,4,0,0
421,3,powerplay,R Pant,LHB,top,Y Chahal,spin,good,balanced,168,12,14,0,14,1,1
421,4,powerplay,N Pooran,LHB,top,H Patel,pace,avg,balanced,168,0,28,1,13,1,1
421,5,powerplay,V Kohli,RHB,top,M Shami,pace,good,balanced,168,0,41,2,5,0,0
421,6,powerplay,V Kohli,RHB,top,A Rashid,spin,elite,balanced,168,6,46,2,2,1,0
421,7,middle,D Padikkal,LHB,avg,K Ahmed,pace,avg,balanced,168,0,48,3,8,0,0
421,8,middle,D Padikkal,LHB,avg,T Boult,pace,good,balanced,168,6,56,3,0,1,0
421,9,middle,H Pandya,RHB,solid,Y Chahal,spin,good,balanced,168,0,56,4,7,0,0
421,10,middle,H Pandya,RHB,solid,H Patel,pace,avg,balanced,168,6,63,4,8,0,1
421,11,middle,H Pandya,RHB,solid,M Shami,pace,good,balanced,168,12,71,4,1,1,0
421,12,middle,KL Rahul,RHB,solid,A Rashid,spin,elite,balanced,168,0,72,5,3,0,0
421,13,middle,KL Rahul,RHB,solid,K Ahmed,pace,avg,balanced,168,6,75,5,8,0,0
421,14,middle,KL Rahul,RHB,solid,T Boult,pace,good,balanced,168,12,83,5,8,0,0
421,15,middle,KL Rahul,RHB,solid,Y Chahal,spin,good,balanced,168,18,91,5,14,0,1
421,16,death,KL Rahul,RHB,solid,H Patel,pace,avg,balanced,168,24,105,5,11,1,0
422,1,powerplay,D Padikkal,LHB,avg,M Shami,pace,good,balanced,170,0,0,0,5,0,0
422,2,powerplay,D Padikkal,LHB,avg,Y Chahal,spin,good,balanced,170,6,5,0,10,1,0
422,3,powerplay,R Sharma,RHB,top,T Boult,pace,good,balanced,170,0,15,1,6,0,0
422,4,powerplay,R Sharma,RHB,top,K Ahmed,pace,avg,balanced,170,6,21,1,8,0,0
422,5,powerplay,R Sharma,RHB,top,R Jadeja,spin,good,balanced,170,12,29,1,3,0,0
422,6,powerplay,R Sharma,RHB,top,J Bumrah,pace,elite,balanced,170,18,32,1,7,1,0
422,7,middle,V Kohli,RHB,top,M Shami,pace,good,balanced,170,0,39,2,8,1,0
422,8,middle,R Pant,LHB,top,Y Chahal,spin,good,balanced,170,0,47,3,7,1,0
422,9,middle,S Gill,RHB,solid,T Boult,pace,good,balanced,170,0,54,4,2,0,0
422,10,middle,S Gill,RHB,solid,K Ahmed,pace,avg,balanced,170,6,56,4,7,0,0
422,11,middle,S Gill,RHB,solid,R Jadeja,spin,good,balanced,170,12,63,4,7,0,0
422,12,middle,S Gill,RHB,solid,J Bumrah,pace,elite,balanced,170,18,70,4,7,0,0
422,13,middle,S Gill,RHB,solid,M Shami,pace,good,balanced,170,24,77,4,9,0,1
422,14,middle,S Gill,RHB,solid,Y Chahal,spin,good,balanced,170,30,86,4,6,0,0
422,15,middle,S Gill,RHB,solid,T Boult,pace,good,balanced,170,36,92,4,3,0,0
422,16,death,S Gill,RHB,solid,K Ahmed,pace,avg,balanced,170,42,95,4,12,0,1
422,17,death,S Gill,RHB,solid,R Jadeja,spin,good,balanced,170,48,107,4,6,1,0
422,18,death,KL Rahul,RHB,solid,J Bumrah,pace,elite,balanced,170,0,113,5,7,0,0
422,19,death,KL Rahul,RHB,solid,M Shami,pace,good,balanced,170,6,120,5,2,1,0
423,1,powerplay,KL Rahul,RHB,solid,T Boult,pace,good,slow_turner,166,0,0,0,5,1,0
423,2,powerplay,N Pooran,LHB,top,R Jadeja,spin,good,slow_turner,166,0,5,1,4,0,0
423,3,powerplay,N Pooran,LHB,top,H Patel,pace,avg,slow_turner,166,6,9,1,12,0,1
423,4,powerplay,N Pooran,LHB,top,Y Chahal,spin,good,slow_turner,166,12,21,1,9,1,0
423,5,powerplay,S Yadav,RHB,top,K Ahmed,pace,avg,slow_turner,166,0,30,2,5,1,0
423,6,powerplay,V Kohli,RHB,top,M Shami,pace,good,slow_turner,166,0,35,3,4,0,0
423,7,middle,V Kohli,RHB,top,T Boult,pace,good,slow_turner,166,6,39,3,9,1,0
423,8,middle,R Parag,RHB,avg,R Jadeja,spin,good,slow_turner,166,0,48,4,0,1,0
423,9,middle,S Gill,RHB,solid,H Patel,pace,avg,slow_turner,166,0,48,5,8,1,0
424,1,powerplay,R Parag,RHB,avg,H Patel,pace,avg,batting_paradise,173,0,0,0,10,0,0
424,2,powerplay,R Parag,RHB,avg,T Boult,pace,good,batting_paradise,173,6,10,0,2,1,0
424,3,powerplay,KL Rahul,RHB,solid,M Shami,pace,good,batting_paradise,173,0,12,1,5,0,0
424,4,powerplay,KL Rahul,RHB,solid,A Rashid,spin,elite,batting_paradise,173,6,17,1,8,0,0
424,5,powerplay,KL Rahul,RHB,solid,K Ahmed,pace,avg,batting_paradise,173,12,25,1,11,1,0
424,6,powerplay,N Pooran,LHB,top,J Bumrah,pace,elite,batting_paradise,173,0,36,2,6,0,0
424,7,middle,N Pooran,LHB,top,H Patel,pace,avg,batting_paradise,173,6,42,2,10,0,0
424,8,middle,N Pooran,LHB,top,T Boult,pace,good,batting_paradise,173,12,52,2,9,0,1
424,9,middle,N Pooran,LHB,top,M Shami,pace,good,batting_paradise,173,18,61,2,12,0,2
424,10,middle,N Pooran,LHB,top,A Rashid,spin,elite,batting_paradise,173,24,73,2,14,0,1
424,11,middle,N Pooran,LHB,top,K Ahmed,pace,avg,batting_paradise,173,30,87,2,10,0,0
424,12,middle,N Pooran,LHB,top,J Bumrah,pace,elite,batting_paradise,173,36,97,2,16,0,1
424,13,middle,N Pooran,LHB,top,H Patel,pace,avg,batting_paradise,173,42,113,2,19,0,2
424,14,middle,N Pooran,LHB,top,T Boult,pace,good,batting_paradise,173,48,132,2,9,0,0
424,15,middle,N Pooran,LHB,top,M Shami,pace,good,batting_paradise,173,54,141,2,11,0,0
424,16,death,N Pooran,LHB,top,A Rashid,spin,elite,batting_paradise,173,60,152,2,18,0,2
424,17,death,N Pooran,LHB,top,K Ahmed,pace,avg,batting_paradise,173,66,170,2,22,0,2
424,18,death,N Pooran,LHB,top,J Bumrah,pace,elite,batting_paradise,173,72,192,2,13,0,1
424,19,death,N Pooran,LHB,top,H Patel,pace,avg,batting_paradise,173,78,205,2,22,0,2
424,20,death,N Pooran,LHB,top,T Boult,pace,good,batting_paradise,173,84,227,2,20,1,2
425,1,powerplay,KL Rahul,RHB,solid,K Ahmed,pace,avg,batting_paradise,184,0,0,0,12,1,2
425,2,powerplay,S Gill,RHB,solid,R Jadeja,spin,good,batting_paradise,184,0,12,1,5,0,0
425,3,powerplay,S Gill,RHB,solid,J Bumrah,pace,elite,batting_paradise,184,6,17,1,7,1,0
425,4,powerplay,N Pooran,LHB,top,H Patel,pace,avg,batting_paradise,184,0,24,2,6,0,1
425,5,powerplay,N Pooran,LHB,top,A Rashid,spin,elite,batting_paradise,184,6,30,2,3,0,0
425,6,powerplay,N Pooran,LHB,top,M Shami,pace,good,batting_paradise,184,12,33,2,9,0,0
425,7,middle,N Pooran,LHB,top,K Ahmed,pace,avg,batting_paradise,184,18,42,2,5,1,1
425,8,middle,R Parag,RHB,avg,R Jadeja,spin,good,batting_paradise,184,0,47,3,2,0,0
425,9,middle,R Parag,RHB,avg,J Bumrah,pace,elite,batting_paradise,184,6,49,3,4,0,0
425,10,middle,R Parag,RHB,avg,H Patel,pace,avg,batting_paradise,184,12,53,3,11,0,0
425,11,middle,R Parag,RHB,avg,A Rashid,spin,elite,batting_paradise,184,18,64,3,8,0,0
425,12,middle,R Parag,RHB,avg,M Shami,pace,good,batting_paradise,184,24,72,3,6,0,0
425,13,middle,R Parag,RHB,avg,K Ahmed,pace,avg,batting_paradise,184,30,78,3,13,0,1
425,14,middle,R Parag,RHB,avg,R Jadeja,spin,good,batting_paradise,184,36,91,3,0,1,1
425,15,middle,R Pant,LHB,top,J Bumrah,pace,elite,batting_paradise,184,0,91,4,9,0,0
425,16,death,R Pant,LHB,top,H Patel,pace,avg,batting_paradise,184,6,100,4,12,0,1
425,17,death,R Pant,LHB,top,A Rashid,spin,elite,batting_paradise,184,12,112,4,13,0,1
425,18,death,R Pant,LHB,top,M Shami,pace,good,batting_paradise,184,18,125,4,15,1,2
425,19,death,R Sharma,RHB,top,K Ahmed,pace,avg,batting_paradise,184,0,140,5,16,1,2
426,1,powerplay,R Sharma,RHB,top,M Shami,pace,good,seaming_track,144,0,0,0,9,0,0
426,2,powerplay,R Sharma,RHB,top,Y Chahal,spin,good,seaming_track,144,6,9,0,8,0,0
426,3,powerplay,R Sharma,RHB,top,J Bumrah,pace,elite,seaming_track,144,12,17,0,3,1,1
426,4,powerplay,H Pandya,RHB,solid,A Rashid,spin,elite,seaming_track,144,0,20,1,3,0,0
426,5,powerplay,H Pandya,RHB,solid,K Ahmed,pace,avg,seaming_track,144,6,23,1,4,0,1
426,6,powerplay,H Pandya,RHB,solid,R Jadeja,spin,good,seaming_track,144,12,27,1,4,0,1
426,7,middle,H Pandya,RHB,solid,M Shami,pace,good,seaming_track,144,18,31,1,7,0,0
426,8,middle,H Pandya,RHB,solid,Y Chahal,spin,good,seaming_track,144,24,38,1,11,0,0
426,9,middle,H Pandya,RHB,solid,J Bumrah,pace,elite,seaming_track,144,30,49,1,2,1,0
426,10,middle,V Kohli,RHB,top,A Rashid,spin,elite,seaming_track,144,0,51,2,2,1,1
426,11,middle,D Padikkal,LHB,avg,K Ahmed,pace,avg,seaming_track,144,0,53,3,1,1,1
426,12,middle,KL Rahul,RHB,solid,R Jadeja,spin,good,seaming_track,144,0,54,4,1,1,0
426,13,middle,S Yadav,RHB,top,M Shami,pace,good,seaming_track,144,0,55,5,5,0,0
426,14,middle,S Yadav,RHB,top,Y Chahal,spin,good,seaming_track,144,6,60,5,5,1,0
427,1,powerplay,S Gill,RHB,solid,Y Chahal,spin,good,seaming_track,156,0,0,0,0,1,0
427,2,powerplay,R Pant,LHB,top,R Jadeja,spin,good,seaming_track,156,0,0,1,9,1,0
427,3,powerplay,R Sharma,RHB,top,J Bumrah,pace,elite,seaming_track,156,0,9,2,4,0,0
427,4,powerplay,R Sharma,RHB,top,A Rashid,spin,elite,seaming_track,156,6,13,2,2,0,0
427,5,powerplay,R Sharma,RHB,top,T Boult,pace,good,seaming_track,156,12,15,2,9,1,0
427,6,powerplay,V Kohli,RHB,top,M Shami,pace,good,seaming_track,156,0,24,3,14,0,1
427,7,middle,V Kohli,RHB,top,Y Chahal,spin,good,seaming_track,156,6,38,3,6,0,0
427,8,middle,V Kohli,RHB,top,R Jadeja,spin,good,seaming_track,156,12,44,3,4,1,0
427,9,middle,R Parag,RHB,avg,J Bumrah,pace,elite,seaming_track,156,0,48,4,5,0,0
427,10,middle,R Parag,RHB,avg,A Rashid,spin,elite,seaming_track,156,6,53,4,2,0,0
427,11,middle,R Parag,RHB,avg,T Boult,pace,good,seaming_track,156,12,55,4,3,0,0
427,12,middle,R Parag,RHB,avg,M Shami,pace,good,seaming_track,156,18,58,4,1,0,0
427,13,middle,R Parag,RHB,avg,Y Chahal,spin,good,seaming_track,156,24,59,4,7,1,0
427,14,middle,N Pooran,LHB,top,R Jadeja,spin,good,seaming_track,156,0,66,5,6,0,0
427,15,middle,N Pooran,LHB,top,J Bumrah,pace,elite,seaming_track,156,6,72,5,6,0,0
427,16,death,N Pooran,LHB,top,A Rashid,spin,elite,seaming_track,156,12,78,5,4,1,0
428,1,powerplay,R Sharma,RHB,top,A Rashid,spin,elite,slow_turner,154,0,0,0,3,1,0
428,2,powerplay,N Pooran,LHB,top,M Shami,pace,good,slow_turner,154,0,3,1,5,0,0
428,3,powerplay,N Pooran,LHB,top,T Boult,pace,good,slow_turner,154,6,8,1,4,1,1
428,4,powerplay,R Pant,LHB,top,R Jadeja,spin,good,slow_turner,154,0,12,2,7,0,0
428,5,powerplay,R Pant,LHB,top,J Bumrah,pace,elite,slow_turner,154,6,19,2,7,0,0
428,6,powerplay,R Pant,LHB,top,Y Chahal,spin,good,slow_turner,154,12,26,2,7,0,0
428,7,middle,R Pant,LHB,top,A Rashid,spin,elite,slow_turner,154,18,33,2,4,1,0
428,8,middle,S Gill,RHB,solid,M Shami,pace,good,slow_turner,154,0,37,3,3,0,0
428,9,middle,S Gill,RHB,solid,T Boult,pace,good,slow_turner,154,6,40,3,4,0,0
428,10,middle,S Gill,RHB,solid,R Jadeja,spin,good,slow_turner,154,12,44,3,5,0,0
428,11,middle,S Gill,RHB,solid,J Bumrah,pace,elite,slow_turner,154,18,49,3,4,0,0
428,12,middle,S Gill,RHB,solid,Y Chahal,spin,good,slow_turner,154,24,53,3,10,0,1
428,13,middle,S Gill,RHB,solid,A Rashid,spin,elite,slow_turner,154,30,63,3,6,0,1
428,14,middle,S Gill,RHB,solid,M Shami,pace,good,slow_turner,154,36,69,3,4,0,0
428,15,middle,S Gill,RHB,solid,T Boult,pace,good,slow_turner,154,42,73,3,6,0,0
428,16,death,S Gill,RHB,solid,R Jadeja,spin,good,slow_turner,154,48,79,3,6,0,0
428,17,death,S Gill,RHB,solid,J Bumrah,pace,elite,slow_turner,154,54,85,3,7,1,0
428,18,death,V Kohli,RHB,top,Y Chahal,spin,good,slow_turner,154,0,92,4,6,1,0
428,19,death,R Parag,RHB,avg,A Rashid,spin,elite,slow_turner,154,0,98,5,1,1,0
429,1,powerplay,N Pooran,LHB,top,Y Chahal,spin,good,batting_paradise,171,0,0,0,9,1,0
429,2,powerplay,KL Rahul,RHB,solid,K Ahmed,pace,avg,batting_paradise,171,0,9,1,4,1,0
429,3,powerplay,R Pant,LHB,top,A Rashid,spin,elite,batting_paradise,171,0,13,2,8,0,1
429,4,powerplay,R Pant,LHB,top,H Patel,pace,avg,batting_paradise,171,6,21,2,9,0,0
429,5,powerplay,R Pant,LHB,top,T Boult,pace,good,batting_paradise,171,12,30,2,16,0,1
429,6,powerplay,R Pant,LHB,top,M Shami,pace,good,batting_paradise,171,18,46,2,9,1,0
429,7,middle,V Kohli,RHB,top,Y Chahal,spin,good,batting_paradise,171,0,55,3,8,0,1
429,8,middle,V Kohli,RHB,top,K Ahmed,pace,avg,batting_paradise,171,6,63,3,8,0,0
429,9,middle,V Kohli,RHB,top,A Rashid,spin,elite,batting_paradise,171,12,71,3,8,0,0
429,10,middle,V Kohli,RHB,top,H Patel,pace,avg,batting_paradise,171,18,79,3,11,0,0
429,11,middle,V Kohli,RHB,top,T Boult,pace,good,batting_paradise,171,24,90,3,10,1,1
429,12,middle,S Yadav,RHB,top,M Shami,pace,good,batting_paradise,171,0,100,4,10,0,0
429,13,middle,S Yadav,RHB,top,Y Chahal,spin,good,batting_paradise,171,6,110,4,13,0,1
429,14,middle,S Yadav,RHB,top,K Ahmed,pace,avg,batting_paradise,171,12,123,4,10,0,0
429,15,middle,S Yadav,RHB,top,A Rashid,spin,elite,batting_paradise,171,18,133,4,7,0,0
429,16,death,S Yadav,RHB,top,H Patel,pace,avg,batting_paradise,171,24,140,4,14,0,2
429,17,death,S Yadav,RHB,top,T Boult,pace,good,batting_paradise,171,30,154,4,16,1,2
429,18,death,R Sharma,RHB,top,M Shami,pace,good,batting_paradise,171,0,170,5,13,0,2
429,19,death,R Sharma,RHB,top,Y Chahal,spin,good,batting_paradise,171,6,183,5,3,1,0
430,1,powerplay,H Pandya,RHB,solid,T Boult,pace,good,balanced,154,0,0,0,7,0,0
430,2,powerplay,H Pandya,RHB,solid,K Ahmed,pace,avg,balanced,154,6,7,0,4,0,0
430,3,powerplay,H Pandya,RHB,solid,M Shami,pace,good,balanced,154,12,11,0,10,0,0
430,4,powerplay,H Pandya,RHB,solid,H Patel,pace,avg,balanced,154,18,21,0,3,1,0
430,5,powerplay,R Sharma,RHB,top,J Bumrah,pace,elite,balanced,154,0,24,1,6,1,1
430,6,powerplay,N Pooran,LHB,top,R Jadeja,spin,good,balanced,154,0,30,2,7,0,0
430,7,middle,N Pooran,LHB,top,T Boult,pace,good,balanced,154,6,37,2,6,0,0
430,8,middle,N Pooran,LHB,top,K Ahmed,pace,avg,balanced,154,12,43,2,7,0,0
430,9,middle,N Pooran,LHB,top,M Shami,pace,good,balanced,154,18,50,2,6,0,0
430,10,middle,N Pooran,LHB,top,H Patel,pace,avg,balanced,154,24,56,2,15,0,2
430,11,middle,N Pooran,LHB,top,J Bumrah,pace,elite,balanced,154,30,71,2,11,0,0
430,12,middle,N Pooran,LHB,top,R Jadeja,spin,good,balanced,154,36,82,2,8,0,0
430,13,middle,N Pooran,LHB,top,T Boult,pace,good,balanced,154,42,90,2,12,1,2
430,14,middle,R Parag,RHB,avg,K Ahmed,pace,avg,balanced,154,0,102,3,5,0,0
430,15,middle,R Parag,RHB,avg,M Shami,pace,good,balanced,154,6,107,3,1,0,0
430,16,death,R Parag,RHB,avg,H Patel,pace,avg,balanced,154,12,108,3,4,1,0
430,17,death,S Yadav,RHB,top,J Bumrah,pace,elite,balanced,154,0,112,4,10,0,0
430,18,death,S Yadav,RHB,top,R Jadeja,spin,good,balanced,154,6,122,4,7,0,0
430,19,death,S Yadav,RHB,top,T Boult,pace,good,balanced,154,12,129,4,16,1,2
430,20,death,KL Rahul,RHB,solid,K Ahmed,pace,avg,balanced,154,0,145,5,9,1,1
431,1,powerplay,S Yadav,RHB,top,K Ahmed,pace,avg,seaming_track,150,0,0,0,4,1,0
431,2,powerplay,D Padikkal,LHB,avg,M Shami,pace,good,seaming_track,150,0,4,1,2,0,1
431,3,powerplay,D Padikkal,LHB,avg,T Boult,pace,good,seaming_track,150,6,6,1,3,0,0
431,4,powerplay,D Padikkal,LHB,avg,J Bumrah,pace,elite,seaming_track,150,12,9,1,3,0,0
431,5,powerplay,D Padikkal,LHB,avg,H Patel,pace,avg,seaming_track,150,18,12,1,6,0,0
431,6,powerplay,D Padikkal,LHB,avg,A Rashid,spin,elite,seaming_track,150,24,18,1,0,1,0
431,7,middle,R Parag,RHB,avg,K Ahmed,pace,avg,seaming_track,150,0,18,2,10,0,0
431,8,middle,R Parag,RHB,avg,M Shami,pace,good,seaming_track,150,6,28,2,2,0,0
431,9,middle,R Parag,RHB,avg,T Boult,pace,good,seaming_track,150,12,30,2,4,1,0
431,10,middle,V Kohli,RHB,top,J Bumrah,pace,elite,seaming_track,150,0,34,3,8,0,0
431,11,middle,V Kohli,RHB,top,H Patel,pace,avg,seaming_track,150,6,42,3,10,0,0
431,12,middle,V Kohli,RHB,top,A Rashid,spin,elite,seaming_track,150,12,52,3,9,0,0
431,13,middle,V Kohli,RHB,top,K Ahmed,pace,avg,seaming_track,150,18,61,3,15,0,1
431,14,middle,V Kohli,RHB,top,M Shami,pace,good,seaming_track,150,24,76,3,6,0,0
431,15,middle,V Kohli,RHB,top,T Boult,pace,good,seaming_track,150,30,82,3,7,0,0
431,16,death,V Kohli,RHB,top,J Bumrah,pace,elite,seaming_track,150,36,89,3,5,1,0
431,17,death,R Sharma,RHB,top,H Patel,pace,avg,seaming_track,150,0,94,4,10,1,0
431,18,death,KL Rahul,RHB,solid,A Rashid,spin,elite,seaming_track,150,0,104,5,5,0,0
431,19,death,KL Rahul,RHB,solid,K Ahmed,pace,avg,seaming_track,150,6,109,5,13,0,1
431,20,death,KL Rahul,RHB,solid,M Shami,pace,good,seaming_track,150,12,122,5,9,0,0
432,1,powerplay,S Gill,RHB,solid,M Shami,pace,good,batting_paradise,160,0,0,0,1,1,0
432,2,powerplay,R Pant,LHB,top,R Jadeja,spin,good,batting_paradise,160,0,1,1,7,0,0
432,3,powerplay,R Pant,LHB,top,A Rashid,spin,elite,batting_paradise,160,6,8,1,4,0,0
432,4,powerplay,R Pant,LHB,top,K Ahmed,pace,avg,batting_paradise,160,12,12,1,7,0,0
432,5,powerplay,R Pant,LHB,top,T Boult,pace,good,batting_paradise,160,18,19,1,4,0,1
432,6,powerplay,R Pant,LHB,top,Y Chahal,spin,good,batting_paradise,160,24,23,1,22,0,2
432,7,middle,R Pant,LHB,top,M Shami,pace,good,batting_paradise,160,30,45,1,18,0,1
432,8,middle,R Pant,LHB,top,R Jadeja,spin,good,batting_paradise,160,36,63,1,12,0,2
432,9,middle,R Pant,LHB,top,A Rashid,spin,elite,batting_paradise,160,42,75,1,10,0,0
432,10,middle,R Pant,LHB,top,K Ahmed,pace,avg,batting_paradise,160,48,85,1,15,0,1
432,11,middle,R Pant,LHB,top,T Boult,pace,good,batting_paradise,160,54,100,1,11,0,1
432,12,middle,R Pant,LHB,top,Y Chahal,spin,good,batting_paradise,160,60,111,1,16,0,1
432,13,middle,R Pant,LHB,top,M Shami,pace,good,batting_paradise,160,66,127,1,16,0,1
432,14,middle,R Pant,LHB,top,R Jadeja,spin,good,batting_paradise,160,72,143,1,9,1,0
432,15,middle,S Yadav,RHB,top,A Rashid,spin,elite,batting_paradise,160,0,152,2,11,0,0
432,16,death,S Yadav,RHB,top,K Ahmed,pace,avg,batting_paradise,160,6,163,2,19,0,1
432,17,death,S Yadav,RHB,top,T Boult,pace,good,batting_paradise,160,12,182,2,10,0,0
432,18,death,S Yadav,RHB,top,Y Chahal,spin,good,batting_paradise,160,18,192,2,15,0,1
432,19,death,S Yadav,RHB,top,M Shami,pace,good,batting_paradise,160,24,207,2,18,0,2
432,20,death,S Yadav,RHB,top,R Jadeja,spin,good,batting_paradise,160,30,225,2,16,0,1
433,1,powerplay,V Kohli,RHB,top,K Ahmed,pace,avg,balanced,190,0,0,0,9,0,0
433,2,powerplay,V Kohli,RHB,top,H Patel,pace,avg,balanced,190,6,9,0,9,0,0
433,3,powerplay,V Kohli,RHB,top,A Rashid,spin,elite,balanced,190,12,18,0,8,0,0
433,4,powerplay,V Kohli,RHB,top,M Shami,pace,good,balanced,190,18,26,0,12,0,2
433,5,powerplay,V Kohli,RHB,top,Y Chahal,spin,good,balanced,190,24,38,0,12,0,1
433,6,powerplay,V Kohli,RHB,top,T Boult,pace,good,balanced,190,30,50,0,13,0,1
433,7,middle,V Kohli,RHB,top,K Ahmed,pace,avg,balanced,190,36,63,0,15,0,2
433,8,middle,V Kohli,RHB,top,H Patel,pace,avg,balanced,190,42,78,0,15,0,1
433,9,middle,V Kohli,RHB,top,A Rashid,spin,elite,balanced,190,48,93,0,2,1,0
433,10,middle,R Pant,LHB,top,M Shami,pace,good,balanced,190,0,95,1,8,1,0
433,11,middle,H Pandya,RHB,solid,Y Chahal,spin,good,balanced,190,0,103,2,8,0,0
433,12,middle,H Pandya,RHB,solid,T Boult,pace,good,balanced,190,6,111,2,4,1,0
433,13,middle,N Pooran,LHB,top,K Ahmed,pace,avg,balanced,190,0,115,3,5,0,0
433,14,middle,N Pooran,LHB,top,H Patel,pace,avg,balanced,190,6,120,3,8,0,0
433,15,middle,N Pooran,LHB,top,A Rashid,spin,elite,balanced,190,12,128,3,8,1,0
433,16,death,KL Rahul,RHB,solid,M Shami,pace,good,balanced,190,0,136,4,8,0,0
433,17,death,KL Rahul,RHB,solid,Y Chahal,spin,good,balanced,190,6,144,4,7,1,0
433,18,death,S Yadav,RHB,top,T Boult,pace,good,balanced,190,0,151,5,7,1,0
434,1,powerplay,R Sharma,RHB,top,T Boult,pace,good,seaming_track,166,0,0,0,5,0,0
434,2,powerplay,R Sharma,RHB,top,Y Chahal,spin,good,seaming_track,166,6,5,0,1,1,0
434,3,powerplay,D Padikkal,LHB,avg,H Patel,pace,avg,seaming_track,166,0,6,1,2,1,0
434,4,powerplay,S Yadav,RHB,top,J Bumrah,pace,elite,seaming_track,166,0,8,2,2,1,0
434,5,powerplay,V Kohli,RHB,top,M Shami,pace,good,seaming_track,166,0,10,3,6,0,0
434,6,powerplay,V Kohli,RHB,top,A Rashid,spin,elite,seaming_track,166,6,16,3,3,0,0
434,7,middle,V Kohli,RHB,top,T Boult,pace,good,seaming_track,166,12,19,3,4,0,0
434,8,middle,V Kohli,RHB,top,Y Chahal,spin,good,seaming_track,166,18,23,3,9,0,0
434,9,middle,V Kohli,RHB,top,H Patel,pace,avg,seaming_track,166,24,32,3,12,0,1
434,10,middle,V Kohli,RHB,top,J Bumrah,pace,elite,seaming_track,166,30,44,3,6,1,0
434,11,middle,KL Rahul,RHB,solid,M Shami,pace,good,seaming_track,166,0,50,4,5,0,0
434,12,middle,KL Rahul,RHB,solid,A Rashid,spin,elite,seaming_track,166,6,55,4,4,1,0
434,13,middle,S Gill,RHB,solid,T Boult,pace,good,seaming_track,166,0,59,5,3,0,0
434,14,middle,S Gill,RHB,solid,Y Chahal,spin,good,seaming_track,166,6,62,5,4,0,0
434,15,middle,S Gill,RHB,solid,H Patel,pace,avg,seaming_track,166,12,66,5,9,1,0
435,1,powerplay,R Pant,LHB,top,R Jadeja,spin,good,batting_paradise,170,0,0,0,10,0,1
435,2,powerplay,R Pant,LHB,top,Y Chahal,spin,good,batting_paradise,170,6,10,0,9,1,1
435,3,powerplay,H Pandya,RHB,solid,H Patel,pace,avg,batting_paradise,170,0,19,1,8,1,1
435,4,powerplay,D Padikkal,LHB,avg,J Bumrah,pace,elite,batting_paradise,170,0,27,2,8,0,0
435,5,powerplay,D Padikkal,LHB,avg,K Ahmed,pace,avg,batting_paradise,170,6,35,2,5,0,0
435,6,powerplay,D Padikkal,LHB,avg,M Shami,pace,good,batting_paradise,170,12,40,2,6,0,1
435,7,middle,D Padikkal,LHB,avg,R Jadeja,spin,good,batting_paradise,170,18,46,2,6,1,0
435,8,middle,R Sharma,RHB,top,Y Chahal,spin,good,batting_paradise,170,0,52,3,8,1,0
435,9,middle,N Pooran,LHB,top,H Patel,pace,avg,batting_paradise,170,0,60,4,10,0,1
435,10,middle,N Pooran,LHB,top,J Bumrah,pace,elite,batting_paradise,170,6,70,4,3,0,0
435,11,middle,N Pooran,LHB,top,K Ahmed,pace,avg,batting_paradise,170,12,73,4,17,0,1
435,12,middle,N Pooran,LHB,top,M Shami,pace,good,batting_paradise,170,18,90,4,11,0,0
435,13,middle,N Pooran,LHB,top,R Jadeja,spin,good,batting_paradise,170,24,101,4,19,0,1
435,14,middle,N Pooran,LHB,top,Y Chahal,spin,good,batting_paradise,170,30,120,4,16,0,1
435,15,middle,N Pooran,LHB,top,H Patel,pace,avg,batting_paradise,170,36,136,4,14,0,2
435,16,death,N Pooran,LHB,top,J Bumrah,pace,elite,batting_paradise,170,42,150,4,13,1,1
435,17,death,S Gill,RHB,solid,K Ahmed,pace,avg,batting_paradise,170,0,163,5,21,0,1
435,18,death,S Gill,RHB,solid,M Shami,pace,good,batting_paradise,170,6,184,5,10,0,1
435,19,death,S Gill,RHB,solid,R Jadeja,spin,good,batting_paradise,170,12,194,5,6,0,0
435,20,death,S Gill,RHB,solid,Y Chahal,spin,good,batting_paradise,170,18,200,5,11,1,0
436,1,powerplay,R Pant,LHB,top,Y Chahal,spin,good,slow_turner,152,0,0,0,3,0,0
436,2,powerplay,R Pant,LHB,top,M Shami,pace,good,slow_turner,152,6,3,0,8,1,0
436,3,powerplay,D Padikkal,LHB,avg,H Patel,pace,avg,slow_turner,152,0,11,1,3,1,0
436,4,powerplay,N Pooran,LHB,top,J Bumrah,pace,elite,slow_turner,152,0,14,2,6,1,0
436,5,powerplay,V Kohli,RHB,top,A Rashid,spin,elite,slow_turner,152,0,20,3,3,1,0
436,6,powerplay,S Gill,RHB,solid,R Jadeja,spin,good,slow_turner,152,0,23,4,1,1,0
436,7,middle,R Sharma,RHB,top,Y Chahal,spin,good,slow_turner,152,0,24,5,2,0,0
436,8,middle,R Sharma,RHB,top,M Shami,pace,good,slow_turner,152,6,26,5,5,1,0
437,1,powerplay,H Pandya,RHB,solid,R Jadeja,spin,good,batting_paradise,177,0,0,0,7,0,0
437,2,powerplay,H Pandya,RHB,solid,T Boult,pace,good,batting_paradise,177,6,7,0,12,1,1
437,3,powerplay,S Gill,RHB,solid,J Bumrah,pace,elite,batting_paradise,177,0,19,1,4,1,0
437,4,powerplay,V Kohli,RHB,top,Y Chahal,spin,good,batting_paradise,177,0,23,2,8,0,0
437,5,powerplay,V Kohli,RHB,top,A Rashid,spin,elite,batting_paradise,177,6,31,2,8,1,0
437,6,powerplay,N Pooran,LHB,top,K Ahmed,pace,avg,batting_paradise,177,0,39,3,13,0,2
437,7,middle,N Pooran,LHB,top,R Jadeja,spin,good,batting_paradise,177,6,52,3,8,1,0
437,8,middle,R Pant,LHB,top,T Boult,pace,good,batting_paradise,177,0,60,4,5,0,0
437,9,middle,R Pant,LHB,top,J Bumrah,pace,elite,batting_paradise,177,6,65,4,3,0,0
437,10,middle,R Pant,LHB,top,Y Chahal,spin,good,batting_paradise,177,12,68,4,16,0,1
437,11,middle,R Pant,LHB,top,A Rashid,spin,elite,batting_paradise,177,18,84,4,8,0,0
437,12,middle,R Pant,LHB,top,K Ahmed,pace,avg,batting_paradise,177,24,92,4,19,0,1
437,13,middle,R Pant,LHB,top,R Jadeja,spin,good,batting_paradise,177,30,111,4,20,0,1
437,14,middle,R Pant,LHB,top,T Boult,pace,good,batting_paradise,177,36,131,4,17,1,2
437,15,middle,R Sharma,RHB,top,J Bumrah,pace,elite,batting_paradise,177,0,148,5,6,0,0
437,16,death,R Sharma,RHB,top,Y Chahal,spin,good,batting_paradise,177,6,154,5,11,1,0
438,1,powerplay,S Yadav,RHB,top,J Bumrah,pace,elite,seaming_track,152,0,0,0,6,0,0
438,2,powerplay,S Yadav,RHB,top,Y Chahal,spin,good,seaming_track,152,6,6,0,6,0,1
438,3,powerplay,S Yadav,RHB,top,M Shami,pace,good,seaming_track,152,12,12,0,11,1,1
438,4,powerplay,R Pant,LHB,top,A Rashid,spin,elite,seaming_track,152,0,23,1,5,0,0
438,5,powerplay,R Pant,LHB,top,T Boult,pace,good,seaming_track,152,6,28,1,9,1,0
438,6,powerplay,KL Rahul,RHB,solid,K Ahmed,pace,avg,seaming_track,152,0,37,2,4,1,0
438,7,middle,R Parag,RHB,avg,J Bumrah,pace,elite,seaming_track,152,0,41,3,2,1,0
438,8,middle,R Sharma,RHB,top,Y Chahal,spin,good,seaming_track,152,0,43,4,4,0,0
438,9,middle,R Sharma,RHB,top,M Shami,pace,good,seaming_track,152,6,47,4,13,0,1
438,10,middle,R Sharma,RHB,top,A Rashid,spin,elite,seaming_track,152,12,60,4,4,1,0
438,11,middle,S Gill,RHB,solid,T Boult,pace,good,seaming_track,152,0,64,5,2,1,0
439,1,powerplay,H Pandya,RHB,solid,H Patel,pace,avg,balanced,171,0,0,0,7,0,0
439,2,powerplay,H Pandya,RHB,solid,A Rashid,spin,elite,balanced,171,6,7,0,0,1,0
439,3,powerplay,S Gill,RHB,solid,R Jadeja,spin,good,balanced,171,0,7,1,3,1,0
439,4,powerplay,KL Rahul,RHB,solid,J Bumrah,pace,elite,balanced,171,0,10,2,3,1,0
439,5,powerplay,D Padikkal,LHB,avg,T Boult,pace,good,balanced,171,0,13,3,5,1,0
439,6,powerplay,R Sharma,RHB,top,M Shami,pace,good,balanced,171,0,18,4,5,0,0
439,7,middle,R Sharma,RHB,top,H Patel,pace,avg,balanced,171,6,23,4,7,0,0
439,8,middle,R Sharma,RHB,top,A Rashid,spin,elite,balanced,171,12,30,4,6,1,1
439,9,middle,R Pant,LHB,top,R Jadeja,spin,good,balanced,171,0,36,5,6,1,1
440,1,powerplay,R Sharma,RHB,top,Y Chahal,spin,good,batting_paradise,196,0,0,0,10,0,0
440,2,powerplay,R Sharma,RHB,top,T Boult,pace,good,batting_paradise,196,6,10,0,3,0,0
440,3,powerplay,R Sharma,RHB,top,H Patel,pace,avg,batting_paradise,196,12,13,0,10,0,1
440,4,powerplay,R Sharma,RHB,top,R Jadeja,spin,good,batting_paradise,196,18,23,0,9,0,0
440,5,powerplay,R Sharma,RHB,top,J Bumrah,pace,elite,batting_paradise,196,24,32,0,12,0,2
440,6,powerplay,R Sharma,RHB,top,A Rashid,spin,elite,batting_paradise,196,30,44,0,10,0,1
440,7,middle,R Sharma,RHB,top,Y Chahal,spin,good,batting_paradise,196,36,54,0,8,1,0
440,8,middle,H Pandya,RHB,solid,T Boult,pace,good,batting_paradise,196,0,62,1,5,0,0
440,9,middle,H Pandya,RHB,solid,H Patel,pace,avg,batting_paradise,196,6,67,1,9,0,0
440,10,middle,H Pandya,RHB,solid,R Jadeja,spin,good,batting_paradise,196,12,76,1,10,0,1
440,11,middle,H Pandya,RHB,solid,J Bumrah,pace,elite,batting_paradise,196,18,86,1,2,1,0
440,12,middle,V Kohli,RHB,top,A Rashid,spin,elite,batting_paradise,196,0,88,2,0,1,0
440,13,middle,S Yadav,RHB,top,Y Chahal,spin,good,batting_paradise,196,0,88,3,9,0,0
440,14,middle,S Yadav,RHB,top,T Boult,pace,good,batting_paradise,196,6,97,3,4,0,0
440,15,middle,S Yadav,RHB,top,H Patel,pace,avg,batting_paradise,196,12,101,3,13,0,1
440,16,death,S Yadav,RHB,top,R Jadeja,spin,good,batting_paradise,196,18,114,3,19,0,2
440,17,death,S Yadav,RHB,top,J Bumrah,pace,elite,batting_paradise,196,24,133,3,11,1,0
440,18,death,KL Rahul,RHB,solid,A Rashid,spin,elite,batting_paradise,196,0,144,4,5,0,0
440,19,death,KL Rahul,RHB,solid,Y Chahal,spin,good,batting_paradise,196,6,149,4,8,0,0
440,20,death,KL Rahul,RHB,solid,T Boult,pace,good,batting_paradise,196,12,157,4,14,0,1
441,1,powerplay,R Pant,LHB,top,H Patel,pace,avg,slow_turner,153,0,0,0,7,0,0
441,2,powerplay,R Pant,LHB,top,J Bumrah,pace,elite,slow_turner,153,6,7,0,1,0,0
441,3,powerplay,R Pant,LHB,top,Y Chahal,spin,good,slow_turner,153,12,8,0,4,1,0
441,4,powerplay,S Gill,RHB,solid,A Rashid,spin,elite,slow_turner,153,0,12,1,2,1,0
441,5,powerplay,V Kohli,RHB,top,K Ahmed,pace,avg,slow_turner,153,0,14,2,12,0,2
441,6,powerplay,V Kohli,RHB,top,T Boult,pace,good,slow_turner,153,6,26,2,9,0,0
441,7,middle,V Kohli,RHB,top,H Patel,pace,avg,slow_turner,153,12,35,2,6,1,1
441,8,middle,N Pooran,LHB,top,J Bumrah,pace,elite,slow_turner,153,0,41,3,2,1,0
441,9,middle,D Padikkal,LHB,avg,Y Chahal,spin,good,slow_turner,153,0,43,4,2,0,0
441,10,middle,D Padikkal,LHB,avg,A Rashid,spin,elite,slow_turner,153,6,45,4,0,1,0
441,11,middle,KL Rahul,RHB,solid,K Ahmed,pace,avg,slow_turner,153,0,45,5,6,0,0
441,12,middle,KL Rahul,RHB,solid,T Boult,pace,good,slow_turner,153,6,51,5,4,0,0
441,13,middle,KL Rahul,RHB,solid,H Patel,pace,avg,slow_turner,153,12,55,5,4,1,0
442,1,powerplay,S Yadav,RHB,top,R Jadeja,spin,good,slow_turner,179,0,0,0,6,0,0
442,2,powerplay,S Yadav,RHB,top,M Shami,pace,good,slow_turner,179,6,6,0,8,1,0
442,3,powerplay,H Pandya,RHB,solid,A Rashid,spin,elite,slow_turner,179,0,14,1,5,0,0
442,4,powerplay,H Pandya,RHB,solid,J Bumrah,pace,elite,slow_turner,179,6,19,1,5,0,0
442,5,powerplay,H Pandya,RHB,solid,Y Chahal,spin,good,slow_turner,179,12,24,1,7,1,0
442,6,powerplay,R Sharma,RHB,top,K Ahmed,pace,avg,slow_turner,179,0,31,2,6,1,0
442,7,middle,R Pant,LHB,top,R Jadeja,spin,good,slow_turner,179,0,37,3,8,0,1
442,8,middle,R Pant,LHB,top,M Shami,pace,good,slow_turner,179,6,45,3,4,1,0
442,9,middle,R Parag,RHB,avg,A Rashid,spin,elite,slow_turner,179,0,49,4,0,1,0
442,10,middle,D Padikkal,LHB,avg,J Bumrah,pace,elite,slow_turner,179,0,49,5,1,1,0
443,1,powerplay,KL Rahul,RHB,solid,Y Chahal,spin,good,batting_paradise,185,0,0,0,6,1,0
443,2,powerplay,R Sharma,RHB,top,J Bumrah,pace,elite,batting_paradise,185,0,6,1,14,1,1
443,3,powerplay,S Yadav,RHB,top,H Patel,pace,avg,batting_paradise,185,0,20,2,11,0,1
443,4,powerplay,S Yadav,RHB,top,R Jadeja,spin,good,batting_paradise,185,6,31,2,10,0,0
443,5,powerplay,S Yadav,RHB,top,M Shami,pace,good,batting_paradise,185,12,41,2,13,0,2
443,6,powerplay,S Yadav,RHB,top,T Boult,pace,good,batting_paradise,185,18,54,2,10,1,0
443,7,middle,R Parag,RHB,avg,Y Chahal,spin,good,batting_paradise,185,0,64,3,4,0,0
443,8,middle,R Parag,RHB,avg,J Bumrah,pace,elite,batting_paradise,185,6,68,3,4,0,1
443,9,middle,R Parag,RHB,avg,H Patel,pace,avg,batting_paradise,185,12,72,3,7,0,0
443,10,middle,R Parag,RHB,avg,R Jadeja,spin,good,batting_paradise,185,18,79,3,8,0,0
443,11,middle,R Parag,RHB,avg,M Shami,pace,good,batting_paradise,185,24,87,3,11,1,0
443,12,middle,H Pandya,RHB,solid,T Boult,pace,good,batting_paradise,185,0,98,4,1,0,0
443,13,middle,H Pandya,RHB,solid,Y Chahal,spin,good,batting_paradise,185,6,99,4,14,0,1
443,14,middle,H Pandya,RHB,solid,J Bumrah,pace,elite,batting_paradise,185,12,113,4,5,0,0
443,15,middle,H Pandya,RHB,solid,H Patel,pace,avg,batting_paradise,185,18,118,4,12,1,2
443,16,death,D Padikkal,LHB,avg,R Jadeja,spin,good,batting_paradise,185,0,130,5,7,0,1
443,17,death,D Padikkal,LHB,avg,M Shami,pace,good,batting_paradise,185,6,137,5,4,0,0
443,18,death,D Padikkal,LHB,avg,T Boult,pace,good,batting_paradise,185,12,141,5,12,0,1
443,19,death,D Padikkal,LHB,avg,Y Chahal,spin,good,batting_paradise,185,18,153,5,4,1,0
444,1,powerplay,D Padikkal,LHB,avg,A Rashid,spin,elite,batting_paradise,145,0,0,0,5,0,0
444,2,powerplay,D Padikkal,LHB,avg,R Jadeja,spin,good,batting_paradise,145,6,5,0,4,0,0
444,3,powerplay,D Padikkal,LHB,avg,M Shami,pace,good,batting_paradise,145,12,9,0,8,0,0
444,4,powerplay,D Padikkal,LHB,avg,H Patel,pace,avg,batting_paradise,145,18,17,0,12,1,1
444,5,powerplay,R Sharma,RHB,top,K Ahmed,pace,avg,batting_paradise,145,0,29,1,11,0,0
444,6,powerplay,R Sharma,RHB,top,T Boult,pace,good,batting_paradise,145,6,40,1,7,0,0
444,7,middle,R Sharma,RHB,top,A Rashid,spin,elite,batting_paradise,145,12,47,1,6,0,1
444,8,middle,R Sharma,RHB,top,R Jadeja,spin,good,batting_paradise,145,18,53,1,3,0,0
444,9,middle,R Sharma,RHB,top,M Shami,pace,good,batting_paradise,145,24,56,1,16,1,1
444,10,middle,R Parag,RHB,avg,H Patel,pace,avg,batting_paradise,145,0,72,2,7,1,0
444,11,middle,N Pooran,LHB,top,K Ahmed,pace,avg,batting_paradise,145,0,79,3,5,0,1
444,12,middle,N Pooran,LHB,top,T Boult,pace,good,batting_paradise,145,6,84,3,8,1,0
444,13,middle,H Pandya,RHB,solid,A Rashid,spin,elite,batting_paradise,145,0,92,4,9,0,0
444,14,middle,H Pandya,RHB,solid,R Jadeja,spin,good,batting_paradise,145,6,101,4,6,0,0
444,15,middle,H Pandya,RHB,solid,M Shami,pace,good,batting_paradise,145,12,107,4,11,0,0
444,16,death,H Pandya,RHB,solid,H Patel,pace,avg,batting_paradise,145,18,118,4,15,0,2
444,17,death,H Pandya,RHB,solid,K Ahmed,pace,avg,batting_paradise,145,24,133,4,13,0,1
444,18,death,H Pandya,RHB,solid,T Boult,pace,good,batting_paradise,145,30,146,4,16,0,2
444,19,death,H Pandya,RHB,solid,A Rashid,spin,elite,batting_paradise,145,36,162,4,19,0,1
444,20,death,H Pandya,RHB,solid,R Jadeja,spin,good,batting_paradise,145,42,181,4,11,0,0
445,1,powerplay,R Sharma,RHB,top,Y Chahal,spin,good,slow_turner,155,0,0,0,5,0,0
445,2,powerplay,R Sharma,RHB,top,K Ahmed,pace,avg,slow_turner,155,6,5,0,4,0,1
445,3,powerplay,R Sharma,RHB,top,T Boult,pace,good,slow_turner,155,12,9,0,6,0,1
445,4,powerplay,R Sharma,RHB,top,J Bumrah,pace,elite,slow_turner,155,18,15,0,10,0,0
445,5,powerplay,R Sharma,RHB,top,A Rashid,spin,elite,slow_turner,155,24,25,0,4,0,0
445,6,powerplay,R Sharma,RHB,top,H Patel,pace,avg,slow_turner,155,30,29,0,10,1,1
445,7,middle,S Yadav,RHB,top,Y Chahal,spin,good,slow_turner,155,0,39,1,5,0,0
445,8,middle,S Yadav,RHB,top,K Ahmed,pace,avg,slow_turner,155,6,44,1,6,0,0
445,9,middle,S Yadav,RHB,top,T Boult,pace,good,slow_turner,155,12,50,1,6,0,1
445,10,middle,S Yadav,RHB,top,J Bumrah,pace,elite,slow_turner,155,18,56,1,4,0,0
445,11,middle,S Yadav,RHB,top,A Rashid,spin,elite,slow_turner,155,24,60,1,7,0,0
445,12,middle,S Yadav,RHB,top,H Patel,pace,avg,slow_turner,155,30,67,1,11,1,0
445,13,middle,H Pandya,RHB,solid,Y Chahal,spin,good,slow_turner,155,0,78,2,10,1,0
445,14,middle,R Pant,LHB,top,K Ahmed,pace,avg,slow_turner,155,0,88,3,8,0,0
445,15,middle,R Pant,LHB,top,T Boult,pace,good,slow_turner,155,6,96,3,3,1,0
445,16,death,N Pooran,LHB,top,J Bumrah,pace,elite,slow_turner,155,0,99,4,8,0,0
445,17,death,N Pooran,LHB,top,A Rashid,spin,elite,slow_turner,155,6,107,4,4,0,0
445,18,death,N Pooran,LHB,top,H Patel,pace,avg,slow_turner,155,12,111,4,9,0,0
445,19,death,N Pooran,LHB,top,Y Chahal,spin,good,slow_turner,155,18,120,4,8,0,0
445,20,death,N Pooran,LHB,top,K Ahmed,pace,avg,slow_turner,155,24,128,4,13,0,2
446,1,powerplay,S Gill,RHB,solid,Y Chahal,spin,good,batting_paradise,155,0,0,0,7,1,0
446,2,powerplay,S Yadav,RHB,top,A Rashid,spin,elite,batting_paradise,155,0,7,1,8,1,1
446,3,powerplay,KL Rahul,RHB,solid,K Ahmed,pace,avg,batting_paradise,155,0,15,2,7,0,0
446,4,powerplay,KL Rahul,RHB,solid,T Boult,pace,good,batting_paradise,155,6,22,2,7,0,0
446,5,powerplay,KL Rahul,RHB,solid,J Bumrah,pace,elite,batting_paradise,155,12,29,2,10,0,0
446,6,powerplay,KL Rahul,RHB,solid,M Shami,pace,good,batting_paradise,155,18,39,2,8,0,0
446,7,middle,KL Rahul,RHB,solid,Y Chahal,spin,good,batting_paradise,155,24,47,2,13,0,2
446,8,middle,KL Rahul,RHB,solid,A Rashid,spin,elite,batting_paradise,155,30,60,2,6,1,0
446,9,middle,H Pandya,RHB,solid,K Ahmed,pace,avg,batting_paradise,155,0,66,3,5,0,0
446,10,middle,H Pandya,RHB,solid,T Boult,pace,good,batting_paradise,155,6,71,3,6,0,0
446,11,middle,H Pandya,RHB,solid,J Bumrah,pace,elite,batting_paradise,155,12,77,3,11,0,0
446,12,middle,H Pandya,RHB,solid,M Shami,pace,good,batting_paradise,155,18,88,3,10,0,0
446,13,middle,H Pandya,RHB,solid,Y Chahal,spin,good,batting_paradise,155,24,98,3,12,0,1
446,14,middle,H Pandya,RHB,solid,A Rashid,spin,elite,batting_paradise,155,30,110,3,15,0,1
446,15,middle,H Pandya,RHB,solid,K Ahmed,pace,avg,batting_paradise,155,36,125,3,13,0,2
446,16,death,H Pandya,RHB,solid,T Boult,pace,good,batting_paradise,155,42,138,3,23,1,1
446,17,death,R Parag,RHB,avg,J Bumrah,pace,elite,batting_paradise,155,0,161,4,1,1,0
446,18,death,R Pant,LHB,top,M Shami,pace,good,batting_paradise,155,0,162,5,14,1,2
447,1,powerplay,S Yadav,RHB,top,K Ahmed,pace,avg,seaming_track,145,0,0,0,12,0,1
447,2,powerplay,S Yadav,RHB,top,Y Chahal,spin,good,seaming_track,145,6,12,0,4,0,0
447,3,powerplay,S Yadav,RHB,top,A Rashid,spin,elite,seaming_track,145,12,16,0,2,1,0
447,4,powerplay,R Pant,LHB,top,J Bumrah,pace,elite,seaming_track,145,0,18,1,4,1,1
447,5,powerplay,V Kohli,RHB,top,R Jadeja,spin,good,seaming_track,145,0,22,2,3,1,1
447,6,powerplay,D Padikkal,LHB,avg,M Shami,pace,good,seaming_track,145,0,25,3,3,1,0
447,7,middle,N Pooran,LHB,top,K Ahmed,pace,avg,seaming_track,145,0,28,4,6,0,0
447,8,middle,N Pooran,LHB,top,Y Chahal,spin,good,seaming_track,145,6,34,4,2,0,0
447,9,middle,N Pooran,LHB,top,A Rashid,spin,elite,seaming_track,145,12,36,4,8,0,0
447,10,middle,N Pooran,LHB,top,J Bumrah,pace,elite,seaming_track,145,18,44,4,4,0,0
447,11,middle,N Pooran,LHB,top,R Jadeja,spin,good,seaming_track,145,24,48,4,9,0,0
447,12,middle,N Pooran,LHB,top,M Shami,pace,good,seaming_track,145,30,57,4,9,0,0
447,13,middle,N Pooran,LHB,top,K Ahmed,pace,avg,seaming_track,145,36,66,4,11,0,0
447,14,middle,N Pooran,LHB,top,Y Chahal,spin,good,seaming_track,145,42,77,4,8,1,0
447,15,middle,R Parag,RHB,avg,A Rashid,spin,elite,seaming_track,145,0,85,5,3,0,0
447,16,death,R Parag,RHB,avg,J Bumrah,pace,elite,seaming_track,145,6,88,5,0,0,0
447,17,death,R Parag,RHB,avg,R Jadeja,spin,good,seaming_track,145,12,88,5,5,0,0
447,18,death,R Parag,RHB,avg,M Shami,pace,good,seaming_track,145,18,93,5,7,0,0
447,19,death,R Parag,RHB,avg,K Ahmed,pace,avg,seaming_track,145,24,100,5,13,1,1
448,1,powerplay,KL Rahul,RHB,solid,Y Chahal,spin,good,batting_paradise,156,0,0,0,12,1,1
448,2,powerplay,S Yadav,RHB,top,H Patel,pace,avg,batting_paradise,156,0,12,1,9,0,1
448,3,powerplay,S Yadav,RHB,top,M Shami,pace,good,batting_paradise,156,6,21,1,6,0,1
448,4,powerplay,S Yadav,RHB,top,J Bumrah,pace,elite,batting_paradise,156,12,27,1,10,0,1
448,5,powerplay,S Yadav,RHB,top,T Boult,pace,good,batting_paradise,156,18,37,1,13,0,1
448,6,powerplay,S Yadav,RHB,top,R Jadeja,spin,good,batting_paradise,156,24,50,1,11,1,0
448,7,middle,S Gill,RHB,solid,Y Chahal,spin,good,batting_paradise,156,0,61,2,4,0,0
448,8,middle,S Gill,RHB,solid,H Patel,pace,avg,batting_paradise,156,6,65,2,13,1,1
448,9,middle,N Pooran,LHB,top,M Shami,pace,good,batting_paradise,156,0,78,3,12,0,1
448,10,middle,N Pooran,LHB,top,J Bumrah,pace,elite,batting_paradise,156,6,90,3,6,0,0
448,11,middle,N Pooran,LHB,top,T Boult,pace,good,batting_paradise,156,12,96,3,14,0,1
448,12,middle,N Pooran,LHB,top,R Jadeja,spin,good,batting_paradise,156,18,110,3,9,0,0
448,13,middle,N Pooran,LHB,top,Y Chahal,spin,good,batting_paradise,156,24,119,3,15,0,1
448,14,middle,N Pooran,LHB,top,H Patel,pace,avg,batting_paradise,156,30,134,3,10,0,0
448,15,middle,N Pooran,LHB,top,M Shami,pace,good,batting_paradise,156,36,144,3,19,0,2
448,16,death,N Pooran,LHB,top,J Bumrah,pace,elite,batting_paradise,156,42,163,3,9,0,0
448,17,death,N Pooran,LHB,top,T Boult,pace,good,batting_paradise,156,48,172,3,17,0,1
448,18,death,N Pooran,LHB,top,R Jadeja,spin,good,batting_paradise,156,54,189,3,13,1,1
448,19,death,V Kohli,RHB,top,Y Chahal,spin,good,batting_paradise,156,0,202,4,14,0,2
448,20,death,V Kohli,RHB,top,H Patel,pace,avg,batting_paradise,156,6,216,4,10,0,1
449,1,powerplay,R Pant,LHB,top,Y Chahal,spin,good,batting_paradise,182,0,0,0,10,0,1
449,2,powerplay,R Pant,LHB,top,T Boult,pace,good,batting_paradise,182,6,10,0,16,0,1
449,3,powerplay,R Pant,LHB,top,R Jadeja,spin,good,batting_paradise,182,12,26,0,12,0,2
449,4,powerplay,R Pant,LHB,top,M Shami,pace,good,batting_paradise,182,18,38,0,11,0,1
449,5,powerplay,R Pant,LHB,top,K Ahmed,pace,avg,batting_paradise,182,24,49,0,21,0,2
449,6,powerplay,R Pant,LHB,top,A Rashid,spin,elite,batting_paradise,182,30,70,0,10,0,0
449,7,middle,R Pant,LHB,top,Y Chahal,spin,good,batting_paradise,182,36,80,0,4,0,1
449,8,middle,R Pant,LHB,top,T Boult,pace,good,batting_paradise,182,42,84,0,8,0,1
449,9,middle,R Pant,LHB,top,R Jadeja,spin,good,batting_paradise,182,48,92,0,10,0,0
449,10,middle,R Pant,LHB,top,M Shami,pace,good,batting_paradise,182,54,102,0,9,0,0
449,11,middle,R Pant,LHB,top,K Ahmed,pace,avg,batting_paradise,182,60,111,0,15,0,2
449,12,middle,R Pant,LHB,top,A Rashid,spin,elite,batting_paradise,182,66,126,0,14,0,1
449,13,middle,R Pant,LHB,top,Y Chahal,spin,good,batting_paradise,182,72,140,0,10,1,1
449,14,middle,KL Rahul,RHB,solid,T Boult,pace,good,batting_paradise,182,0,150,1,1,1,0
449,15,middle,N Pooran,LHB,top,R Jadeja,spin,good,batting_paradise,182,0,151,2,12,0,1
449,16,death,N Pooran,LHB,top,M Shami,pace,good,batting_paradise,182,6,163,2,9,0,1
449,17,death,N Pooran,LHB,top,K Ahmed,pace,avg,batting_paradise,182,12,172,2,14,0,2
449,18,death,N Pooran,LHB,top,A Rashid,spin,elite,batting_paradise,182,18,186,2,16,0,1
449,19,death,N Pooran,LHB,top,Y Chahal,spin,good,batting_paradise,182,24,202,2,14,1,1
449,20,death,R Sharma,RHB,top,T Boult,pace,good,batting_paradise,182,0,216,3,9,1,1
450,1,powerplay,S Gill,RHB,solid,A Rashid,spin,elite,batting_paradise,154,0,0,0,11,0,0
450,2,powerplay,S Gill,RHB,solid,J Bumrah,pace,elite,batting_paradise,154,6,11,0,5,1,0
450,3,powerplay,D Padikkal,LHB,avg,Y Chahal,spin,good,batting_paradise,154,0,16,1,5,1,0
450,4,powerplay,R Sharma,RHB,top,R Jadeja,spin,good,batting_paradise,154,0,21,2,5,1,0
450,5,powerplay,R Parag,RHB,avg,K Ahmed,pace,avg,batting_paradise,154,0,26,3,13,0,1
450,6,powerplay,R Parag,RHB,avg,T Boult,pace,good,batting_paradise,154,6,39,3,5,0,0
450,7,middle,R Parag,RHB,avg,A Rashid,spin,elite,batting_paradise,154,12,44,3,4,0,0
450,8,middle,R Parag,RHB,avg,J Bumrah,pace,elite,batting_paradise,154,18,48,3,3,0,0
450,9,middle,R Parag,RHB,avg,Y Chahal,spin,good,batting_paradise,154,24,51,3,8,0,0
450,10,middle,R Parag,RHB,avg,R Jadeja,spin,good,batting_paradise,154,30,59,3,14,0,1
450,11,middle,R Parag,RHB,avg,K Ahmed,pace,avg,batting_paradise,154,36,73,3,9,0,0
450,12,middle,R Parag,RHB,avg,T Boult,pace,good,batting_paradise,154,42,82,3,10,0,0
450,13,middle,R Parag,RHB,avg,A Rashid,spin,elite,batting_paradise,154,48,92,3,7,0,0
450,14,middle,R Parag,RHB,avg,J Bumrah,pace,elite,batting_paradise,154,54,99,3,13,0,1
450,15,middle,R Parag,RHB,avg,Y Chahal,spin,good,batting_paradise,154,60,112,3,5,0,0
450,16,death,R Parag,RHB,avg,R Jadeja,spin,good,batting_paradise,154,66,117,3,3,0,0
450,17,death,R Parag,RHB,avg,K Ahmed,pace,avg,batting_paradise,154,72,120,3,11,1,0
450,18,death,H Pandya,RHB,solid,T Boult,pace,good,batting_paradise,154,0,131,4,12,1,1
450,19,death,R Pant,LHB,top,A Rashid,spin,elite,batting_paradise,154,0,143,5,7,0,0
450,20,death,R Pant,LHB,top,J Bumrah,pace,elite,batting_paradise,154,6,150,5,9,0,1
451,1,powerplay,H Pandya,RHB,solid,M Shami,pace,good,seaming_track,147,0,0,0,5,1,0
451,2,powerplay,S Gill,RHB,solid,H Patel,pace,avg,seaming_track,147,0,5,1,4,1,1
451,3,powerplay,R Parag,RHB,avg,K Ahmed,pace,avg,seaming_track,147,0,9,2,4,0,0
451,4,powerplay,R Parag,RHB,avg,Y Chahal,spin,good,seaming_track,147,6,13,2,0,1,0
451,5,powerplay,KL Rahul,RHB,solid,R Jadeja,spin,good,seaming_track,147,0,13,3,2,0,0
451,6,powerplay,KL Rahul,RHB,solid,J Bumrah,pace,elite,seaming_track,147,6,15,3,0,1,0
451,7,middle,S Yadav,RHB,top,M Shami,pace,good,seaming_track,147,0,15,4,9,0,0
451,8,middle,S Yadav,RHB,top,H Patel,pace,avg,seaming_track,147,6,24,4,4,1,0
451,9,middle,V Kohli,RHB,top,K Ahmed,pace,avg,seaming_track,147,0,28,5,8,0,0
451,10,middle,V Kohli,RHB,top,Y Chahal,spin,good,seaming_track,147,6,36,5,7,0,0
451,11,middle,V Kohli,RHB,top,R Jadeja,spin,good,seaming_track,147,12,43,5,6,0,0
451,12,middle,V Kohli,RHB,top,J Bumrah,pace,elite,seaming_track,147,18,49,5,10,0,0
451,13,middle,V Kohli,RHB,top,M Shami,pace,good,seaming_track,147,24,59,5,13,0,1
451,14,middle,V Kohli,RHB,top,H Patel,pace,avg,seaming_track,147,30,72,5,14,0,1
451,15,middle,V Kohli,RHB,top,K Ahmed,pace,avg,seaming_track,147,36,86,5,10,0,0
451,16,death,V Kohli,RHB,top,Y Chahal,spin,good,seaming_track,147,42,96,5,4,1,0
452,1,powerplay,V Kohli,RHB,top,K Ahmed,pace,avg,seaming_track,165,0,0,0,8,0,0
452,2,powerplay,V Kohli,RHB,top,Y Chahal,spin,good,seaming_track,165,6,8,0,6,1,0
452,3,powerplay,S Gill,RHB,solid,A Rashid,spin,elite,seaming_track,165,0,14,1,4,0,0
452,4,powerplay,S Gill,RHB,solid,H Patel,pace,avg,seaming_track,165,6,18,1,3,1,0
452,5,powerplay,KL Rahul,RHB,solid,M Shami,pace,good,seaming_track,165,0,21,2,0,1,0
452,6,powerplay,N Pooran,LHB,top,J Bumrah,pace,elite,seaming_track,165,0,21,3,7,0,0
452,7,middle,N Pooran,LHB,top,K Ahmed,pace,avg,seaming_track,165,6,28,3,11,0,1
452,8,middle,N Pooran,LHB,top,Y Chahal,spin,good,seaming_track,165,12,39,3,7,0,0
452,9,middle,N Pooran,LHB,top,A Rashid,spin,elite,seaming_track,165,18,46,3,8,0,0
452,10,middle,N Pooran,LHB,top,H Patel,pace,avg,seaming_track,165,24,54,3,10,0,0
452,11,middle,N Pooran,LHB,top,M Shami,pace,good,seaming_track,165,30,64,3,7,1,0
452,12,middle,R Parag,RHB,avg,J Bumrah,pace,elite,seaming_track,165,0,71,4,0,1,0
452,13,middle,D Padikkal,LHB,avg,K Ahmed,pace,avg,seaming_track,165,0,71,5,7,0,0
452,14,middle,D Padikkal,LHB,avg,Y Chahal,spin,good,seaming_track,165,6,78,5,0,1,0
453,1,powerplay,H Pandya,RHB,solid,H Patel,pace,avg,batting_paradise,167,0,0,0,7,0,0
453,2,powerplay,H Pandya,RHB,solid,J Bumrah,pace,elite,batting_paradise,167,6,7,0,5,1,0
453,3,powerplay,R Sharma,RHB,top,M Shami,pace,good,batting_paradise,167,0,12,1,7,0,0
453,4,powerplay,R Sharma,RHB,top,R Jadeja,spin,good,batting_paradise,167,6,19,1,7,0,0
453,5,powerplay,R Sharma,RHB,top,T Boult,pace,good,batting_paradise,167,12,26,1,16,0,1
453,6,powerplay,R Sharma,RHB,top,A Rashid,spin,elite,batting_paradise,167,18,42,1,10,0,0
453,7,middle,R Sharma,RHB,top,H Patel,pace,avg,batting_paradise,167,24,52,1,13,0,2
453,8,middle,R Sharma,RHB,top,J Bumrah,pace,elite,batting_paradise,167,30,65,1,9,0,1
453,9,middle,R Sharma,RHB,top,M Shami,pace,good,batting_paradise,167,36,74,1,11,0,0
453,10,middle,R Sharma,RHB,top,R Jadeja,spin,good,batting_paradise,167,42,85,1,8,1,0
453,11,middle,R Pant,LHB,top,T Boult,pace,good,batting_paradise,167,0,93,2,4,0,0
453,12,middle,R Pant,LHB,top,A Rashid,spin,elite,batting_paradise,167,6,97,2,11,1,0
453,13,middle,S Yadav,RHB,top,H Patel,pace,avg,batting_paradise,167,0,108,3,14,0,1
453,14,middle,S Yadav,RHB,top,J Bumrah,pace,elite,batting_paradise,167,6,122,3,7,0,0
453,15,middle,S Yadav,RHB,top,M Shami,pace,good,batting_paradise,167,12,129,3,12,0,2
453,16,death,S Yadav,RHB,top,R Jadeja,spin,good,batting_paradise,167,18,141,3,10,0,1
453,17,death,S Yadav,RHB,top,T Boult,pace,good,batting_paradise,167,24,151,3,18,1,2
453,18,death,KL Rahul,RHB,solid,A Rashid,spin,elite,batting_paradise,167,0,169,4,6,0,0
453,19,death,KL Rahul,RHB,solid,H Patel,pace,avg,batting_paradise,167,6,175,4,10,1,0
453,20,death,D Padikkal,LHB,avg,J Bumrah,pace,elite,batting_paradise,167,0,185,5,7,0,0
454,1,powerplay,D Padikkal,LHB,avg,H Patel,pace,avg,batting_paradise,150,0,0,0,6,0,0
454,2,powerplay,D Padikkal,LHB,avg,J Bumrah,pace,elite,batting_paradise,150,6,6,0,5,0,0
454,3,powerplay,D Padikkal,LHB,avg,A Rashid,spin,elite,batting_paradise,150,12,11,0,4,0,0
454,4,powerplay,D Padikkal,LHB,avg,T Boult,pace,good,batting_paradise,150,18,15,0,4,0,1
454,5,powerplay,D Padikkal,LHB,avg,Y Chahal,spin,good,batting_paradise,150,24,19,0,3,0,0
454,6,powerplay,D Padikkal,LHB,avg,M Shami,pace,good,batting_paradise,150,30,22,0,5,0,0
454,7,middle,D Padikkal,LHB,avg,H Patel,pace,avg,batting_paradise,150,36,27,0,6,0,0
454,8,middle,D Padikkal,LHB,avg,J Bumrah,pace,elite,batting_paradise,150,42,33,0,4,1,0
454,9,middle,V Kohli,RHB,top,A Rashid,spin,elite,batting_paradise,150,0,37,1,8,0,0
454,10,middle,V Kohli,RHB,top,T Boult,pace,good,batting_paradise,150,6,45,1,11,1,0
454,11,middle,R Parag,RHB,avg,Y Chahal,spin,good,batting_paradise,150,0,56,2,1,1,0
454,12,middle,S Yadav,RHB,top,M Shami,pace,good,batting_paradise,150,0,57,3,13,1,1
454,13,middle,N Pooran,LHB,top,H Patel,pace,avg,batting_paradise,150,0,70,4,8,0,1
454,14,middle,N Pooran,LHB,top,J Bumrah,pace,elite,batting_paradise,150,6,78,4,8,0,1
454,15,middle,N Pooran,LHB,top,A Rashid,spin,elite,batting_paradise,150,12,86,4,8,0,0
454,16,death,N Pooran,LHB,top,T Boult,pace,good,batting_paradise,150,18,94,4,15,1,2
454,17,death,H Pandya,RHB,solid,Y Chahal,spin,good,batting_paradise,150,0,109,5,4,1,1
455,1,powerplay,H Pandya,RHB,solid,A Rashid,spin,elite,balanced,163,0,0,0,0,1,0
455,2,powerplay,D Padikkal,LHB,avg,T Boult,pace,good,balanced,163,0,0,1,0,1,1
455,3,powerplay,N Pooran,LHB,top,Y Chahal,spin,good,balanced,163,0,0,2,4,0,0
455,4,powerplay,N Pooran,LHB,top,K Ahmed,pace,avg,balanced,163,6,4,2,12,0,1
455,5,powerplay,N Pooran,LHB,top,R Jadeja,spin,good,balanced,163,12,16,2,7,1,0
455,6,powerplay,S Gill,RHB,solid,J Bumrah,pace,elite,balanced,163,0,23,3,4,1,0
455,7,middle,S Yadav,RHB,top,A Rashid,spin,elite,balanced,163,0,27,4,3,1,0
455,8,middle,R Pant,LHB,top,T Boult,pace,good,balanced,163,0,30,5,7,0,0
455,9,middle,R Pant,LHB,top,Y Chahal,spin,good,balanced,163,6,37,5,11,1,0
456,1,powerplay,D Padikkal,LHB,avg,J Bumrah,pace,elite,balanced,151,0,0,0,2,1,0
456,2,powerplay,S Gill,RHB,solid,R Jadeja,spin,good,balanced,151,0,2,1,4,0,0
456,3,powerplay,S Gill,RHB,solid,A Rashid,spin,elite,balanced,151,6,6,1,4,1,0
456,4,powerplay,S Yadav,RHB,top,M Shami,pace,good,balanced,151,0,10,2,14,0,2
456,5,powerplay,S Yadav,RHB,top,H Patel,pace,avg,balanced,151,6,24,2,16,0,1
456,6,powerplay,S Yadav,RHB,top,T Boult,pace,good,balanced,151,12,40,2,7,0,0
456,7,middle,S Yadav,RHB,top,J Bumrah,pace,elite,balanced,151,18,47,2,18,0,1
456,8,middle,S Yadav,RHB,top,R Jadeja,spin,good,balanced,151,24,65,2,6,0,0
456,9,middle,S Yadav,RHB,top,A Rashid,spin,elite,balanced,151,30,71,2,4,1,0
456,10,middle,R Parag,RHB,avg,M Shami,pace,good,balanced,151,0,75,3,1,0,0
456,11,middle,R Parag,RHB,avg,H Patel,pace,avg,balanced,151,6,76,3,10,0,1
456,12,middle,R Parag,RHB,avg,T Boult,pace,good,balanced,151,12,86,3,8,0,0
456,13,middle,R Parag,RHB,avg,J Bumrah,pace,elite,balanced,151,18,94,3,6,0,0
456,14,middle,R Parag,RHB,avg,R Jadeja,spin,good,balanced,151,24,100,3,6,0,1
456,15,middle,R Parag,RHB,avg,A Rashid,spin,elite,balanced,151,30,106,3,5,0,0
456,16,death,R Parag,RHB,avg,M Shami,pace,good,balanced,151,36,111,3,11,1,1
456,17,death,H Pandya,RHB,solid,H Patel,pace,avg,balanced,151,0,122,4,6,0,0
456,18,death,H Pandya,RHB,solid,T Boult,pace,good,balanced,151,6,128,4,11,1,0
456,19,death,R Pant,LHB,top,J Bumrah,pace,elite,balanced,151,0,139,5,6,1,0
457,1,powerplay,R Sharma,RHB,top,Y Chahal,spin,good,batting_paradise,163,0,0,0,6,0,0
457,2,powerplay,R Sharma,RHB,top,R Jadeja,spin,good,batting_paradise,163,6,6,0,5,1,1
457,3,powerplay,N Pooran,LHB,top,T Boult,pace,good,batting_paradise,163,0,11,1,8,0,0
457,4,powerplay,N Pooran,LHB,top,M Shami,pace,good,batting_paradise,163,6,19,1,10,0,0
457,5,powerplay,N Pooran,LHB,top,K Ahmed,pace,avg,batting_paradise,163,12,29,1,19,0,2
457,6,powerplay,N Pooran,LHB,top,H Patel,pace,avg,batting_paradise,163,18,48,1,21,0,2
457,7,middle,N Pooran,LHB,top,Y Chahal,spin,good,batting_paradise,163,24,69,1,7,0,0
457,8,middle,N Pooran,LHB,top,R Jadeja,spin,good,batting_paradise,163,30,76,1,7,0,0
457,9,middle,N Pooran,LHB,top,T Boult,pace,good,batting_paradise,163,36,83,1,17,0,1
457,10,middle,N Pooran,LHB,top,M Shami,pace,good,batting_paradise,163,42,100,1,5,1,0
457,11,middle,R Pant,LHB,top,K Ahmed,pace,avg,batting_paradise,163,0,105,2,3,0,0
457,12,middle,R Pant,LHB,top,H Patel,pace,avg,batting_paradise,163,6,108,2,12,0,2
457,13,middle,R Pant,LHB,top,Y Chahal,spin,good,batting_paradise,163,12,120,2,17,0,2
457,14,middle,R Pant,LHB,top,R Jadeja,spin,good,batting_paradise,163,18,137,2,7,1,0
457,15,middle,KL Rahul,RHB,solid,T Boult,pace,good,batting_paradise,163,0,144,3,7,0,0
457,16,death,KL Rahul,RHB,solid,M Shami,pace,good,batting_paradise,163,6,151,3,7,1,0
457,17,death,S Gill,RHB,solid,K Ahmed,pace,avg,batting_paradise,163,0,158,4,9,0,0
457,18,death,S Gill,RHB,solid,H Patel,pace,avg,batting_paradise,163,6,167,4,16,0,1
457,19,death,S Gill,RHB,solid,Y Chahal,spin,good,batting_paradise,163,12,183,4,8,0,0
457,20,death,S Gill,RHB,solid,R Jadeja,spin,good,batting_paradise,163,18,191,4,10,1,1
458,1,powerplay,R Sharma,RHB,top,A Rashid,spin,elite,balanced,153,0,0,0,8,0,0
458,2,powerplay,R Sharma,RHB,top,R Jadeja,spin,good,balanced,153,6,8,0,8,0,1
458,3,powerplay,R Sharma,RHB,top,M Shami,pace,good,balanced,153,12,16,0,15,0,1
458,4,powerplay,R Sharma,RHB,top,H Patel,pace,avg,balanced,153,18,31,0,13,0,2
458,5,powerplay,R Sharma,RHB,top,Y Chahal,spin,good,balanced,153,24,44,0,10,0,1
458,6,powerplay,R Sharma,RHB,top,K Ahmed,pace,avg,balanced,153,30,54,0,9,0,0
458,7,middle,R Sharma,RHB,top,A Rashid,spin,elite,balanced,153,36,63,0,9,0,0
458,8,middle,R Sharma,RHB,top,R Jadeja,spin,good,balanced,153,42,72,0,8,0,0
458,9,middle,R Sharma,RHB,top,M Shami,pace,good,balanced,153,48,80,0,12,0,1
458,10,middle,R Sharma,RHB,top,H Patel,pace,avg,balanced,153,54,92,0,22,0,2
458,11,middle,R Sharma,RHB,top,Y Chahal,spin,good,balanced,153,60,114,0,3,0,1
458,12,middle,R Sharma,RHB,top,K Ahmed,pace,avg,balanced,153,66,117,0,3,1,0
458,13,middle,V Kohli,RHB,top,A Rashid,spin,elite,balanced,153,0,120,1,3,1,0
458,14,middle,S Gill,RHB,solid,R Jadeja,spin,good,balanced,153,0,123,2,5,1,0
458,15,middle,H Pandya,RHB,solid,M Shami,pace,good,balanced,153,0,128,3,3,1,0
458,16,death,S Yadav,RHB,top,H Patel,pace,avg,balanced,153,0,131,4,11,1,0
458,17,death,N Pooran,LHB,top,Y Chahal,spin,good,balanced,153,0,142,5,5,1,0
459,1,powerplay,N Pooran,LHB,top,T Boult,pace,good,seaming_track,160,0,0,0,4,1,0
459,2,powerplay,S Yadav,RHB,top,M Shami,pace,good,seaming_track,160,0,4,1,7,1,0
459,3,powerplay,S Gill,RHB,solid,A Rashid,spin,elite,seaming_track,160,0,11,2,4,1,1
459,4,powerplay,D Padikkal,LHB,avg,J Bumrah,pace,elite,seaming_track,160,0,15,3,3,0,0
459,5,powerplay,D Padikkal,LHB,avg,R Jadeja,spin,good,seaming_track,160,6,18,3,0,1,0
459,6,powerplay,H Pandya,RHB,solid,H Patel,pace,avg,seaming_track,160,0,18,4,7,1,0
459,7,middle,V Kohli,RHB,top,T Boult,pace,good,seaming_track,160,0,25,5,2,1,1
460,1,powerplay,R Pant,LHB,top,K Ahmed,pace,avg,slow_turner,170,0,0,0,6,0,1
460,2,powerplay,R Pant,LHB,top,Y Chahal,spin,good,slow_turner,170,6,6,0,6,0,0
460,3,powerplay,R Pant,LHB,top,R Jadeja,spin,good,slow_turner,170,12,12,0,1,1,1
460,4,powerplay,R Parag,RHB,avg,J Bumrah,pace,elite,slow_turner,170,0,13,1,3,1,0
460,5,powerplay,H Pandya,RHB,solid,H Patel,pace,avg,slow_turner,170,0,16,2,5,1,1
460,6,powerplay,S Gill,RHB,solid,M Shami,pace,good,slow_turner,170,0,21,3,3,0,0
460,7,middle,S Gill,RHB,solid,K Ahmed,pace,avg,slow_turner,170,6,24,3,7,1,0
460,8,middle,R Sharma,RHB,top,Y Chahal,spin,good,slow_turner,170,0,31,4,8,0,0
460,9,middle,R Sharma,RHB,top,R Jadeja,spin,good,slow_turner,170,6,39,4,3,0,0
460,10,middle,R Sharma,RHB,top,J Bumrah,pace,elite,slow_turner,170,12,42,4,10,0,0
460,11,middle,R Sharma,RHB,top,H Patel,pace,avg,slow_turner,170,18,52,4,13,0,1
460,12,middle,R Sharma,RHB,top,M Shami,pace,good,slow_turner,170,24,65,4,10,0,0
460,13,middle,R Sharma,RHB,top,K Ahmed,pace,avg,slow_turner,170,30,75,4,10,0,1
460,14,middle,R Sharma,RHB,top,Y Chahal,spin,good,slow_turner,170,36,85,4,1,0,0
460,15,middle,R Sharma,RHB,top,R Jadeja,spin,good,slow_turner,170,42,86,4,7,0,0
460,16,death,R Sharma,RHB,top,J Bumrah,pace,elite,slow_turner,170,48,93,4,10,0,0
460,17,death,R Sharma,RHB,top,H Patel,pace,avg,slow_turner,170,54,103,4,15,0,1
460,18,death,R Sharma,RHB,top,M Shami,pace,good,slow_turner,170,60,118,4,10,0,0
460,19,death,R Sharma,RHB,top,K Ahmed,pace,avg,slow_turner,170,66,128,4,11,0,0
460,20,death,R Sharma,RHB,top,Y Chahal,spin,good,slow_turner,170,72,139,4,9,0,0
461,1,powerplay,R Pant,LHB,top,T Boult,pace,good,slow_turner,191,0,0,0,3,0,0
461,2,powerplay,R Pant,LHB,top,A Rashid,spin,elite,slow_turner,191,6,3,0,5,0,0
461,3,powerplay,R Pant,LHB,top,K Ahmed,pace,avg,slow_turner,191,12,8,0,9,1,0
461,4,powerplay,D Padikkal,LHB,avg,M Shami,pace,good,slow_turner,191,0,17,1,3,0,0
461,5,powerplay,D Padikkal,LHB,avg,Y Chahal,spin,good,slow_turner,191,6,20,1,4,0,0
461,6,powerplay,D Padikkal,LHB,avg,R Jadeja,spin,good,slow_turner,191,12,24,1,3,1,0
461,7,middle,KL Rahul,RHB,solid,T Boult,pace,good,slow_turner,191,0,27,2,0,1,0
461,8,middle,H Pandya,RHB,solid,A Rashid,spin,elite,slow_turner,191,0,27,3,2,1,0
461,9,middle,N Pooran,LHB,top,K Ahmed,pace,avg,slow_turner,191,0,29,4,5,1,0
461,10,middle,S Yadav,RHB,top,M Shami,pace,good,slow_turner,191,0,34,5,4,0,0
461,11,middle,S Yadav,RHB,top,Y Chahal,spin,good,slow_turner,191,6,38,5,4,0,0
461,12,middle,S Yadav,RHB,top,R Jadeja,spin,good,slow_turner,191,12,42,5,6,0,0
461,13,middle,S Yadav,RHB,top,T Boult,pace,good,slow_turner,191,18,48,5,11,0,1
461,14,middle,S Yadav,RHB,top,A Rashid,spin,elite,slow_turner,191,24,59,5,6,1,1
462,1,powerplay,KL Rahul,RHB,solid,H Patel,pace,avg,slow_turner,156,0,0,0,3,1,0
462,2,powerplay,H Pandya,RHB,solid,M Shami,pace,good,slow_turner,156,0,3,1,4,0,0
462,3,powerplay,H Pandya,RHB,solid,J Bumrah,pace,elite,slow_turner,156,6,7,1,2,0,0
462,4,powerplay,H Pandya,RHB,solid,Y Chahal,spin,good,slow_turner,156,12,9,1,13,0,1
462,5,powerplay,H Pandya,RHB,solid,K Ahmed,pace,avg,slow_turner,156,18,22,1,10,0,0
462,6,powerplay,H Pandya,RHB,solid,A Rashid,spin,elite,slow_turner,156,24,32,1,4,1,0
462,7,middle,N Pooran,LHB,top,H Patel,pace,avg,slow_turner,156,0,36,2,5,0,0
462,8,middle,N Pooran,LHB,top,M Shami,pace,good,slow_turner,156,6,41,2,6,0,0
462,9,middle,N Pooran,LHB,top,J Bumrah,pace,elite,slow_turner,156,12,47,2,7,0,0
462,10,middle,N Pooran,LHB,top,Y Chahal,spin,good,slow_turner,156,18,54,2,6,0,0
462,11,middle,N Pooran,LHB,top,K Ahmed,pace,avg,slow_turner,156,24,60,2,7,0,1
462,12,middle,N Pooran,LHB,top,A Rashid,spin,elite,slow_turner,156,30,67,2,4,0,0
462,13,middle,N Pooran,LHB,top,H Patel,pace,avg,slow_turner,156,36,71,2,7,1,0
462,14,middle,S Yadav,RHB,top,M Shami,pace,good,slow_turner,156,0,78,3,10,0,0
462,15,middle,S Yadav,RHB,top,J Bumrah,pace,elite,slow_turner,156,6,88,3,5,1,0
462,16,death,R Pant,LHB,top,Y Chahal,spin,good,slow_turner,156,0,93,4,4,1,0
462,17,death,R Parag,RHB,avg,K Ahmed,pace,avg,slow_turner,156,0,97,5,7,0,0
462,18,death,R Parag,RHB,avg,A Rashid,spin,elite,slow_turner,156,6,104,5,2,0,0
462,19,death,R Parag,RHB,avg,H Patel,pace,avg,slow_turner,156,12,106,5,3,0,1
462,20,death,R Parag,RHB,avg,M Shami,pace,good,slow_turner,156,18,109,5,3,1,0
463,1,powerplay,N Pooran,LHB,top,J Bumrah,pace,elite,slow_turner,147,0,0,0,7,0,1
463,2,powerplay,N Pooran,LHB,top,Y Chahal,spin,good,slow_turner,147,6,7,0,1,1,0
463,3,powerplay,H Pandya,RHB,solid,R Jadeja,spin,good,slow_turner,147,0,8,1,5,0,0
463,4,powerplay,H Pandya,RHB,solid,H Patel,pace,avg,slow_turner,147,6,13,1,5,0,1
463,5,powerplay,H Pandya,RHB,solid,A Rashid,spin,elite,slow_turner,147,12,18,1,10,0,0
463,6,powerplay,H Pandya,RHB,solid,M Shami,pace,good,slow_turner,147,18,28,1,4,1,1
463,7,middle,S Gill,RHB,solid,J Bumrah,pace,elite,slow_turner,147,0,32,2,5,0,0
463,8,middle,S Gill,RHB,solid,Y Chahal,spin,good,slow_turner,147,6,37,2,2,1,1
463,9,middle,R Pant,LHB,top,R Jadeja,spin,good,slow_turner,147,0,39,3,4,0,0
463,10,middle,R Pant,LHB,top,H Patel,pace,avg,slow_turner,147,6,43,3,4,0,0
463,11,middle,R Pant,LHB,top,A Rashid,spin,elite,slow_turner,147,12,47,3,5,0,0
463,12,middle,R Pant,LHB,top,M Shami,pace,good,slow_turner,147,18,52,3,10,0,0
463,13,middle,R Pant,LHB,top,J Bumrah,pace,elite,slow_turner,147,24,62,3,8,0,0
463,14,middle,R Pant,LHB,top,Y Chahal,spin,good,slow_turner,147,30,70,3,8,0,1
463,15,middle,R Pant,LHB,top,R Jadeja,spin,good,slow_turner,147,36,78,3,10,0,0
463,16,death,R Pant,LHB,top,H Patel,pace,avg,slow_turner,147,42,88,3,10,0,1
463,17,death,R Pant,LHB,top,A Rashid,spin,elite,slow_turner,147,48,98,3,9,0,0
463,18,death,R Pant,LHB,top,M Shami,pace,good,slow_turner,147,54,107,3,12,1,1
463,19,death,R Sharma,RHB,top,J Bumrah,pace,elite,slow_turner,147,0,119,4,4,1,0
463,20,death,S Yadav,RHB,top,Y Chahal,spin,good,slow_turner,147,0,123,5,8,0,0
464,1,powerplay,H Pandya,RHB,solid,T Boult,pace,good,slow_turner,133,0,0,0,3,0,0
464,2,powerplay,H Pandya,RHB,solid,H Patel,pace,avg,slow_turner,133,6,3,0,2,0,0
464,3,powerplay,H Pandya,RHB,solid,A Rashid,spin,elite,slow_turner,133,12,5,0,2,1,0
464,4,powerplay,S Gill,RHB,solid,K Ahmed,pace,avg,slow_turner,133,0,7,1,2,1,0
464,5,powerplay,R Sharma,RHB,top,Y Chahal,spin,good,slow_turner,133,0,9,2,2,1,0
464,6,powerplay,N Pooran,LHB,top,M Shami,pace,good,slow_turner,133,0,11,3,4,1,0
464,7,middle,S Yadav,RHB,top,T Boult,pace,good,slow_turner,133,0,15,4,6,0,0
464,8,middle,S Yadav,RHB,top,H Patel,pace,avg,slow_turner,133,6,21,4,4,0,0
464,9,middle,S Yadav,RHB,top,A Rashid,spin,elite,slow_turner,133,12,25,4,6,0,0
464,10,middle,S Yadav,RHB,top,K Ahmed,pace,avg,slow_turner,133,18,31,4,13,0,1
464,11,middle,S Yadav,RHB,top,Y Chahal,spin,good,slow_turner,133,24,44,4,12,0,1
464,12,middle,S Yadav,RHB,top,M Shami,pace,good,slow_turner,133,30,56,4,5,1,1
464,13,middle,D Padikkal,LHB,avg,T Boult,pace,good,slow_turner,133,0,61,5,0,1,0
465,1,powerplay,KL Rahul,RHB,solid,H Patel,pace,avg,batting_paradise,191,0,0,0,5,0,0
465,2,powerplay,KL Rahul,RHB,solid,R Jadeja,spin,good,batting_paradise,191,6,5,0,5,1,0
465,3,powerplay,D Padikkal,LHB,avg,M Shami,pace,good,batting_paradise,191,0,10,1,13,1,1
465,4,powerplay,R Sharma,RHB,top,Y Chahal,spin,good,batting_paradise,191,0,23,2,4,0,0
465,5,powerplay,R Sharma,RHB,top,J Bumrah,pace,elite,batting_paradise,191,6,27,2,6,0,1
465,6,powerplay,R Sharma,RHB,top,T Boult,pace,good,batting_paradise,191,12,33,2,6,1,0
465,7,middle,S Gill,RHB,solid,H Patel,pace,avg,batting_paradise,191,0,39,3,8,0,0
465,8,middle,S Gill,RHB,solid,R Jadeja,spin,good,batting_paradise,191,6,47,3,7,1,0
465,9,middle,H Pandya,RHB,solid,M Shami,pace,good,batting_paradise,191,0,54,4,6,0,0
465,10,middle,H Pandya,RHB,solid,Y Chahal,spin,good,batting_paradise,191,6,60,4,3,1,0
465,11,middle,N Pooran,LHB,top,J Bumrah,pace,elite,batting_paradise,191,0,63,5,10,1,0
466,1,powerplay,R Parag,RHB,avg,A Rashid,spin,elite,balanced,155,0,0,0,2,0,0
466,2,powerplay,R Parag,RHB,avg,R Jadeja,spin,good,balanced,155,6,2,0,4,0,0
466,3,powerplay,R Parag,RHB,avg,K Ahmed,pace,avg,balanced,155,12,6,0,8,0,0
466,4,powerplay,R Parag,RHB,avg,T Boult,pace,good,balanced,155,18,14,0,8,0,0
466,5,powerplay,R Parag,RHB,avg,J Bumrah,pace,elite,balanced,155,24,22,0,6,0,0
466,6,powerplay,R Parag,RHB,avg,H Patel,pace,avg,balanced,155,30,28,0,10,0,0
466,7,middle,R Parag,RHB,avg,A Rashid,spin,elite,balanced,155,36,38,0,3,1,0
466,8,middle,N Pooran,LHB,top,R Jadeja,spin,good,balanced,155,0,41,1,4,1,0
466,9,middle,S Yadav,RHB,top,K Ahmed,pace,avg,balanced,155,0,45,2,13,0,1
466,10,middle,S Yadav,RHB,top,T Boult,pace,good,balanced,155,6,58,2,9,1,0
466,11,middle,H Pandya,RHB,solid,J Bumrah,pace,elite,balanced,155,0,67,3,4,0,0
466,12,middle,H Pandya,RHB,solid,H Patel,pace,avg,balanced,155,6,71,3,10,0,0
466,13,middle,H Pandya,RHB,solid,A Rashid,spin,elite,balanced,155,12,81,3,3,1,1
466,14,middle,V Kohli,RHB,top,R Jadeja,spin,good,balanced,155,0,84,4,5,0,0
466,15,middle,V Kohli,RHB,top,K Ahmed,pace,avg,balanced,155,6,89,4,4,0,0
466,16,death,V Kohli,RHB,top,T Boult,pace,good,balanced,155,12,93,4,8,1,0
466,17,death,S Gill,RHB,solid,J Bumrah,pace,elite,balanced,155,0,101,5,6,1,0
467,1,powerplay,S Yadav,RHB,top,M Shami,pace,good,batting_paradise,175,0,0,0,1,1,0
467,2,powerplay,S Gill,RHB,solid,J Bumrah,pace,elite,batting_paradise,175,0,1,1,4,1,0
467,3,powerplay,R Pant,LHB,top,T Boult,pace,good,batting_paradise,175,0,5,2,9,1,1
467,4,powerplay,R Sharma,RHB,top,A Rashid,spin,elite,batting_paradise,175,0,14,3,5,1,1
467,5,powerplay,V Kohli,RHB,top,H Patel,pace,avg,batting_paradise,175,0,19,4,14,0,1
467,6,powerplay,V Kohli,RHB,top,K Ahmed,pace,avg,batting_paradise,175,6,33,4,17,0,1
467,7,middle,V Kohli,RHB,top,M Shami,pace,good,batting_paradise,175,12,50,4,13,0,1
467,8,middle,V Kohli,RHB,top,J Bumrah,pace,elite,batting_paradise,175,18,63,4,10,0,0
467,9,middle,V Kohli,RHB,top,T Boult,pace,good,batting_paradise,175,24,73,4,10,0,1
467,10,middle,V Kohli,RHB,top,A Rashid,spin,elite,batting_paradise,175,30,83,4,9,0,0
467,11,middle,V Kohli,RHB,top,H Patel,pace,avg,batting_paradise,175,36,92,4,15,0,1
467,12,middle,V Kohli,RHB,top,K Ahmed,pace,avg,batting_paradise,175,42,107,4,21,0,2
467,13,middle,V Kohli,RHB,top,M Shami,pace,good,batting_paradise,175,48,128,4,13,0,2
467,14,middle,V Kohli,RHB,top,J Bumrah,pace,elite,batting_paradise,175,54,141,4,3,0,0
467,15,middle,V Kohli,RHB,top,T Boult,pace,good,batting_paradise,175,60,144,4,5,0,1
467,16,death,V Kohli,RHB,top,A Rashid,spin,elite,batting_paradise,175,66,149,4,9,1,0
467,17,death,N Pooran,LHB,top,H Patel,pace,avg,batting_paradise,175,0,158,5,16,0,2
467,18,death,N Pooran,LHB,top,K Ahmed,pace,avg,batting_paradise,175,6,174,5,23,0,2
467,19,death,N Pooran,LHB,top,M Shami,pace,good,batting_paradise,175,12,197,5,10,0,1
467,20,death,N Pooran,LHB,top,J Bumrah,pace,elite,batting_paradise,175,18,207,5,12,1,1
468,1,powerplay,KL Rahul,RHB,solid,H Patel,pace,avg,batting_paradise,191,0,0,0,13,0,2
468,2,powerplay,KL Rahul,RHB,solid,A Rashid,spin,elite,batting_paradise,191,6,13,0,0,1,0
468,3,powerplay,S Yadav,RHB,top,M Shami,pace,good,batting_paradise,191,0,13,1,8,0,0
468,4,powerplay,S Yadav,RHB,top,J Bumrah,pace,elite,batting_paradise,191,6,21,1,5,1,0
468,5,powerplay,H Pandya,RHB,solid,Y Chahal,spin,good,batting_paradise,191,0,26,2,9,1,0
468,6,powerplay,V Kohli,RHB,top,K Ahmed,pace,avg,batting_paradise,191,0,35,3,12,0,1
468,7,middle,V Kohli,RHB,top,H Patel,pace,avg,batting_paradise,191,6,47,3,6,0,1
468,8,middle,V Kohli,RHB,top,A Rashid,spin,elite,batting_paradise,191,12,53,3,11,0,0
468,9,middle,V Kohli,RHB,top,M Shami,pace,good,batting_paradise,191,18,64,3,14,0,1
468,10,middle,V Kohli,RHB,top,J Bumrah,pace,elite,batting_paradise,191,24,78,3,9,0,0
468,11,middle,V Kohli,RHB,top,Y Chahal,spin,good,batting_paradise,191,30,87,3,10,0,0
468,12,middle,V Kohli,RHB,top,K Ahmed,pace,avg,batting_paradise,191,36,97,3,10,0,0
468,13,middle,V Kohli,RHB,top,H Patel,pace,avg,batting_paradise,191,42,107,3,11,0,1
468,14,middle,V Kohli,RHB,top,A Rashid,spin,elite,batting_paradise,191,48,118,3,7,0,0
468,15,middle,V Kohli,RHB,top,M Shami,pace,good,batting_paradise,191,54,125,3,19,0,1
468,16,death,V Kohli,RHB,top,J Bumrah,pace,elite,batting_paradise,191,60,144,3,11,0,0
468,17,death,V Kohli,RHB,top,Y Chahal,spin,good,batting_paradise,191,66,155,3,10,0,1
468,18,death,V Kohli,RHB,top,K Ahmed,pace,avg,batting_paradise,191,72,165,3,15,0,2
468,19,death,V Kohli,RHB,top,H Patel,pace,avg,batting_paradise,191,78,180,3,19,0,1
468,20,death,V Kohli,RHB,top,A Rashid,spin,elite,batting_paradise,191,84,199,3,13,0,2
469,1,powerplay,S Yadav,RHB,top,A Rashid,spin,elite,balanced,210,0,0,0,8,0,1
469,2,powerplay,S Yadav,RHB,top,J Bumrah,pace,elite,balanced,210,6,8,0,6,0,0
469,3,powerplay,S Yadav,RHB,top,Y Chahal,spin,good,balanced,210,12,14,0,9,0,0
469,4,powerplay,S Yadav,RHB,top,K Ahmed,pace,avg,balanced,210,18,23,0,19,0,1
469,5,powerplay,S Yadav,RHB,top,H Patel,pace,avg,balanced,210,24,42,0,10,0,0
469,6,powerplay,S Yadav,RHB,top,R Jadeja,spin,good,balanced,210,30,52,0,4,1,0
469,7,middle,D Padikkal,LHB,avg,A Rashid,spin,elite,balanced,210,0,56,1,4,0,0
469,8,middle,D Padikkal,LHB,avg,J Bumrah,pace,elite,balanced,210,6,60,1,3,1,0
469,9,middle,R Parag,RHB,avg,Y Chahal,spin,good,balanced,210,0,63,2,5,0,0
469,10,middle,R Parag,RHB,avg,K Ahmed,pace,avg,balanced,210,6,68,2,7,0,0
469,11,middle,R Parag,RHB,avg,H Patel,pace,avg,balanced,210,12,75,2,12,0,1
469,12,middle,R Parag,RHB,avg,R Jadeja,spin,good,balanced,210,18,87,2,5,0,0
469,13,middle,R Parag,RHB,avg,A Rashid,spin,elite,balanced,210,24,92,2,3,0,0
469,14,middle,R Parag,RHB,avg,J Bumrah,pace,elite,balanced,210,30,95,2,2,1,0
469,15,middle,N Pooran,LHB,top,Y Chahal,spin,good,balanced,210,0,97,3,3,1,0
469,16,death,V Kohli,RHB,top,K Ahmed,pace,avg,balanced,210,0,100,4,11,0,0
469,17,death,V Kohli,RHB,top,H Patel,pace,avg,balanced,210,6,111,4,7,0,0
469,18,death,V Kohli,RHB,top,R Jadeja,spin,good,balanced,210,12,118,4,13,0,2
469,19,death,V Kohli,RHB,top,A Rashid,spin,elite,balanced,210,18,131,4,14,1,1
469,20,death,R Sharma,RHB,top,J Bumrah,pace,elite,balanced,210,0,145,5,11,1,1
470,1,powerplay,H Pandya,RHB,solid,J Bumrah,pace,elite,balanced,172,0,0,0,10,0,0
470,2,powerplay,H Pandya,RHB,solid,Y Chahal,spin,good,balanced,172,6,10,0,2,1,0
470,3,powerplay,N Pooran,LHB,top,K Ahmed,pace,avg,balanced,172,0,12,1,8,0,0
470,4,powerplay,N Pooran,LHB,top,R Jadeja,spin,good,balanced,172,6,20,1,7,0,0
470,5,powerplay,N Pooran,LHB,top,A Rashid,spin,elite,balanced,172,12,27,1,4,0,0
470,6,powerplay,N Pooran,LHB,top,T Boult,pace,good,balanced,172,18,31,1,9,1,0
470,7,middle,D Padikkal,LHB,avg,J Bumrah,pace,elite,balanced,172,0,40,2,5,0,0
470,8,middle,D Padikkal,LHB,avg,Y Chahal,spin,good,balanced,172,6,45,2,2,1,0
470,9,middle,R Pant,LHB,top,K Ahmed,pace,avg,balanced,172,0,47,3,12,0,1
470,10,middle,R Pant,LHB,top,R Jadeja,spin,good,balanced,172,6,59,3,15,1,1
470,11,middle,V Kohli,RHB,top,A Rashid,spin,elite,balanced,172,0,74,4,5,0,0
470,12,middle,V Kohli,RHB,top,T Boult,pace,good,balanced,172,6,79,4,2,0,1
470,13,middle,V Kohli,RHB,top,J Bumrah,pace,elite,balanced,172,12,81,4,5,0,0
470,14,middle,V Kohli,RHB,top,Y Chahal,spin,good,balanced,172,18,86,4,10,0,0
470,15,middle,V Kohli,RHB,top,K Ahmed,pace,avg,balanced,172,24,96,4,13,1,2
470,16,death,KL Rahul,RHB,solid,R Jadeja,spin,good,balanced,172,0,109,5,2,1,0
471,1,powerplay,R Parag,RHB,avg,Y Chahal,spin,good,batting_paradise,201,0,0,0,4,0,0
471,2,powerplay,R Parag,RHB,avg,A Rashid,spin,elite,batting_paradise,201,6,4,0,4,0,0
471,3,powerplay,R Parag,RHB,avg,M Shami,pace,good,batting_paradise,201,12,8,0,1,1,0
471,4,powerplay,R Pant,LHB,top,R Jadeja,spin,good,batting_paradise,201,0,9,1,7,1,0
471,5,powerplay,R Sharma,RHB,top,H Patel,pace,avg,batting_paradise,201,0,16,2,11,0,1
471,6,powerplay,R Sharma,RHB,top,K Ahmed,pace,avg,batting_paradise,201,6,27,2,17,0,2
471,7,middle,R Sharma,RHB,top,Y Chahal,spin,good,batting_paradise,201,12,44,2,8,0,0
471,8,middle,R Sharma,RHB,top,A Rashid,spin,elite,batting_paradise,201,18,52,2,9,1,0
471,9,middle,V Kohli,RHB,top,M Shami,pace,good,batting_paradise,201,0,61,3,13,0,1
471,10,middle,V Kohli,RHB,top,R Jadeja,spin,good,batting_paradise,201,6,74,3,5,1,0
471,11,middle,KL Rahul,RHB,solid,H Patel,pace,avg,batting_paradise,201,0,79,4,5,1,0
471,12,middle,D Padikkal,LHB,avg,K Ahmed,pace,avg,batting_paradise,201,0,84,5,5,0,0
471,13,middle,D Padikkal,LHB,avg,Y Chahal,spin,good,batting_paradise,201,6,89,5,5,1,0
472,1,powerplay,D Padikkal,LHB,avg,T Boult,pace,good,seaming_track,179,0,0,0,0,1,0
472,2,powerplay,S Gill,RHB,solid,R Jadeja,spin,good,seaming_track,179,0,0,1,5,1,0
472,3,powerplay,V Kohli,RHB,top,Y Chahal,spin,good,seaming_track,179,0,5,2,4,0,0
472,4,powerplay,V Kohli,RHB,top,K Ahmed,pace,avg,seaming_track,179,6,9,2,4,1,0
472,5,powerplay,R Parag,RHB,avg,A Rashid,spin,elite,seaming_track,179,0,13,3,3,1,0
472,6,powerplay,H Pandya,RHB,solid,H Patel,pace,avg,seaming_track,179,0,16,4,5,0,1
472,7,middle,H Pandya,RHB,solid,T Boult,pace,good,seaming_track,179,6,21,4,6,0,0
472,8,middle,H Pandya,RHB,solid,R Jadeja,spin,good,seaming_track,179,12,27,4,4,0,0
472,9,middle,H Pandya,RHB,solid,Y Chahal,spin,good,seaming_track,179,18,31,4,7,0,0
472,10,middle,H Pandya,RHB,solid,K Ahmed,pace,avg,seaming_track,179,24,38,4,8,0,0
472,11,middle,H Pandya,RHB,solid,A Rashid,spin,elite,seaming_track,179,30,46,4,2,1,1
472,12,middle,KL Rahul,RHB,solid,H Patel,pace,avg,seaming_track,179,0,48,5,3,0,0
472,13,middle,KL Rahul,RHB,solid,T Boult,pace,good,seaming_track,179,6,51,5,11,1,0
473,1,powerplay,D Padikkal,LHB,avg,A Rashid,spin,elite,seaming_track,171,0,0,0,1,0,0
473,2,powerplay,D Padikkal,LHB,avg,T Boult,pace,good,seaming_track,171,6,1,0,2,1,0
473,3,powerplay,R Pant,LHB,top,J Bumrah,pace,elite,seaming_track,171,0,3,1,7,0,0
473,4,powerplay,R Pant,LHB,top,K Ahmed,pace,avg,seaming_track,171,6,10,1,4,0,0
473,5,powerplay,R Pant,LHB,top,R Jadeja,spin,good,seaming_track,171,12,14,1,5,1,0
473,6,powerplay,H Pandya,RHB,solid,H Patel,pace,avg,seaming_track,171,0,19,2,3,0,0
473,7,middle,H Pandya,RHB,solid,A Rashid,spin,elite,seaming_track,171,6,22,2,10,0,0
473,8,middle,H Pandya,RHB,solid,T Boult,pace,good,seaming_track,171,12,32,2,4,0,0
473,9,middle,H Pandya,RHB,solid,J Bumrah,pace,elite,seaming_track,171,18,36,2,4,0,0
473,10,middle,H Pandya,RHB,solid,K Ahmed,pace,avg,seaming_track,171,24,40,2,10,0,0
473,11,middle,H Pandya,RHB,solid,R Jadeja,spin,good,seaming_track,171,30,50,2,3,0,0
473,12,middle,H Pandya,RHB,solid,H Patel,pace,avg,seaming_track,171,36,53,2,7,0,0
473,13,middle,H Pandya,RHB,solid,A Rashid,spin,elite,seaming_track,171,42,60,2,3,1,0
473,14,middle,R Parag,RHB,avg,T Boult,pace,good,seaming_track,171,0,63,3,4,0,0
473,15,middle,R Parag,RHB,avg,J Bumrah,pace,elite,seaming_track,171,6,67,3,1,1,0
473,16,death,R Sharma,RHB,top,K Ahmed,pace,avg,seaming_track,171,0,68,4,9,1,0
473,17,death,S Yadav,RHB,top,R Jadeja,spin,good,seaming_track,171,0,77,5,11,0,0
473,18,death,S Yadav,RHB,top,H Patel,pace,avg,seaming_track,171,6,88,5,15,0,2
473,19,death,S Yadav,RHB,top,A Rashid,spin,elite,seaming_track,171,12,103,5,13,1,1
474,1,powerplay,H Pandya,RHB,solid,Y Chahal,spin,good,batting_paradise,174,0,0,0,8,1,0
474,2,powerplay,KL Rahul,RHB,solid,M Shami,pace,good,batting_paradise,174,0,8,1,8,0,0
474,3,powerplay,KL Rahul,RHB,solid,H Patel,pace,avg,batting_paradise,174,6,16,1,13,0,1
474,4,powerplay,KL Rahul,RHB,solid,A Rashid,spin,elite,batting_paradise,174,12,29,1,9,0,0
474,5,powerplay,KL Rahul,RHB,solid,T Boult,pace,good,batting_paradise,174,18,38,1,11,0,1
474,6,powerplay,KL Rahul,RHB,solid,R Jadeja,spin,good,batting_paradise,174,24,49,1,6,1,0
474,7,middle,S Gill,RHB,solid,Y Chahal,spin,good,batting_paradise,174,0,55,2,5,0,0
474,8,middle,S Gill,RHB,solid,M Shami,pace,good,batting_paradise,174,6,60,2,6,1,0
474,9,middle,R Parag,RHB,avg,H Patel,pace,avg,batting_paradise,174,0,66,3,10,0,0
474,10,middle,R Parag,RHB,avg,A Rashid,spin,elite,batting_paradise,174,6,76,3,2,0,0
474,11,middle,R Parag,RHB,avg,T Boult,pace,good,batting_paradise,174,12,78,3,9,0,0
474,12,middle,R Parag,RHB,avg,R Jadeja,spin,good,batting_paradise,174,18,87,3,8,0,0
474,13,middle,R Parag,RHB,avg,Y Chahal,spin,good,batting_paradise,174,24,95,3,9,0,0
474,14,middle,R Parag,RHB,avg,M Shami,pace,good,batting_paradise,174,30,104,3,3,0,0
474,15,middle,R Parag,RHB,avg,H Patel,pace,avg,batting_paradise,174,36,107,3,4,0,0
474,16,death,R Parag,RHB,avg,A Rashid,spin,elite,batting_paradise,174,42,111,3,10,0,0
474,17,death,R Parag,RHB,avg,T Boult,pace,good,batting_paradise,174,48,121,3,12,0,1
474,18,death,R Parag,RHB,avg,R Jadeja,spin,good,batting_paradise,174,54,133,3,6,0,0
474,19,death,R Parag,RHB,avg,Y Chahal,spin,good,batting_paradise,174,60,139,3,9,1,0
474,20,death,S Yadav,RHB,top,M Shami,pace,good,batting_paradise,174,0,148,4,13,0,2
475,1,powerplay,S Yadav,RHB,top,M Shami,pace,good,balanced,192,0,0,0,8,0,0
475,2,powerplay,S Yadav,RHB,top,A Rashid,spin,elite,balanced,192,6,8,0,2,1,0
475,3,powerplay,R Sharma,RHB,top,Y Chahal,spin,good,balanced,192,0,10,1,4,0,0
475,4,powerplay,R Sharma,RHB,top,T Boult,pace,good,balanced,192,6,14,1,4,0,0
475,5,powerplay,R Sharma,RHB,top,H Patel,pace,avg,balanced,192,12,18,1,17,0,2
475,6,powerplay,R Sharma,RHB,top,R Jadeja,spin,good,balanced,192,18,35,1,6,0,0
475,7,middle,R Sharma,RHB,top,M Shami,pace,good,balanced,192,24,41,1,7,1,0
475,8,middle,S Gill,RHB,solid,A Rashid,spin,elite,balanced,192,0,48,2,5,0,0
475,9,middle,S Gill,RHB,solid,Y Chahal,spin,good,balanced,192,6,53,2,6,1,0
475,10,middle,KL Rahul,RHB,solid,T Boult,pace,good,balanced,192,0,59,3,4,0,0
475,11,middle,KL Rahul,RHB,solid,H Patel,pace,avg,balanced,192,6,63,3,8,0,0
475,12,middle,KL Rahul,RHB,solid,R Jadeja,spin,good,balanced,192,12,71,3,3,1,0
475,13,middle,V Kohli,RHB,top,M Shami,pace,good,balanced,192,0,74,4,6,0,0
475,14,middle,V Kohli,RHB,top,A Rashid,spin,elite,balanced,192,6,80,4,5,0,0
475,15,middle,V Kohli,RHB,top,Y Chahal,spin,good,balanced,192,12,85,4,9,0,0
475,16,death,V Kohli,RHB,top,T Boult,pace,good,balanced,192,18,94,4,22,0,2
475,17,death,V Kohli,RHB,top,H Patel,pace,avg,balanced,192,24,116,4,21,0,1
475,18,death,V Kohli,RHB,top,R Jadeja,spin,good,balanced,192,30,137,4,11,1,0
475,19,death,D Padikkal,LHB,avg,M Shami,pace,good,balanced,192,0,148,5,4,1,0
476,1,powerplay,S Gill,RHB,solid,H Patel,pace,avg,slow_turner,155,0,0,0,7,0,0
476,2,powerplay,S Gill,RHB,solid,R Jadeja,spin,good,slow_turner,155,6,7,0,1,1,0
476,3,powerplay,R Pant,LHB,top,K Ahmed,pace,avg,slow_turner,155,0,8,1,7,0,0
476,4,powerplay,R Pant,LHB,top,T Boult,pace,good,slow_turner,155,6,15,1,0,1,0
476,5,powerplay,D Padikkal,LHB,avg,J Bumrah,pace,elite,slow_turner,155,0,15,2,0,1,0
476,6,powerplay,R Sharma,RHB,top,Y Chahal,spin,good,slow_turner,155,0,15,3,7,1,0
476,7,middle,H Pandya,RHB,solid,H Patel,pace,avg,slow_turner,155,0,22,4,5,0,0
476,8,middle,H Pandya,RHB,solid,R Jadeja,spin,good,slow_turner,155,6,27,4,2,0,1
476,9,middle,H Pandya,RHB,solid,K Ahmed,pace,avg,slow_turner,155,12,29,4,8,0,0
476,10,middle,H Pandya,RHB,solid,T Boult,pace,good,slow_turner,155,18,37,4,5,0,0
476,11,middle,H Pandya,RHB,solid,J Bumrah,pace,elite,slow_turner,155,24,42,4,7,1,0
476,12,middle,N Pooran,LHB,top,Y Chahal,spin,good,slow_turner,155,0,49,5,6,0,0
476,13,middle,N Pooran,LHB,top,H Patel,pace,avg,slow_turner,155,6,55,5,9,0,0
476,14,middle,N Pooran,LHB,top,R Jadeja,spin,good,slow_turner,155,12,64,5,7,0,0
476,15,middle,N Pooran,LHB,top,K Ahmed,pace,avg,slow_turner,155,18,71,5,12,0,1
476,16,death,N Pooran,LHB,top,T Boult,pace,good,slow_turner,155,24,83,5,17,1,1
477,1,powerplay,S Yadav,RHB,top,H Patel,pace,avg,balanced,157,0,0,0,6,0,0
477,2,powerplay,S Yadav,RHB,top,K Ahmed,pace,avg,balanced,157,6,6,0,9,1,0
477,3,powerplay,D Padikkal,LHB,avg,A Rashid,spin,elite,balanced,157,0,15,1,4,0,0
477,4,powerplay,D Padikkal,LHB,avg,T Boult,pace,good,balanced,157,6,19,1,4,1,0
477,5,powerplay,S Gill,RHB,solid,M Shami,pace,good,balanced,157,0,23,2,4,1,0
477,6,powerplay,N Pooran,LHB,top,J Bumrah,pace,elite,balanced,157,0,27,3,3,0,0
477,7,middle,N Pooran,LHB,top,H Patel,pace,avg,balanced,157,6,30,3,7,0,0
477,8,middle,N Pooran,LHB,top,K Ahmed,pace,avg,balanced,157,12,37,3,8,1,0
477,9,middle,R Parag,RHB,avg,A Rashid,spin,elite,balanced,157,0,45,4,4,0,0
477,10,middle,R Parag,RHB,avg,T Boult,pace,good,balanced,157,6,49,4,5,1,0
477,11,middle,R Sharma,RHB,top,M Shami,pace,good,balanced,157,0,54,5,2,0,0
477,12,middle,R Sharma,RHB,top,J Bumrah,pace,elite,balanced,157,6,56,5,5,0,1
477,13,middle,R Sharma,RHB,top,H Patel,pace,avg,balanced,157,12,61,5,11,0,0
477,14,middle,R Sharma,RHB,top,K Ahmed,pace,avg,balanced,157,18,72,5,15,0,1
477,15,middle,R Sharma,RHB,top,A Rashid,spin,elite,balanced,157,24,87,5,5,0,0
477,16,death,R Sharma,RHB,top,T Boult,pace,good,balanced,157,30,92,5,15,1,1
478,1,powerplay,R Pant,LHB,top,R Jadeja,spin,good,slow_turner,195,0,0,0,4,1,0
478,2,powerplay,S Yadav,RHB,top,Y Chahal,spin,good,slow_turner,195,0,4,1,8,0,0
478,3,powerplay,S Yadav,RHB,top,J Bumrah,pace,elite,slow_turner,195,6,12,1,3,0,0
478,4,powerplay,S Yadav,RHB,top,H Patel,pace,avg,slow_turner,195,12,15,1,12,0,2
478,5,powerplay,S Yadav,RHB,top,A Rashid,spin,elite,slow_turner,195,18,27,1,10,0,0
478,6,powerplay,S Yadav,RHB,top,T Boult,pace,good,slow_turner,195,24,37,1,9,0,1
478,7,middle,S Yadav,RHB,top,R Jadeja,spin,good,slow_turner,195,30,46,1,3,1,0
478,8,middle,D Padikkal,LHB,avg,Y Chahal,spin,good,slow_turner,195,0,49,2,1,1,0
478,9,middle,H Pandya,RHB,solid,J Bumrah,pace,elite,slow_turner,195,0,50,3,2,1,0
478,10,middle,R Sharma,RHB,top,H Patel,pace,avg,slow_turner,195,0,52,4,4,1,0
478,11,middle,KL Rahul,RHB,solid,A Rashid,spin,elite,slow_turner,195,0,56,5,4,0,0
478,12,middle,KL Rahul,RHB,solid,T Boult,pace,good,slow_turner,195,6,60,5,1,1,0
479,1,powerplay,H Pandya,RHB,solid,A Rashid,spin,elite,batting_paradise,148,0,0,0,5,0,0
479,2,powerplay,H Pandya,RHB,solid,Y Chahal,spin,good,batting_paradise,148,6,5,0,4,1,1
479,3,powerplay,R Pant,LHB,top,M Shami,pace,good,batting_paradise,148,0,9,1,4,0,0
479,4,powerplay,R Pant,LHB,top,H Patel,pace,avg,batting_paradise,148,6,13,1,14,0,2
479,5,powerplay,R Pant,LHB,top,R Jadeja,spin,good,batting_paradise,148,12,27,1,12,0,1
479,6,powerplay,R Pant,LHB,top,T Boult,pace,good,batting_paradise,148,18,39,1,12,0,1
479,7,middle,R Pant,LHB,top,A Rashid,spin,elite,batting_paradise,148,24,51,1,9,0,0
479,8,middle,R Pant,LHB,top,Y Chahal,spin,good,batting_paradise,148,30,60,1,10,0,1
479,9,middle,R Pant,LHB,top,M Shami,pace,good,batting_paradise,148,36,70,1,11,0,0
479,10,middle,R Pant,LHB,top,H Patel,pace,avg,batting_paradise,148,42,81,1,18,0,2
479,11,middle,R Pant,LHB,top,R Jadeja,spin,good,batting_paradise,148,48,99,1,16,0,1
479,12,middle,R Pant,LHB,top,T Boult,pace,good,batting_paradise,148,54,115,1,14,0,2
479,13,middle,R Pant,LHB,top,A Rashid,spin,elite,batting_paradise,148,60,129,1,10,0,0
479,14,middle,R Pant,LHB,top,Y Chahal,spin,good,batting_paradise,148,66,139,1,10,0,0
479,15,middle,R Pant,LHB,top,M Shami,pace,good,batting_paradise,148,72,149,1,14,0,2
479,16,death,R Pant,LHB,top,H Patel,pace,avg,batting_paradise,148,78,163,1,15,0,2
479,17,death,R Pant,LHB,top,R Jadeja,spin,good,batting_paradise,148,84,178,1,13,1,2
479,18,death,R Parag,RHB,avg,T Boult,pace,good,batting_paradise,148,0,191,2,6,1,1
479,19,death,KL Rahul,RHB,solid,A Rashid,spin,elite,batting_paradise,148,0,197,3,10,0,0
479,20,death,KL Rahul,RHB,solid,Y Chahal,spin,good,batting_paradise,148,6,207,3,8,1,0
480,1,powerplay,V Kohli,RHB,top,T Boult,pace,good,balanced,155,0,0,0,3,1,1
480,2,powerplay,N Pooran,LHB,top,R Jadeja,spin,good,balanced,155,0,3,1,7,0,0
480,3,powerplay,N Pooran,LHB,top,K Ahmed,pace,avg,balanced,155,6,10,1,12,1,1
480,4,powerplay,R Pant,LHB,top,M Shami,pace,good,balanced,155,0,22,2,7,1,0
480,5,powerplay,S Gill,RHB,solid,J Bumrah,pace,elite,balanced,155,0,29,3,2,0,0
480,6,powerplay,S Gill,RHB,solid,A Rashid,spin,elite,balanced,155,6,31,3,6,0,1
480,7,middle,S Gill,RHB,solid,T Boult,pace,good,balanced,155,12,37,3,7,0,0
480,8,middle,S Gill,RHB,solid,R Jadeja,spin,good,balanced,155,18,44,3,8,0,0
480,9,middle,S Gill,RHB,solid,K Ahmed,pace,avg,balanced,155,24,52,3,10,1,0
480,10,middle,R Sharma,RHB,top,M Shami,pace,good,balanced,155,0,62,4,5,1,1
480,11,middle,H Pandya,RHB,solid,J Bumrah,pace,elite,balanced,155,0,67,5,2,1,0
481,1,powerplay,H Pandya,RHB,solid,T Boult,pace,good,batting_paradise,160,0,0,0,7,1,0
481,2,powerplay,S Gill,RHB,solid,R Jadeja,spin,good,batting_paradise,160,0,7,1,6,1,1
481,3,powerplay,R Parag,RHB,avg,H Patel,pace,avg,batting_paradise,160,0,13,2,11,1,0
481,4,powerplay,D Padikkal,LHB,avg,J Bumrah,pace,elite,batting_paradise,160,0,24,3,3,0,0
481,5,powerplay,D Padikkal,LHB,avg,A Rashid,spin,elite,batting_paradise,160,6,27,3,3,0,0
481,6,powerplay,D Padikkal,LHB,avg,Y Chahal,spin,good,batting_paradise,160,12,30,3,7,0,0
481,7,middle,D Padikkal,LHB,avg,T Boult,pace,good,batting_paradise,160,18,37,3,12,0,2
481,8,middle,D Padikkal,LHB,avg,R Jadeja,spin,good,batting_paradise,160,24,49,3,3,1,0
481,9,middle,N Pooran,LHB,top,H Patel,pace,avg,batting_paradise,160,0,52,4,6,0,0
481,10,middle,N Pooran,LHB,top,J Bumrah,pace,elite,batting_paradise,160,6,58,4,6,0,1
481,11,middle,N Pooran,LHB,top,A Rashid,spin,elite,batting_paradise,160,12,64,4,8,0,0
481,12,middle,N Pooran,LHB,top,Y Chahal,spin,good,batting_paradise,160,18,72,4,10,0,0
481,13,middle,N Pooran,LHB,top,T Boult,pace,good,batting_paradise,160,24,82,4,14,0,1
481,14,middle,N Pooran,LHB,top,R Jadeja,spin,good,batting_paradise,160,30,96,4,6,0,0
481,15,middle,N Pooran,LHB,top,H Patel,pace,avg,batting_paradise,160,36,102,4,10,0,1
481,16,death,N Pooran,LHB,top,J Bumrah,pace,elite,batting_paradise,160,42,112,4,8,1,0
481,17,death,V Kohli,RHB,top,A Rashid,spin,elite,batting_paradise,160,0,120,5,13,1,1
482,1,powerplay,D Padikkal,LHB,avg,R Jadeja,spin,good,balanced,151,0,0,0,0,1,0
482,2,powerplay,R Pant,LHB,top,H Patel,pace,avg,balanced,151,0,0,1,10,0,0
482,3,powerplay,R Pant,LHB,top,A Rashid,spin,elite,balanced,151,6,10,1,5,1,0
482,4,powerplay,R Sharma,RHB,top,K Ahmed,pace,avg,balanced,151,0,15,2,11,1,1
482,5,powerplay,S Gill,RHB,solid,Y Chahal,spin,good,balanced,151,0,26,3,4,1,0
482,6,powerplay,H Pandya,RHB,solid,T Boult,pace,good,balanced,151,0,30,4,9,0,1
482,7,middle,H Pandya,RHB,solid,R Jadeja,spin,good,balanced,151,6,39,4,4,0,0
482,8,middle,H Pandya,RHB,solid,H Patel,pace,avg,balanced,151,12,43,4,8,0,1
482,9,middle,H Pandya,RHB,solid,A Rashid,spin,elite,balanced,151,18,51,4,7,0,0
482,10,middle,H Pandya,RHB,solid,K Ahmed,pace,avg,balanced,151,24,58,4,11,0,0
482,11,middle,H Pandya,RHB,solid,Y Chahal,spin,good,balanced,151,30,69,4,8,0,0
482,12,middle,H Pandya,RHB,solid,T Boult,pace,good,balanced,151,36,77,4,7,0,0
482,13,middle,H Pandya,RHB,solid,R Jadeja,spin,good,balanced,151,42,84,4,7,0,0
482,14,middle,H Pandya,RHB,solid,H Patel,pace,avg,balanced,151,48,91,4,8,1,0
482,15,middle,S Yadav,RHB,top,A Rashid,spin,elite,balanced,151,0,99,5,11,0,0
482,16,death,S Yadav,RHB,top,K Ahmed,pace,avg,balanced,151,6,110,5,21,0,2
482,17,death,S Yadav,RHB,top,Y Chahal,spin,good,balanced,151,12,131,5,7,1,0
483,1,powerplay,R Sharma,RHB,top,M Shami,pace,good,balanced,192,0,0,0,5,1,1
483,2,powerplay,V Kohli,RHB,top,A Rashid,spin,elite,balanced,192,0,5,1,6,0,0
483,3,powerplay,V Kohli,RHB,top,H Patel,pace,avg,balanced,192,6,11,1,7,0,0
483,4,powerplay,V Kohli,RHB,top,Y Chahal,spin,good,balanced,192,12,18,1,11,1,0
483,5,powerplay,KL Rahul,RHB,solid,K Ahmed,pace,avg,balanced,192,0,29,2,4,1,0
483,6,powerplay,N Pooran,LHB,top,J Bumrah,pace,elite,balanced,192,0,33,3,5,1,0
483,7,middle,H Pandya,RHB,solid,M Shami,pace,good,balanced,192,0,38,4,1,1,0
483,8,middle,R Pant,LHB,top,A Rashid,spin,elite,balanced,192,0,39,5,7,0,0
483,9,middle,R Pant,LHB,top,H Patel,pace,avg,balanced,192,6,46,5,8,0,0
483,10,middle,R Pant,LHB,top,Y Chahal,spin,good,balanced,192,12,54,5,9,0,0
483,11,middle,R Pant,LHB,top,K Ahmed,pace,avg,balanced,192,18,63,5,12,1,2
484,1,powerplay,R Pant,LHB,top,H Patel,pace,avg,slow_turner,148,0,0,0,9,1,1
484,2,powerplay,R Sharma,RHB,top,Y Chahal,spin,good,slow_turner,148,0,9,1,5,1,0
484,3,powerplay,V Kohli,RHB,top,A Rashid,spin,elite,slow_turner,148,0,14,2,5,0,0
484,4,powerplay,V Kohli,RHB,top,M Shami,pace,good,slow_turner,148,6,19,2,3,0,0
484,5,powerplay,V Kohli,RHB,top,K Ahmed,pace,avg,slow_turner,148,12,22,2,6,0,0
484,6,powerplay,V Kohli,RHB,top,J Bumrah,pace,elite,slow_turner,148,18,28,2,6,1,0
484,7,middle,R Parag,RHB,avg,H Patel,pace,avg,slow_turner,148,0,34,3,5,1,0
484,8,middle,S Yadav,RHB,top,Y Chahal,spin,good,slow_turner,148,0,39,4,6,0,0
484,9,middle,S Yadav,RHB,top,A Rashid,spin,elite,slow_turner,148,6,45,4,4,0,0
484,10,middle,S Yadav,RHB,top,M Shami,pace,good,slow_turner,148,12,49,4,8,0,0
484,11,middle,S Yadav,RHB,top,K Ahmed,pace,avg,slow_turner,148,18,57,4,12,0,1
484,12,middle,S Yadav,RHB,top,J Bumrah,pace,elite,slow_turner,148,24,69,4,10,1,0
484,13,middle,D Padikkal,LHB,avg,H Patel,pace,avg,slow_turner,148,0,79,5,4,1,0
485,1,powerplay,S Gill,RHB,solid,Y Chahal,spin,good,slow_turner,104,0,0,0,2,0,0
485,2,powerplay,S Gill,RHB,solid,T Boult,pace,good,slow_turner,104,6,2,0,3,0,0
485,3,powerplay,S Gill,RHB,solid,H Patel,pace,avg,slow_turner,104,12,5,0,4,1,0
485,4,powerplay,D Padikkal,LHB,avg,A Rashid,spin,elite,slow_turner,104,0,9,1,0,1,0
485,5,powerplay,S Yadav,RHB,top,K Ahmed,pace,avg,slow_turner,104,0,9,2,9,1,0
485,6,powerplay,R Parag,RHB,avg,R Jadeja,spin,good,slow_turner,104,0,18,3,6,0,0
485,7,middle,R Parag,RHB,avg,Y Chahal,spin,good,slow_turner,104,6,24,3,0,1,0
485,8,middle,V Kohli,RHB,top,T Boult,pace,good,slow_turner,104,0,24,4,5,0,0
485,9,middle,V Kohli,RHB,top,H Patel,pace,avg,slow_turner,104,6,29,4,9,0,0
485,10,middle,V Kohli,RHB,top,A Rashid,spin,elite,slow_turner,104,12,38,4,2,0,0
485,11,middle,V Kohli,RHB,top,K Ahmed,pace,avg,slow_turner,104,18,40,4,3,0,0
485,12,middle,V Kohli,RHB,top,R Jadeja,spin,good,slow_turner,104,24,43,4,5,0,1
485,13,middle,V Kohli,RHB,top,Y Chahal,spin,good,slow_turner,104,30,48,4,6,0,0
485,14,middle,V Kohli,RHB,top,T Boult,pace,good,slow_turner,104,36,54,4,4,0,1
485,15,middle,V Kohli,RHB,top,H Patel,pace,avg,slow_turner,104,42,58,4,13,0,1
485,16,death,V Kohli,RHB,top,A Rashid,spin,elite,slow_turner,104,48,71,4,6,1,0
485,17,death,H Pandya,RHB,solid,K Ahmed,pace,avg,slow_turner,104,0,77,5,7,0,0
485,18,death,H Pandya,RHB,solid,R Jadeja,spin,good,slow_turner,104,6,84,5,2,0,0
485,19,death,H Pandya,RHB,solid,Y Chahal,spin,good,slow_turner,104,12,86,5,12,0,1
485,20,death,H Pandya,RHB,solid,T Boult,pace,good,slow_turner,104,18,98,5,7,1,0
486,1,powerplay,KL Rahul,RHB,solid,T Boult,pace,good,seaming_track,180,0,0,0,3,1,0
486,2,powerplay,R Parag,RHB,avg,J Bumrah,pace,elite,seaming_track,180,0,3,1,2,1,0
486,3,powerplay,S Gill,RHB,solid,A Rashid,spin,elite,seaming_track,180,0,5,2,3,0,1
486,4,powerplay,S Gill,RHB,solid,H Patel,pace,avg,seaming_track,180,6,8,2,8,0,1
486,5,powerplay,S Gill,RHB,solid,R Jadeja,spin,good,seaming_track,180,12,16,2,7,0,0
486,6,powerplay,S Gill,RHB,solid,Y Chahal,spin,good,seaming_track,180,18,23,2,6,0,0
486,7,middle,S Gill,RHB,solid,T Boult,pace,good,seaming_track,180,24,29,2,1,0,0
486,8,middle,S Gill,RHB,solid,J Bumrah,pace,elite,seaming_track,180,30,30,2,4,0,0
486,9,middle,S Gill,RHB,solid,A Rashid,spin,elite,seaming_track,180,36,34,2,7,1,0
486,10,middle,R Sharma,RHB,top,H Patel,pace,avg,seaming_track,180,0,41,3,6,1,0
486,11,middle,D Padikkal,LHB,avg,R Jadeja,spin,good,seaming_track,180,0,47,4,4,1,0
486,12,middle,S Yadav,RHB,top,Y Chahal,spin,good,seaming_track,180,0,51,5,5,0,0
486,13,middle,S Yadav,RHB,top,T Boult,pace,good,seaming_track,180,6,56,5,4,1,1
487,1,powerplay,R Sharma,RHB,top,T Boult,pace,good,batting_paradise,182,0,0,0,9,0,1
487,2,powerplay,R Sharma,RHB,top,H Patel,pace,avg,batting_paradise,182,6,9,0,5,0,0
487,3,powerplay,R Sharma,RHB,top,Y Chahal,spin,good,batting_paradise,182,12,14,0,12,0,2
487,4,powerplay,R Sharma,RHB,top,M Shami,pace,good,batting_paradise,182,18,26,0,9,0,0
487,5,powerplay,R Sharma,RHB,top,K Ahmed,pace,avg,batting_paradise,182,24,35,0,23,0,2
487,6,powerplay,R Sharma,RHB,top,A Rashid,spin,elite,batting_paradise,182,30,58,0,5,1,0
487,7,middle,S Yadav,RHB,top,T Boult,pace,good,batting_paradise,182,0,63,1,14,0,1
487,8,middle,S Yadav,RHB,top,H Patel,pace,avg,batting_paradise,182,6,77,1,5,0,0
487,9,middle,S Yadav,RHB,top,Y Chahal,spin,good,batting_paradise,182,12,82,1,7,0,1
487,10,middle,S Yadav,RHB,top,M Shami,pace,good,batting_paradise,182,18,89,1,14,0,1
487,11,middle,S Yadav,RHB,top,K Ahmed,pace,avg,batting_paradise,182,24,103,1,18,1,1
487,12,middle,R Pant,LHB,top,A Rashid,spin,elite,batting_paradise,182,0,121,2,7,0,0
487,13,middle,R Pant,LHB,top,T Boult,pace,good,batting_paradise,182,6,128,2,11,0,0
487,14,middle,R Pant,LHB,top,H Patel,pace,avg,batting_paradise,182,12,139,2,12,0,1
487,15,middle,R Pant,LHB,top,Y Chahal,spin,good,batting_paradise,182,18,151,2,9,0,1
487,16,death,R Pant,LHB,top,M Shami,pace,good,batting_paradise,182,24,160,2,13,0,2
487,17,death,R Pant,LHB,top,K Ahmed,pace,avg,batting_paradise,182,30,173,2,29,0,2
487,18,death,R Pant,LHB,top,A Rashid,spin,elite,batting_paradise,182,36,202,2,18,0,1
487,19,death,R Pant,LHB,top,T Boult,pace,good,batting_paradise,182,42,220,2,19,0,2
487,20,death,R Pant,LHB,top,H Patel,pace,avg,batting_paradise,182,48,239,2,14,0,2
488,1,powerplay,R Pant,LHB,top,A Rashid,spin,elite,batting_paradise,160,0,0,0,7,0,1
488,2,powerplay,R Pant,LHB,top,K Ahmed,pace,avg,batting_paradise,160,6,7,0,13,0,2
488,3,powerplay,R Pant,LHB,top,M Shami,pace,good,batting_paradise,160,12,20,0,10,0,1
488,4,powerplay,R Pant,LHB,top,J Bumrah,pace,elite,batting_paradise,160,18,30,0,11,1,0
488,5,powerplay,H Pandya,RHB,solid,R Jadeja,spin,good,batting_paradise,160,0,41,1,5,0,0
488,6,powerplay,H Pandya,RHB,solid,T Boult,pace,good,batting_paradise,160,6,46,1,4,1,0
488,7,middle,S Gill,RHB,solid,A Rashid,spin,elite,batting_paradise,160,0,50,2,3,1,1
488,8,middle,R Parag,RHB,avg,K Ahmed,pace,avg,batting_paradise,160,0,53,3,9,1,0
488,9,middle,D Padikkal,LHB,avg,M Shami,pace,good,batting_paradise,160,0,62,4,5,0,0
488,10,middle,D Padikkal,LHB,avg,J Bumrah,pace,elite,batting_paradise,160,6,67,4,3,0,0
488,11,middle,D Padikkal,LHB,avg,R Jadeja,spin,good,batting_paradise,160,12,70,4,6,0,0
488,12,middle,D Padikkal,LHB,avg,T Boult,pace,good,batting_paradise,160,18,76,4,10,0,0
488,13,middle,D Padikkal,LHB,avg,A Rashid,spin,elite,batting_paradise,160,24,86,4,5,0,0
488,14,middle,D Padikkal,LHB,avg,K Ahmed,pace,avg,batting_paradise,160,30,91,4,9,0,0
488,15,middle,D Padikkal,LHB,avg,M Shami,pace,good,batting_paradise,160,36,100,4,8,0,0
488,16,death,D Padikkal,LHB,avg,J Bumrah,pace,elite,batting_paradise,160,42,108,4,2,1,0
488,17,death,R Sharma,RHB,top,R Jadeja,spin,good,batting_paradise,160,0,110,5,7,0,1
488,18,death,R Sharma,RHB,top,T Boult,pace,good,batting_paradise,160,6,117,5,8,1,0
489,1,powerplay,S Yadav,RHB,top,K Ahmed,pace,avg,balanced,169,0,0,0,5,0,0
489,2,powerplay,S Yadav,RHB,top,H Patel,pace,avg,balanced,169,6,5,0,13,1,1
489,3,powerplay,R Parag,RHB,avg,J Bumrah,pace,elite,balanced,169,0,18,1,6,1,0
489,4,powerplay,D Padikkal,LHB,avg,A Rashid,spin,elite,balanced,169,0,24,2,0,1,1
489,5,powerplay,H Pandya,RHB,solid,T Boult,pace,good,balanced,169,0,24,3,4,1,0
489,6,powerplay,R Pant,LHB,top,M Shami,pace,good,balanced,169,0,28,4,13,1,1
489,7,middle,KL Rahul,RHB,solid,K Ahmed,pace,avg,balanced,169,0,41,5,8,0,0
489,8,middle,KL Rahul,RHB,solid,H Patel,pace,avg,balanced,169,6,49,5,8,1,0
490,1,powerplay,R Parag,RHB,avg,M Shami,pace,good,balanced,164,0,0,0,4,0,0
490,2,powerplay,R Parag,RHB,avg,K Ahmed,pace,avg,balanced,164,6,4,0,4,1,0
490,3,powerplay,V Kohli,RHB,top,Y Chahal,spin,good,balanced,164,0,8,1,4,0,0
490,4,powerplay,V Kohli,RHB,top,A Rashid,spin,elite,balanced,164,6,12,1,9,0,0
490,5,powerplay,V Kohli,RHB,top,T Boult,pace,good,balanced,164,12,21,1,11,0,0
490,6,powerplay,V Kohli,RHB,top,J Bumrah,pace,elite,balanced,164,18,32,1,9,0,1
490,7,middle,V Kohli,RHB,top,M Shami,pace,good,balanced,164,24,41,1,5,1,0
490,8,middle,R Pant,LHB,top,K Ahmed,pace,avg,balanced,164,0,46,2,9,0,1
490,9,middle,R Pant,LHB,top,Y Chahal,spin,good,balanced,164,6,55,2,10,0,1
490,10,middle,R Pant,LHB,top,A Rashid,spin,elite,balanced,164,12,65,2,4,0,0
490,11,middle,R Pant,LHB,top,T Boult,pace,good,balanced,164,18,69,2,14,0,1
490,12,middle,R Pant,LHB,top,J Bumrah,pace,elite,balanced,164,24,83,2,9,0,0
490,13,middle,R Pant,LHB,top,M Shami,pace,good,balanced,164,30,92,2,11,1,0
490,14,middle,KL Rahul,RHB,solid,K Ahmed,pace,avg,balanced,164,0,103,3,8,0,0
490,15,middle,KL Rahul,RHB,solid,Y Chahal,spin,good,balanced,164,6,111,3,6,1,0
490,16,death,R Sharma,RHB,top,A Rashid,spin,elite,balanced,164,0,117,4,6,1,0
490,17,death,N Pooran,LHB,top,T Boult,pace,good,balanced,164,0,123,5,9,0,0
490,18,death,N Pooran,LHB,top,J Bumrah,pace,elite,balanced,164,6,132,5,5,1,1
491,1,powerplay,N Pooran,LHB,top,T Boult,pace,good,seaming_track,155,0,0,0,6,0,0
491,2,powerplay,N Pooran,LHB,top,M Shami,pace,good,seaming_track,155,6,6,0,4,0,0
491,3,powerplay,N Pooran,LHB,top,A Rashid,spin,elite,seaming_track,155,12,10,0,7,0,0
491,4,powerplay,N Pooran,LHB,top,H Patel,pace,avg,seaming_track,155,18,17,0,10,1,0
491,5,powerplay,R Sharma,RHB,top,K Ahmed,pace,avg,seaming_track,155,0,27,1,8,0,0
491,6,powerplay,R Sharma,RHB,top,Y Chahal,spin,good,seaming_track,155,6,35,1,3,1,0
491,7,middle,H Pandya,RHB,solid,T Boult,pace,good,seaming_track,155,0,38,2,2,1,0
491,8,middle,D Padikkal,LHB,avg,M Shami,pace,good,seaming_track,155,0,40,3,2,1,0
491,9,middle,S Gill,RHB,solid,A Rashid,spin,elite,seaming_track,155,0,42,4,2,1,0
491,10,middle,R Pant,LHB,top,H Patel,pace,avg,seaming_track,155,0,44,5,6,0,0
491,11,middle,R Pant,LHB,top,K Ahmed,pace,avg,seaming_track,155,6,50,5,10,1,0
492,1,powerplay,H Pandya,RHB,solid,A Rashid,spin,elite,balanced,178,0,0,0,9,0,0
492,2,powerplay,H Pandya,RHB,solid,T Boult,pace,good,balanced,178,6,9,0,6,0,0
492,3,powerplay,H Pandya,RHB,solid,K Ahmed,pace,avg,balanced,178,12,15,0,15,0,2
492,4,powerplay,H Pandya,RHB,solid,H Patel,pace,avg,balanced,178,18,30,0,11,0,0
492,5,powerplay,H Pandya,RHB,solid,Y Chahal,spin,good,balanced,178,24,41,0,10,1,0
492,6,powerplay,D Padikkal,LHB,avg,R Jadeja,spin,good,balanced,178,0,51,1,7,0,0
492,7,middle,D Padikkal,LHB,avg,A Rashid,spin,elite,balanced,178,6,58,1,1,0,0
492,8,middle,D Padikkal,LHB,avg,T Boult,pace,good,balanced,178,12,59,1,6,0,1
492,9,middle,D Padikkal,LHB,avg,K Ahmed,pace,avg,balanced,178,18,65,1,5,0,0
492,10,middle,D Padikkal,LHB,avg,H Patel,pace,avg,balanced,178,24,70,1,7,0,1
492,11,middle,D Padikkal,LHB,avg,Y Chahal,spin,good,balanced,178,30,77,1,3,1,0
492,12,middle,KL Rahul,RHB,solid,R Jadeja,spin,good,balanced,178,0,80,2,9,0,0
492,13,middle,KL Rahul,RHB,solid,A Rashid,spin,elite,balanced,178,6,89,2,6,1,0
492,14,middle,S Yadav,RHB,top,T Boult,pace,good,balanced,178,0,95,3,7,1,0
492,15,middle,V Kohli,RHB,top,K Ahmed,pace,avg,balanced,178,0,102,4,13,0,1
492,16,death,V Kohli,RHB,top,H Patel,pace,avg,balanced,178,6,115,4,14,1,1
492,17,death,R Sharma,RHB,top,Y Chahal,spin,good,balanced,178,0,129,5,10,0,1
492,18,death,R Sharma,RHB,top,R Jadeja,spin,good,balanced,178,6,139,5,7,0,0
492,19,death,R Sharma,RHB,top,A Rashid,spin,elite,balanced,178,12,146,5,11,1,1
493,1,powerplay,KL Rahul,RHB,solid,Y Chahal,spin,good,seaming_track,139,0,0,0,4,0,0
493,2,powerplay,KL Rahul,RHB,solid,H Patel,pace,avg,seaming_track,139,6,4,0,2,1,0
493,3,powerplay,D Padikkal,LHB,avg,J Bumrah,pace,elite,seaming_track,139,0,6,1,0,1,0
493,4,powerplay,R Sharma,RHB,top,A Rashid,spin,elite,seaming_track,139,0,6,2,7,0,0
493,5,powerplay,R Sharma,RHB,top,M Shami,pace,good,seaming_track,139,6,13,2,4,1,0
493,6,powerplay,S Gill,RHB,solid,T Boult,pace,good,seaming_track,139,0,17,3,8,1,0
493,7,middle,R Pant,LHB,top,Y Chahal,spin,good,seaming_track,139,0,25,4,1,1,0
493,8,middle,H Pandya,RHB,solid,H Patel,pace,avg,seaming_track,139,0,26,5,7,0,0
493,9,middle,H Pandya,RHB,solid,J Bumrah,pace,elite,seaming_track,139,6,33,5,5,0,1
493,10,middle,H Pandya,RHB,solid,A Rashid,spin,elite,seaming_track,139,12,38,5,11,0,0
493,11,middle,H Pandya,RHB,solid,M Shami,pace,good,seaming_track,139,18,49,5,7,0,0
493,12,middle,H Pandya,RHB,solid,T Boult,pace,good,seaming_track,139,24,56,5,4,0,0
493,13,middle,H Pandya,RHB,solid,Y Chahal,spin,good,seaming_track,139,30,60,5,6,0,1
493,14,middle,H Pandya,RHB,solid,H Patel,pace,avg,seaming_track,139,36,66,5,7,0,0
493,15,middle,H Pandya,RHB,solid,J Bumrah,pace,elite,seaming_track,139,42,73,5,6,1,0
494,1,powerplay,R Parag,RHB,avg,Y Chahal,spin,good,seaming_track,181,0,0,0,2,1,1
494,2,powerplay,V Kohli,RHB,top,T Boult,pace,good,seaming_track,181,0,2,1,5,0,0
494,3,powerplay,V Kohli,RHB,top,J Bumrah,pace,elite,seaming_track,181,6,7,1,3,0,1
494,4,powerplay,V Kohli,RHB,top,R Jadeja,spin,good,seaming_track,181,12,10,1,9,0,0
494,5,powerplay,V Kohli,RHB,top,K Ahmed,pace,avg,seaming_track,181,18,19,1,7,0,0
494,6,powerplay,V Kohli,RHB,top,H Patel,pace,avg,seaming_track,181,24,26,1,12,1,1
494,7,middle,N Pooran,LHB,top,Y Chahal,spin,good,seaming_track,181,0,38,2,7,0,0
494,8,middle,N Pooran,LHB,top,T Boult,pace,good,seaming_track,181,6,45,2,5,0,0
494,9,middle,N Pooran,LHB,top,J Bumrah,pace,elite,seaming_track,181,12,50,2,7,1,0
494,10,middle,D Padikkal,LHB,avg,R Jadeja,spin,good,seaming_track,181,0,57,3,1,0,0
494,11,middle,D Padikkal,LHB,avg,K Ahmed,pace,avg,seaming_track,181,6,58,3,3,1,0
494,12,middle,R Pant,LHB,top,H Patel,pace,avg,seaming_track,181,0,61,4,4,1,0
494,13,middle,R Sharma,RHB,top,Y Chahal,spin,good,seaming_track,181,0,65,5,3,0,0
494,14,middle,R Sharma,RHB,top,T Boult,pace,good,seaming_track,181,6,68,5,6,0,0
494,15,middle,R Sharma,RHB,top,J Bumrah,pace,elite,seaming_track,181,12,74,5,3,0,0
494,16,death,R Sharma,RHB,top,R Jadeja,spin,good,seaming_track,181,18,77,5,8,0,0
494,17,death,R Sharma,RHB,top,K Ahmed,pace,avg,seaming_track,181,24,85,5,23,0,1
494,18,death,R Sharma,RHB,top,H Patel,pace,avg,seaming_track,181,30,108,5,8,0,0
494,19,death,R Sharma,RHB,top,Y Chahal,spin,good,seaming_track,181,36,116,5,3,0,0
494,20,death,R Sharma,RHB,top,T Boult,pace,good,seaming_track,181,42,119,5,6,1,0
495,1,powerplay,KL Rahul,RHB,solid,K Ahmed,pace,avg,seaming_track,188,0,0,0,7,0,0
495,2,powerplay,KL Rahul,RHB,solid,H Patel,pace,avg,seaming_track,188,6,7,0,4,1,0
495,3,powerplay,R Parag,RHB,avg,T Boult,pace,good,seaming_track,188,0,11,1,4,1,0
495,4,powerplay,R Sharma,RHB,top,J Bumrah,pace,elite,seaming_track,188,0,15,2,6,0,0
495,5,powerplay,R Sharma,RHB,top,M Shami,pace,good,seaming_track,188,6,21,2,7,0,0
495,6,powerplay,R Sharma,RHB,top,A Rashid,spin,elite,seaming_track,188,12,28,2,2,0,0
495,7,middle,R Sharma,RHB,top,K Ahmed,pace,avg,seaming_track,188,18,30,2,14,0,1
495,8,middle,R Sharma,RHB,top,H Patel,pace,avg,seaming_track,188,24,44,2,9,1,0
495,9,middle,S Yadav,RHB,top,T Boult,pace,good,seaming_track,188,0,53,3,6,0,1
495,10,middle,S Yadav,RHB,top,J Bumrah,pace,elite,seaming_track,188,6,59,3,6,0,1
495,11,middle,S Yadav,RHB,top,M Shami,pace,good,seaming_track,188,12,65,3,4,0,1
495,12,middle,S Yadav,RHB,top,A Rashid,spin,elite,seaming_track,188,18,69,3,9,0,1
495,13,middle,S Yadav,RHB,top,K Ahmed,pace,avg,seaming_track,188,24,78,3,8,1,0
495,14,middle,N Pooran,LHB,top,H Patel,pace,avg,seaming_track,188,0,86,4,2,1,0
495,15,middle,V Kohli,RHB,top,T Boult,pace,good,seaming_track,188,0,88,5,4,0,0
495,16,death,V Kohli,RHB,top,J Bumrah,pace,elite,seaming_track,188,6,92,5,5,0,0
495,17,death,V Kohli,RHB,top,M Shami,pace,good,seaming_track,188,12,97,5,4,1,0
496,1,powerplay,H Pandya,RHB,solid,A Rashid,spin,elite,balanced,163,0,0,0,4,0,0
496,2,powerplay,H Pandya,RHB,solid,T Boult,pace,good,balanced,163,6,4,0,8,0,0
496,3,powerplay,H Pandya,RHB,solid,M Shami,pace,good,balanced,163,12,12,0,2,0,0
496,4,powerplay,H Pandya,RHB,solid,R Jadeja,spin,good,balanced,163,18,14,0,3,0,0
496,5,powerplay,H Pandya,RHB,solid,J Bumrah,pace,elite,balanced,163,24,17,0,5,0,0
496,6,powerplay,H Pandya,RHB,solid,K Ahmed,pace,avg,balanced,163,30,22,0,9,0,0
496,7,middle,H Pandya,RHB,solid,A Rashid,spin,elite,balanced,163,36,31,0,6,0,0
496,8,middle,H Pandya,RHB,solid,T Boult,pace,good,balanced,163,42,37,0,7,0,0
496,9,middle,H Pandya,RHB,solid,M Shami,pace,good,balanced,163,48,44,0,5,0,1
496,10,middle,H Pandya,RHB,solid,R Jadeja,spin,good,balanced,163,54,49,0,4,0,0
496,11,middle,H Pandya,RHB,solid,J Bumrah,pace,elite,balanced,163,60,53,0,5,0,0
496,12,middle,H Pandya,RHB,solid,K Ahmed,pace,avg,balanced,163,66,58,0,10,0,0
496,13,middle,H Pandya,RHB,solid,A Rashid,spin,elite,balanced,163,72,68,0,7,0,0
496,14,middle,H Pandya,RHB,solid,T Boult,pace,good,balanced,163,78,75,0,8,0,1
496,15,middle,H Pandya,RHB,solid,M Shami,pace,good,balanced,163,84,83,0,5,0,0
496,16,death,H Pandya,RHB,solid,R Jadeja,spin,good,balanced,163,90,88,0,9,0,0
496,17,death,H Pandya,RHB,solid,J Bumrah,pace,elite,balanced,163,96,97,0,8,0,0
496,18,death,H Pandya,RHB,solid,K Ahmed,pace,avg,balanced,163,102,105,0,9,0,0
496,19,death,H Pandya,RHB,solid,A Rashid,spin,elite,balanced,163,108,114,0,8,0,0
496,20,death,H Pandya,RHB,solid,T Boult,pace,good,balanced,163,114,122,0,11,0,0
497,1,powerplay,R Pant,LHB,top,H Patel,pace,avg,seaming_track,184,0,0,0,13,1,1
497,2,powerplay,S Gill,RHB,solid,Y Chahal,spin,good,seaming_track,184,0,13,1,6,1,0
497,3,powerplay,KL Rahul,RHB,solid,T Boult,pace,good,seaming_track,184,0,19,2,4,1,1
497,4,powerplay,R Parag,RHB,avg,M Shami,pace,good,seaming_track,184,0,23,3,4,0,0
497,5,powerplay,R Parag,RHB,avg,A Rashid,spin,elite,seaming_track,184,6,27,3,1,1,0
497,6,powerplay,D Padikkal,LHB,avg,J Bumrah,pace,elite,seaming_track,184,0,28,4,8,0,0
497,7,middle,D Padikkal,LHB,avg,H Patel,pace,avg,seaming_track,184,6,36,4,5,0,0
497,8,middle,D Padikkal,LHB,avg,Y Chahal,spin,good,seaming_track,184,12,41,4,2,1,0
497,9,middle,N Pooran,LHB,top,T Boult,pace,good,seaming_track,184,0,43,5,2,1,0
498,1,powerplay,N Pooran,LHB,top,T Boult,pace,good,slow_turner,190,0,0,0,6,1,1
498,2,powerplay,R Parag,RHB,avg,Y Chahal,spin,good,slow_turner,190,0,6,1,1,0,0
498,3,powerplay,R Parag,RHB,avg,A Rashid,spin,elite,slow_turner,190,6,7,1,4,1,0
498,4,powerplay,D Padikkal,LHB,avg,H Patel,pace,avg,slow_turner,190,0,11,2,5,0,0
498,5,powerplay,D Padikkal,LHB,avg,R Jadeja,spin,good,slow_turner,190,6,16,2,4,0,1
498,6,powerplay,D Padikkal,LHB,avg,M Shami,pace,good,slow_turner,190,12,20,2,4,0,0
498,7,middle,D Padikkal,LHB,avg,T Boult,pace,good,slow_turner,190,18,24,2,2,0,0
498,8,middle,D Padikkal,LHB,avg,Y Chahal,spin,good,slow_turner,190,24,26,2,3,1,1
498,9,middle,R Pant,LHB,top,A Rashid,spin,elite,slow_turner,190,0,29,3,3,0,0
498,10,middle,R Pant,LHB,top,H Patel,pace,avg,slow_turner,190,6,32,3,10,0,0
498,11,middle,R Pant,LHB,top,R Jadeja,spin,good,slow_turner,190,12,42,3,3,0,0
498,12,middle,R Pant,LHB,top,M Shami,pace,good,slow_turner,190,18,45,3,10,0,1
498,13,middle,R Pant,LHB,top,T Boult,pace,good,slow_turner,190,24,55,3,8,0,0
498,14,middle,R Pant,LHB,top,Y Chahal,spin,good,slow_turner,190,30,63,3,11,0,0
498,15,middle,R Pant,LHB,top,A Rashid,spin,elite,slow_turner,190,36,74,3,6,0,0
498,16,death,R Pant,LHB,top,H Patel,pace,avg,slow_turner,190,42,80,3,11,1,1
498,17,death,H Pandya,RHB,solid,R Jadeja,spin,good,slow_turner,190,0,91,4,6,1,0
498,18,death,KL Rahul,RHB,solid,M Shami,pace,good,slow_turner,190,0,97,5,2,1,0
499,1,powerplay,H Pandya,RHB,solid,M Shami,pace,good,seaming_track,176,0,0,0,4,1,0
499,2,powerplay,N Pooran,LHB,top,A Rashid,spin,elite,seaming_track,176,0,4,1,9,0,0
499,3,powerplay,N Pooran,LHB,top,J Bumrah,pace,elite,seaming_track,176,6,13,1,2,0,0
499,4,powerplay,N Pooran,LHB,top,K Ahmed,pace,avg,seaming_track,176,12,15,1,12,0,1
499,5,powerplay,N Pooran,LHB,top,H Patel,pace,avg,seaming_track,176,18,27,1,10,0,1
499,6,powerplay,N Pooran,LHB,top,Y Chahal,spin,good,seaming_track,176,24,37,1,4,1,0
499,7,middle,R Pant,LHB,top,M Shami,pace,good,seaming_track,176,0,41,2,5,0,0
499,8,middle,R Pant,LHB,top,A Rashid,spin,elite,seaming_track,176,6,46,2,4,0,0
499,9,middle,R Pant,LHB,top,J Bumrah,pace,elite,seaming_track,176,12,50,2,8,0,0
499,10,middle,R Pant,LHB,top,K Ahmed,pace,avg,seaming_track,176,18,58,2,14,0,2
499,11,middle,R Pant,LHB,top,H Patel,pace,avg,seaming_track,176,24,72,2,5,0,1
499,12,middle,R Pant,LHB,top,Y Chahal,spin,good,seaming_track,176,30,77,2,7,1,0
499,13,middle,S Gill,RHB,solid,M Shami,pace,good,seaming_track,176,0,84,3,9,0,0
499,14,middle,S Gill,RHB,solid,A Rashid,spin,elite,seaming_track,176,6,93,3,3,0,0
499,15,middle,S Gill,RHB,solid,J Bumrah,pace,elite,seaming_track,176,12,96,3,1,1,0
499,16,death,R Sharma,RHB,top,K Ahmed,pace,avg,seaming_track,176,0,97,4,8,1,0
499,17,death,R Parag,RHB,avg,H Patel,pace,avg,seaming_track,176,0,105,5,8,1,0
500,1,powerplay,S Yadav,RHB,top,A Rashid,spin,elite,balanced,152,0,0,0,5,0,1
500,2,powerplay,S Yadav,RHB,top,M Shami,pace,good,balanced,152,6,5,0,8,1,0
500,3,powerplay,KL Rahul,RHB,solid,K Ahmed,pace,avg,balanced,152,0,13,1,10,1,0
500,4,powerplay,N Pooran,LHB,top,H Patel,pace,avg,balanced,152,0,23,2,2,0,0
500,5,powerplay,N Pooran,LHB,top,R Jadeja,spin,good,balanced,152,6,25,2,7,0,0
500,6,powerplay,N Pooran,LHB,top,J Bumrah,pace,elite,balanced,152,12,32,2,8,0,0
500,7,middle,N Pooran,LHB,top,A Rashid,spin,elite,balanced,152,18,40,2,5,0,0
500,8,middle,N Pooran,LHB,top,M Shami,pace,good,balanced,152,24,45,2,12,0,1
500,9,middle,N Pooran,LHB,top,K Ahmed,pace,avg,balanced,152,30,57,2,5,0,0
500,10,middle,N Pooran,LHB,top,H Patel,pace,avg,balanced,152,36,62,2,17,0,1
500,11,middle,N Pooran,LHB,top,R Jadeja,spin,good,balanced,152,42,79,2,5,0,0
500,12,middle,N Pooran,LHB,top,J Bumrah,pace,elite,balanced,152,48,84,2,6,0,0
500,13,middle,N Pooran,LHB,top,A Rashid,spin,elite,balanced,152,54,90,2,8,0,0
500,14,middle,N Pooran,LHB,top,M Shami,pace,good,balanced,152,60,98,2,13,1,1
500,15,middle,H Pandya,RHB,solid,K Ahmed,pace,avg,balanced,152,0,111,3,9,0,0
500,16,death,H Pandya,RHB,solid,H Patel,pace,avg,balanced,152,6,120,3,9,1,0
500,17,death,D Padikkal,LHB,avg,R Jadeja,spin,good,balanced,152,0,129,4,12,0,1
500,18,death,D Padikkal,LHB,avg,J Bumrah,pace,elite,balanced,152,6,141,4,8,0,0
500,19,death,D Padikkal,LHB,avg,A Rashid,spin,elite,balanced,152,12,149,4,5,1,1
500,20,death,S Gill,RHB,solid,M Shami,pace,good,balanced,152,0,154,5,7,1,1
